-0.11414343118667603
-0.285787433385849
0.02666756510734558
-0.03847068175673485
0.008928078226745129
0.10041378438472748
0.14709314703941345
0.12773704528808594
0.1626894623041153
0.1550256609916687
-0.22158561646938324
0.11566857993602753
-0.10744937509298325
-0.049307022243738174
0.027804676443338394
0.10447291284799576
0.22352667152881622
-0.021391520276665688
0.08556551486253738
0.19392129778862
0.22773656249046326
-0.003913393709808588
0.06749182194471359
-0.214793398976326
-0.15682676434516907
0.04047175869345665
0.12953855097293854
-0.013245332054793835
-0.08869695663452148
0.02142924629151821
-0.10243386775255203
-0.230534628033638
0.15513016283512115
-0.18394748866558075
0.1725008338689804
-0.099601611495018
0.06936157494783401
0.261038601398468
0.009686040692031384
-0.22955770790576935
0.16052642464637756
-0.18373845517635345
0.1956493854522705
0.107240229845047
-0.06886914372444153
0.048116106539964676
0.1442621499300003
0.17841164767742157
-0.18258918821811676
-0.13159334659576416
0.1727277785539627
0.10813780128955841
0.2116759717464447
0.04400503262877464
0.20178155601024628
-0.2864204943180084
0.16913171112537384
0.14768600463867188
0.061987701803445816
0.0230000838637352
-0.06379656493663788
-0.19305117428302765
0.09562430530786514
-0.07166337966918945
0.13861343264579773
0.1131235882639885
0.019229209050536156
0.128671795129776
-0.192079097032547
-0.004706388805061579
0.0709993913769722
0.08088639378547668
0.12722879648208618
0.10657119005918503
0.017209025099873543
0.06816694140434265
0.133520245552063
-0.016306797042489052
-0.09509706497192383
-0.0120665542781353
-0.16914376616477966
0.05635766685009003
0.015635615214705467
-0.11360688507556915
0.033338140696287155
-0.02746351808309555
-0.08956269174814224
-0.06706997752189636
-0.17685042321681976
0.11872069537639618
0.15042586624622345
0.24273943901062012
0.1856345236301422
-0.22841888666152954
0.16595298051834106
-0.13619501888751984
0.06966202706098557
0.21607810258865356
-0.34376460313796997
-0.057915981858968735
-0.19647552073001862
0.14958849549293518
0.15389280021190643
0.051852624863386154
-0.015780305489897728
0.21047736704349518
0.008376844227313995
0.11048942804336548
0.16881677508354187
-0.18684040009975433
0.13728678226470947
-0.043103717267513275
-0.12914089858531952
-0.04378840699791908
0.0897127315402031
-0.06745272129774094
0.1439145803451538
-0.1280611753463745
0.11685792356729507
-0.04457329213619232
-0.16556666791439056
-0.19618353247642517
0.013323603197932243
-0.18807220458984375
-0.23490357398986816
-0.25680598616600037
0.028077714145183563
0.11936783045530319
-0.09048379957675934
0.04729016125202179
-0.04526548460125923
0.018009299412369728
-0.21747621893882751
0.04902591183781624
-0.1998877078294754
-0.004284386523067951
-0.1013394221663475
-0.049273569136857986
-0.16421103477478027
0.140914648771286
0.16528083384037018
-0.06010304391384125
0.02941977232694626
0.014853223226964474
-0.13898712396621704
-0.09345190972089767
0.2524811029434204
-0.21943539381027222
0.1300634890794754
-0.2049279361963272
-0.14278200268745422
0.036855414509773254
-0.1600789874792099
0.040852177888154984
-0.2014385461807251
-0.22060626745224
-0.0576457604765892
-0.022426705807447433
0.17945118248462677
0.026461811736226082
0.10051914304494858
0.03762362524867058
-0.19367767870426178
-0.10099107772111893
0.20145779848098755
-0.11995398253202438
0.18923790752887726
0.020013606175780296
-0.23084890842437744
-0.07688088715076447
0.2222929149866104
-0.1075073629617691
-0.18160754442214966
-0.16429179906845093
0.1294683814048767
0.1182282418012619
0.11924915760755539
-0.00937561597675085
-0.040592458099126816
-0.15137940645217896
-0.025195755064487457
-0.2274807095527649
-0.26371973752975464
-0.20723888278007507
0.08608121424913406
0.18845240771770477
-0.12250594794750214
0.09912122040987015
-0.05290934443473816
-0.1947031468153
-0.20762838423252106
-0.06924978643655777
0.12190760672092438
-0.06628280878067017
-0.14512716233730316
-0.21818038821220398
-0.11199674755334854
0.05011372268199921
-0.028028907254338264
-0.09132590144872665
-0.2500194013118744
-0.13206692039966583
-0.13376155495643616
-0.12544265389442444
-0.16231344640254974
0.2008395493030548
0.19902998208999634
-0.16360889375209808
0.034409306943416595
0.06427046656608582
-0.03567536547780037
-0.015650739893317223
0.0898376926779747
-0.191324844956398
-0.2176675647497177
0.04740281030535698
-0.07805502414703369
-0.1503201425075531
0.13366730511188507
0.1552126258611679
0.11510255932807922
-0.0705079585313797
-0.20783883333206177
-0.06416245549917221
-0.16004052758216858
-0.10241257399320602
0.07717932015657425
0.08017090708017349
0.11179564148187637
0.2433309555053711
-0.21118834614753723
-0.1874462068080902
-0.006280241534113884
-0.0025842294562608004
-0.06756749004125595
0.09419815987348557
0.08326316624879837
0.007051436230540276
0.13441039621829987
0.004149057902395725
-0.12018241733312607
0.07130210101604462
0.20748542249202728
-0.15083318948745728
-0.11795768141746521
0.12418550997972488
-0.02832583338022232
0.12139055877923965
-0.00974823534488678
0.010260773822665215
0.23628702759742737
-0.17521703243255615
-0.15480555593967438
-0.1404540091753006
-0.2256767749786377
-0.22301411628723145
0.007969982922077179
-0.029919298365712166
-0.04568514600396156
0.1639844924211502
0.21664993464946747
-0.19739922881126404
0.1301375925540924
-0.13524019718170166
-0.17925621569156647
-0.04636272415518761
0.18283715844154358
0.05719977617263794
-0.21234877407550812
0.01377611979842186
0.03916426748037338
-0.418621301651001
0.0975700095295906
0.06193070858716965
0.02815498597919941
-0.15548790991306305
-0.012273591011762619
0.05751902610063553
0.0568869411945343
0.16385550796985626
0.09631159156560898
-0.2555966079235077
-0.14214164018630981
0.10848184674978256
0.005095522850751877
-0.007129966747015715
-0.20082055032253265
0.01698710210621357
0.18640850484371185
-0.05394358932971954
0.20703060925006866
-0.1863989681005478
-0.13690568506717682
-0.20455196499824524
-0.09503704309463501
0.1563265174627304
-0.02272014692425728
-0.2164050191640854
0.02322668954730034
0.10768859833478928
-0.098438560962677
-0.019555676728487015
-0.10416978597640991
0.12371672689914703
0.13349783420562744
-0.07818355411291122
-0.22698494791984558
-0.11713474988937378
0.1584787666797638
0.1889525204896927
-0.17245323956012726
0.10296106338500977
0.060245681554079056
0.11654122918844223
0.007436015643179417
-0.1438319981098175
0.17574471235275269
0.14404867589473724
-0.1381651908159256
-0.006110306829214096
0.08149600028991699
0.1945398449897766
-0.2058820128440857
0.08534620702266693
-0.024209218099713326
0.21037566661834717
-0.12883421778678894
0.032114092260599136
0.12437552213668823
-0.13316820561885834
0.13853062689304352
-0.1462513953447342
-0.13061365485191345
0.1760810911655426
0.17287278175354004
-0.0862879604101181
0.0663502886891365
0.05588706210255623
-0.023267272859811783
-0.015941716730594635
-0.19171899557113647
-0.24937236309051514
-0.14071309566497803
0.030570337548851967
-0.14368928968906403
0.0749395415186882
-0.174114391207695
0.1178334653377533
-0.014061101712286472
0.031043844297528267
0.09670434147119522
-0.0794510617852211
0.025497259572148323
0.12557314336299896
0.025756847113370895
-0.056201569736003876
0.11138466000556946
0.015598075464367867
-0.14428399503231049
0.019569629803299904
0.00841003842651844
0.10378794372081757
0.22358597815036774
0.16688549518585205
0.2004387229681015
0.13014326989650726
0.09923579543828964
-0.004010883625596762
-0.03357695788145065
-0.1109793558716774
-0.002633935771882534
0.1832895576953888
-0.04230932518839836
-0.1815042942762375
0.18322479724884033
0.0012947666691616178
0.16769419610500336
-0.021809715777635574
0.14898835122585297
-0.35896632075309753
-0.09530013054609299
0.10867596417665482
-0.037081170827150345
-0.03520384058356285
0.11159013956785202
0.009149427525699139
0.030506236478686333
-0.07636042684316635
0.20308934152126312
0.06710322946310043
0.04694576933979988
-0.10166162997484207
-0.08264178037643433
0.09334813803434372
-0.05852529779076576
-0.22034677863121033
-0.12617117166519165
-0.0029921000823378563
-0.04927181452512741
0.12142353504896164
-0.1692623496055603
0.19690155982971191
-0.14851896464824677
-0.022763708606362343
-0.11342012882232666
-0.02445785328745842
-0.23853740096092224
-0.07877536863088608
-0.13972610235214233
0.10072105377912521
-0.14159972965717316
0.009695501998066902
0.03990783542394638
-0.05952950194478035
-0.2532055675983429
0.20601722598075867
-0.2762835621833801
0.019077664241194725
0.18018409609794617
-0.1444801390171051
0.13174746930599213
0.2626570463180542
0.24732539057731628
0.1113101989030838
0.18397296965122223
0.19120293855667114
-0.03510977700352669
-0.005082826130092144
-0.12897427380084991
0.13157838582992554
0.16689519584178925
0.06940785050392151
-0.14196589589118958
-0.1351117342710495
0.06068548932671547
-0.16649682819843292
-0.10972414165735245
0.08937902003526688
-0.0897965058684349
-0.2106955647468567
0.22193962335586548
0.09375111013650894
-0.03387513384222984
-0.008482299745082855
0.009393459185957909
0.10647805035114288
-0.0694698914885521
-0.060158535838127136
0.030460599809885025
-0.1667306274175644
0.03625248372554779
0.08841905742883682
-0.11772201955318451
-0.11084987968206406
0.1504700481891632
0.21030426025390625
-0.04804077371954918
-0.1070956289768219
0.0031460465397685766
0.06366986036300659
-0.19835004210472107
0.060398977249860764
-0.2112027406692505
0.15822775661945343
-0.12552443146705627
-0.030039528384804726
0.1780640184879303
0.026860762387514114
0.025356434285640717
0.15533065795898438
-0.1264210045337677
0.10187853872776031
0.005685597192496061
-0.05703067034482956
-0.1076948419213295
0.13879872858524323
0.030782563611865044
-0.167811781167984
0.13682547211647034
0.06705840677022934
0.2689064145088196
0.23419295251369476
-0.030162999406456947
-0.23845848441123962
0.03355176001787186
0.007665306329727173
-0.17013593018054962
-0.1281728446483612
-0.2359088957309723
-0.07833358645439148
-0.23692312836647034
-0.1936650425195694
-0.14762653410434723
-0.1677352339029312
0.08426710963249207
-0.176798477768898
0.015887051820755005
-0.043165527284145355
-0.19916664063930511
-0.13143154978752136
-0.06137966737151146
0.0366654247045517
0.056681305170059204
0.09362975507974625
0.1935630589723587
-0.14403706789016724
-0.10799627006053925
0.2317270040512085
0.06285257637500763
0.1988406777381897
-0.18311838805675507
-0.06335745751857758
0.032082680612802505
0.1963977962732315
0.11835075169801712
-0.22699500620365143
-0.17339500784873962
-0.15538203716278076
0.17143532633781433
-0.2260785698890686
-0.02935505099594593
-0.05098772794008255
-0.13705681264400482
-0.11938653886318207
-0.06909102946519852
-0.03597772493958473
0.15139658749103546
-0.17065207660198212
-0.03912173584103584
0.036169905215501785
-0.06774886697530746
-0.08086632937192917
-0.20452134311199188
0.17799481749534607
-0.1429315209388733
0.1646297425031662
-0.12159690260887146
0.0491846427321434
0.1992516815662384
0.006156249437481165
0.08035729080438614
-0.4131670594215393
0.1603475958108902
0.2678306996822357
0.028505414724349976
0.15788808465003967
-0.1291317343711853
-0.1788400560617447
0.2450360208749771
0.24280492961406708
-0.11634159088134766
0.15360060334205627
0.15724779665470123
0.22091446816921234
0.05097105726599693
0.12947982549667358
0.054871127009391785
0.130694180727005
-0.043669577687978745
-0.029294569045305252
-0.2727474570274353
-0.2112903892993927
0.07425234466791153
-0.2899308204650879
0.028955742716789246
0.09505809098482132
0.001297361683100462
-0.2797984182834625
-0.26568350195884705
0.050047945231199265
0.10254810750484467
0.25005078315734863
-0.13521866500377655
-0.03436695411801338
0.05584787204861641
0.08152229338884354
0.13997872173786163
-0.12026169151067734
-0.15760886669158936
-0.30862295627593994
0.14652201533317566
-0.1661011278629303
0.13103759288787842
-0.14878857135772705
-0.08116356283426285
-0.271779328584671
0.18327240645885468
0.03367670625448227
-0.1210334524512291
0.10380712896585464
-0.22228063642978668
-0.19677816331386566
-0.1089787557721138
0.1059940904378891
-0.18614859879016876
-0.16717098653316498
-0.1367771178483963
-0.09381261467933655
0.0024172000121325254
0.1277942806482315
0.19093549251556396
0.1549319475889206
0.10191366076469421
0.09769061952829361
-0.2532576024532318
-0.21412010490894318
0.05633525922894478
0.12325076013803482
0.07928537577390671
-0.03200411796569824
0.055829331278800964
0.02971048466861248
-0.11729153990745544
0.1381722092628479
-0.03425844386219978
0.1574239730834961
0.004377782344818115
-0.02003440074622631
0.1308032125234604
-0.19251304864883423
-0.18276658654212952
-0.13848432898521423
-0.05010063946247101
0.10467440634965897
-0.18778039515018463
-0.1988527625799179
0.18586097657680511
0.06728053092956543
0.13993705809116364
-0.031649716198444366
-0.10307508707046509
0.09824120253324509
-0.12646354734897614
0.01962350122630596
0.05793200805783272
0.007920408621430397
-0.24763555824756622
-0.03548755496740341
0.017233742401003838
-0.0706310123205185
0.1769997477531433
-0.03373368829488754
0.09291025996208191
0.21670204401016235
-0.21218828856945038
-0.1462966650724411
-0.19302265346050262
0.02274400182068348
-0.16331535577774048
0.13177791237831116
0.19022510945796967
-0.14044608175754547
-0.03497961163520813
-0.15577399730682373
-0.05772753059864044
-0.25955164432525635
-0.07983256876468658
0.015246081165969372
-0.1883051097393036
-0.23617364466190338
-0.24543823301792145
0.2165636569261551
0.1010049507021904
-0.1773807257413864
0.05687301233410835
-0.016978617757558823
0.1068505123257637
0.22035649418830872
-0.041506052017211914
0.12229317426681519
0.036553557962179184
0.1093757152557373
0.017219875007867813
0.17481940984725952
0.19439129531383514
0.03596648573875427
-0.11399644613265991
-0.2069224715232849
0.1303303837776184
0.1503041386604309
-0.2284504622220993
0.13504362106323242
-0.03562178090214729
-0.11961036175489426
-0.05441417917609215
0.15925724804401398
0.009555265307426453
0.20372477173805237
0.06763380020856857
-0.09309203177690506
0.012491671368479729
-0.14439861476421356
-0.23484674096107483
0.08617351204156876
-0.054132841527462006
-0.08769485354423523
0.09902192652225494
0.1475389003753662
0.11358475685119629
0.032189078629016876
0.045372456312179565
0.014726797118782997
0.05195917189121246
-0.3596811592578888
0.04384414479136467
0.22357209026813507
0.1733233630657196
0.17561163008213043
-0.0029183009173721075
0.017865095287561417
0.12032978236675262
0.024515099823474884
0.19692982733249664
-0.18538285791873932
0.07064057141542435
0.10606256872415543
0.07235688716173172
-0.2490699738264084
-0.24618005752563477
-0.051446061581373215
0.07624097168445587
0.14457538723945618
-0.19514282047748566
0.15401841700077057
-0.08232057094573975
0.10749036073684692
0.046839114278554916
-0.07495415955781937
-0.22738662362098694
-0.24013841152191162
-0.15422123670578003
-0.15595605969429016
-0.10290414094924927
-0.04065937548875809
-0.02290637232363224
0.031461119651794434
0.03855253383517265
-0.19783633947372437
-0.10690197348594666
-0.12511013448238373
-0.1554364114999771
0.10623655468225479
0.10148485749959946
0.04912233725190163
0.0855698361992836
0.1902211606502533
-0.06277435272932053
-0.003433101810514927
-0.029029052704572678
-0.11509966850280762
0.13115964829921722
0.09920450299978256
0.026162849739193916
0.08946434408426285
-0.21345168352127075
0.05355668440461159
0.017394518479704857
0.19137461483478546
0.16828717291355133
0.2117704451084137
-0.0038269245997071266
0.23511219024658203
0.06091367453336716
0.04776877909898758
0.23275145888328552
0.08157192170619965
-0.19335053861141205
0.13689059019088745
-0.1559724658727646
0.06875966489315033
-0.24165794253349304
0.10003750771284103
0.02348139137029648
-0.19731444120407104
0.14820002019405365
0.07181099057197571
-0.0013880050973966718
0.08719100058078766
0.06235453858971596
0.1388929784297943
0.17798787355422974
0.1496332734823227
0.20275504887104034
0.16756407916545868
0.15823130309581757
-0.040503114461898804
-0.04238514602184296
0.14718008041381836
-0.20058852434158325
0.04925268515944481
0.08813396096229553
-0.10832558572292328
0.01342147309333086
0.03571191430091858
-0.01058148592710495
-0.20885105431079865
-0.10052266716957092
0.16493073105812073
0.09284231811761856
0.05055178329348564
0.23322917520999908
0.1589406430721283
-0.08507100492715836
-0.16457772254943848
0.04115225374698639
-0.050239164382219315
0.188120037317276
0.012107454240322113
0.10467925667762756
0.04739132151007652
0.13806001842021942
-0.047613196074962616
0.17566744983196259
-0.0009107851074077189
-0.11277656257152557
0.08431924134492874
-0.17581912875175476
-0.024947773665189743
-0.043651413172483444
0.06610247492790222
0.1106160581111908
0.07968123257160187
-0.18794281780719757
-0.05156279727816582
0.13194891810417175
-0.16800415515899658
0.16232194006443024
0.13413886725902557
-0.19838088750839233
-0.09635212272405624
-0.12092521786689758
-0.021956808865070343
0.16067300736904144
-0.19578075408935547
0.1429588496685028
0.03050731122493744
0.11911791563034058
-0.08127230405807495
-0.1233491450548172
-0.10080155730247498
-0.2015359252691269
-0.10085923969745636
-0.17012213170528412
-0.026558252051472664
-0.07548857480287552
0.04164514318108559
-0.03972538188099861
0.14152739942073822
0.01600751467049122
0.06648346036672592
-0.015903502702713013
-0.18882769346237183
0.11103363335132599
0.14670422673225403
0.15560370683670044
-0.10190736502408981
0.18007417023181915
-0.09089440852403641
0.05072722211480141
-0.12927129864692688
0.15786483883857727
-0.18666917085647583
-0.13846832513809204
-0.025697557255625725
-0.18967056274414062
0.24384436011314392
-0.10078344494104385
0.006352277006953955
0.167937770485878
-0.16613607108592987
-0.1223815307021141
0.13764411211013794
0.08276590704917908
-0.1534533053636551
-0.0651148185133934
0.18773534893989563
0.08529435098171234
-0.09252820909023285
-0.09285874664783478
0.13517145812511444
0.042155101895332336
0.11252022534608841
-0.10969258844852448
0.21402111649513245
-0.010156452655792236
-0.09892091155052185
-0.1895175725221634
0.21262773871421814
0.07873845845460892
0.08733852952718735
0.006917163264006376
-0.10359436273574829
-0.16817866265773773
0.06420403718948364
-0.20798569917678833
-5.220354069024324e-06
-0.10817743837833405
-0.05295722931623459
0.055457450449466705
-0.21533964574337006
-0.16253821551799774
0.09071709960699081
0.07860147953033447
-0.08247313648462296
-0.07103084027767181
0.05056466907262802
0.21356134116649628
-0.20212216675281525
0.08229795843362808
0.07550280541181564
0.08443718403577805
-0.06774772703647614
0.16556458175182343
-0.16993409395217896
0.08621485531330109
0.1370599865913391
0.012183155864477158
0.06476283073425293
0.12121929973363876
-0.08221279084682465
-0.1669764220714569
-0.19089841842651367
0.1464082896709442
-0.24717186391353607
-0.09712915122509003
0.1343516707420349
-0.12151991575956345
-0.0727713331580162
0.04656125605106354
-0.16570261120796204
0.06468619406223297
0.1248088851571083
0.015173107385635376
-0.14227597415447235
-0.03466321900486946
0.004864316433668137
-0.06981553882360458
0.23030336201190948
0.2040339708328247
-0.04619744047522545
0.12122499942779541
-0.1316864937543869
0.011966469697654247
-0.06521685421466827
0.1293240487575531
0.0723322331905365
-0.001986645394936204
0.0962383821606636
-0.07040437310934067
-0.003195940749719739
0.24731923639774323
-0.10787858814001083
-0.10226282477378845
0.0534447506070137
0.01809833198785782
0.009368748404085636
0.175802081823349
-0.014231275767087936
0.0353584960103035
0.17631757259368896
-0.020827027037739754
-0.14841951429843903
-0.15794451534748077
0.07496117800474167
0.20122215151786804
-0.06303390860557556
0.09936724603176117
0.009790048934519291
0.10316246747970581
-0.0978333055973053
0.08639843761920929
-0.03939426690340042
-0.000397199735743925
-0.15900295972824097
0.14063511788845062
0.08086107671260834
0.11579323559999466
-0.16860240697860718
-0.05317014083266258
0.11880835890769958
0.1541043221950531
0.16733472049236298
0.005185504909604788
-0.04973927140235901
0.020828727632761
0.2350454181432724
0.13727040588855743
0.013080702163279057
-0.01927664317190647
0.18596558272838593
0.11911337077617645
-0.09294847398996353
-0.11230411380529404
-0.020074157044291496
0.20611435174942017
0.17352412641048431
-0.04895669221878052
-0.18048125505447388
-0.08350128680467606
-0.0708361268043518
-0.09656378626823425
0.14568594098091125
0.05683993175625801
-0.1872851699590683
-0.18411333858966827
0.1848420649766922
0.12408799678087234
0.12056156992912292
-0.16276295483112335
-0.20979095995426178
0.1605433076620102
-0.1528475284576416
-0.19078567624092102
-0.18766985833644867
0.04016172140836716
0.18181011080741882
-0.041604071855545044
-0.08210071176290512
0.09872480481863022
-0.05117916315793991
0.049376461654901505
0.16350576281547546
-0.09930471330881119
0.11646483838558197
0.0023202234879136086
-0.008079567924141884
0.01149800792336464
-0.21781037747859955
-0.006948795635253191
-0.11291858553886414
-0.1593332290649414
0.1512654572725296
0.16721071302890778
0.03811497241258621
0.11168240010738373
0.0015775008359923959
0.01110227033495903
-0.18488162755966187
0.13278838992118835
-0.01531711034476757
-0.25040459632873535
-0.11299627274274826
-0.1798786073923111
0.09386865794658661
-0.14612361788749695
-0.13505485653877258
-0.011255002580583096
-0.058337900787591934
0.0901944488286972
-0.15407885611057281
0.05201680213212967
0.07537498325109482
-0.07560611516237259
0.18509623408317566
0.1140073612332344
-0.1705029308795929
0.009579307399690151
-0.11900252103805542
0.04570693522691727
0.047344598919153214
-0.01833418942987919
-0.1465306133031845
-0.2150679975748062
0.18756768107414246
0.10969725996255875
-0.004505101125687361
-0.08410182595252991
-0.052618350833654404
-0.2412252128124237
-0.038222167640924454
-0.16141000390052795
-0.05556511878967285
-0.12187211960554123
-0.12801414728164673
-0.037276364862918854
0.1709865778684616
-0.04803398251533508
-0.046436041593551636
-0.22644542157649994
0.0558469295501709
0.15427640080451965
-0.42925477027893066
-0.014235085807740688
-0.10816505551338196
-0.2113667130470276
-0.017242904752492905
-0.14172475039958954
-0.10822511464357376
-0.029694555327296257
0.21107226610183716
0.11909770965576172
-0.039595454931259155
0.07041355222463608
-0.2957230508327484
-0.18720780313014984
0.04470106214284897
0.011610494926571846
-0.24579641222953796
0.18340712785720825
-0.029353521764278412
-0.09782817214727402
0.010768149048089981
-0.1456930786371231
0.09348516166210175
0.04956124350428581
0.059275947511196136
0.04615690931677818
-0.2898869514465332
0.04171174019575119
-0.03071252629160881
-0.020704101771116257
0.2572323679924011
0.08346210420131683
0.015377861447632313
-0.12936080992221832
-0.3130037486553192
0.09654008597135544
0.2108457088470459
-0.0409865528345108
-0.27918994426727295
-0.14399342238903046
-0.09224967658519745
-0.052260417491197586
-0.020569851621985435
0.14447583258152008
-0.1774068921804428
0.023289497941732407
0.18436475098133087
0.0517532117664814
0.1833287626504898
-0.049505289644002914
0.13114139437675476
0.06597893685102463
0.1347619891166687
0.06541763991117477
0.110395148396492
0.05640384182333946
0.03386519104242325
0.02794879488646984
-0.08460050076246262
0.25961872935295105
0.12266233563423157
0.16952084004878998
-0.1760428100824356
0.11979717761278152
-0.12909646332263947
-0.09154311567544937
0.017590748146176338
-0.14776135981082916
0.06295585632324219
0.09147486835718155
0.1364002823829651
0.072702556848526
-0.026676712557673454
0.07908336073160172
-0.1136414110660553
-0.1337595283985138
-0.15066619217395782
-0.12129861861467361
-0.2009807825088501
0.1326274424791336
-0.2281024158000946
0.03030875325202942
0.07411707192659378
0.14039036631584167
0.08151820302009583
-0.08595509827136993
0.03309541568160057
0.011912964284420013
-0.1574636548757553
0.003297375049442053
-0.11532020568847656
0.14280401170253754
-0.18251344561576843
0.11397218704223633
-0.023025434464216232
-0.08209913223981857
0.2111734002828598
0.13446871936321259
0.013717525638639927
-0.04871569201350212
-0.1311146765947342
-0.213541179895401
-0.06463384628295898
0.019990578293800354
0.15692709386348724
0.1654212474822998
0.0053766691125929356
0.1488899141550064
0.216732919216156
-0.08536446839570999
0.020033719018101692
0.2292766124010086
-0.19297242164611816
0.04226990044116974
0.055945102125406265
-0.04729180410504341
0.01920406147837639
0.0637320727109909
0.0398138053715229
0.2180461585521698
-0.12564077973365784
0.08975117653608322
0.09856177866458893
-0.02191021479666233
-0.1504366397857666
-0.02218577452003956
0.14571823179721832
-0.05209136754274368
0.04488268122076988
0.17267274856567383
0.09988822042942047
0.03348812460899353
0.062159840017557144
-0.07732734084129333
0.027682771906256676
0.05976570397615433
-0.04361773282289505
-0.0972696915268898
-0.2320237010717392
0.21115738153457642
-0.17427663505077362
0.10580014437437057
-0.2042233794927597
-0.1873042732477188
-0.10548277199268341
0.09263679385185242
-0.04863153025507927
-0.06367474049329758
-0.18891389667987823
0.05894279479980469
0.08600063621997833
0.2038264125585556
-0.14028583467006683
0.12596343457698822
-0.05725108087062836
-0.06964324414730072
-0.0013208885211497545
0.04179363325238228
0.14959818124771118
0.13195066154003143
0.013470180332660675
0.10944651812314987
0.10589925199747086
-0.04181978479027748
-0.10865815728902817
0.02416285313665867
0.07014691829681396
-0.04887157306075096
0.1484343707561493
-0.26517346501350403
-0.18888777494430542
-0.243366077542305
0.12025491148233414
-0.15065167844295502
-0.16664214432239532
0.06478629261255264
-0.04551967978477478
-0.13403025269508362
-0.05858471989631653
0.0893338993191719
-0.2302130162715912
0.1870727837085724
-0.08865740895271301
0.015022116713225842
-0.01734657771885395
-0.07052701711654663
-0.11302031576633453
0.040093377232551575
0.1834929883480072
-0.09946203231811523
-0.019230099394917488
0.17134027183055878
0.09313028305768967
-0.06023162975907326
-0.11058051139116287
0.13880841434001923
0.1674271672964096
0.18270480632781982
-0.07422201335430145
-0.018678516149520874
0.13010945916175842
0.1872110217809677
-0.0857764482498169
0.19917142391204834
-0.08422215282917023
-0.12856441736221313
-0.06080406531691551
-0.059450890868902206
-0.2111520916223526
-0.016273044049739838
0.0074764033779501915
0.029856229200959206
-0.15141092240810394
0.12978334724903107
0.012963042594492435
-0.03970073163509369
-0.2091614007949829
-0.04454147070646286
0.20624291896820068
-0.07581344246864319
0.15346841514110565
-0.21628253161907196
-0.01853797398507595
-0.09963899105787277
0.04947800189256668
0.07390855997800827
-0.13182425498962402
0.027607213705778122
-0.026731107383966446
-0.08744573593139648
-0.08403915166854858
0.038961261510849
-0.14164455235004425
0.0027649044059216976
-0.10269986093044281
-0.049495842307806015
0.11541124433279037
-0.016472559422254562
-0.053320083767175674
0.023260226473212242
-0.12152928858995438
-0.19226135313510895
0.012115640565752983
0.09730362147092819
-0.12720930576324463
-0.17186865210533142
0.07062765955924988
0.1902744323015213
0.027728617191314697
0.012971295043826103
-0.04094806686043739
0.16682836413383484
-0.03825997933745384
-0.02769998274743557
0.0586848221719265
0.09493785351514816
0.04236515238881111
-0.09690818190574646
-0.1015394926071167
0.1075512245297432
0.033184964209795
0.09288998693227768
-0.15587344765663147
-0.029388489201664925
-0.007812098599970341
-0.08074703067541122
-0.12378210574388504
0.023275569081306458
-0.021402260288596153
0.13843987882137299
0.3337744474411011
0.18299925327301025
-0.13519929349422455
0.0533624142408371
-0.02665838412940502
0.10509885847568512
0.1610187441110611
-0.15318220853805542
-0.2035340815782547
0.18327757716178894
0.1393195390701294
0.11553511768579483
0.10519953817129135
-0.03288673609495163
0.05062355473637581
-0.06863367557525635
0.017067663371562958
-0.21916772425174713
0.0786060094833374
-0.22023604810237885
0.14104363322257996
0.17772625386714935
-0.24661874771118164
0.09928551316261292
0.07130216807126999
-0.07387219369411469
-0.11775451898574829
-0.19612272083759308
0.0781487375497818
0.02319960482418537
0.06277862191200256
0.048906367272138596
-0.03078477270901203
-0.13503716886043549
0.09357350319623947
0.02104443684220314
-0.014303145930171013
-0.13142257928848267
0.011321780271828175
0.04561778903007507
0.11768750846385956
0.17942561209201813
-0.16928453743457794
0.15548112988471985
0.07405735552310944
0.029859066009521484
-0.18858201801776886
0.13020041584968567
0.1450890153646469
-0.10182037949562073
0.1845804750919342
0.18826910853385925
0.050207287073135376
-0.22840045392513275
-0.12959551811218262
-0.0868556872010231
-0.05801020935177803
-0.12391455471515656
0.1755034327507019
-0.06517564505338669
-0.23605632781982422
-0.06589753180742264
0.05967096611857414
-0.06822427362203598
0.02251099795103073
-0.055419400334358215
-0.1288880556821823
0.056557878851890564
-0.13466715812683105
0.09079406410455704
-0.1530039757490158
0.20142577588558197
-0.009135040454566479
0.044862598180770874
-0.15137271583080292
0.17788425087928772
0.07322578132152557
-0.1516796052455902
-0.14147250354290009
-0.16921567916870117
0.1924908459186554
0.16293367743492126
-0.15867416560649872
0.14665862917900085
-0.10801663994789124
0.08851104974746704
0.07272608578205109
-0.09194716811180115
0.031001970171928406
-0.13439154624938965
-0.07985655963420868
0.09828954190015793
0.25666895508766174
-0.10542755573987961
-0.014009508304297924
0.22446519136428833
0.0008896947838366032
-0.17052513360977173
0.18661318719387054
-0.04477712884545326
-0.20439481735229492
0.13703130185604095
-0.12711715698242188
0.08160760253667831
-0.18265412747859955
0.05922672897577286
-0.028331656008958817
0.1514914631843567
-0.10526435077190399
-0.011303417384624481
0.21552102267742157
0.08007186651229858
0.14068762958049774
-0.2040313333272934
-0.18694527447223663
0.1777428239583969
-0.07360170781612396
0.047385074198246
0.10287170857191086
0.015585948713123798
0.06888663023710251
-0.08536598831415176
-0.21890783309936523
-0.08297307789325714
-0.12561888992786407
0.19449825584888458
0.168654665350914
-0.02075570821762085
0.19281917810440063
-0.05846098065376282
0.026888849213719368
0.07312098890542984
0.21903842687606812
0.20261815190315247
-0.1727140098810196
0.05546415224671364
0.08601169288158417
-0.19915620982646942
-0.19662155210971832
-0.10089629888534546
0.07386032491922379
-0.20028673112392426
-0.07530493289232254
0.12804414331912994
-0.07018886506557465
-0.21830183267593384
0.12472076714038849
-0.21776077151298523
0.08591554313898087
0.024583959951996803
0.12817242741584778
0.018425360321998596
-0.07549847662448883
0.061909694224596024
0.09590552002191544
0.11307509988546371
0.20647278428077698
0.01237126812338829
0.01595699042081833
0.017402613535523415
0.032724130898714066
-0.0153579730540514
-0.07540497928857803
0.11239577829837799
0.08931639790534973
0.07881490886211395
-0.1524665653705597
0.06261745095252991
-0.20326033234596252
-0.11898726224899292
-0.04747369885444641
0.2537381649017334
-0.1638955920934677
0.10053161531686783
-0.11848486959934235
-0.15605133771896362
-0.13603556156158447
0.1753011792898178
0.0930619016289711
-0.046042561531066895
-0.08959832787513733
0.1934899240732193
-0.11268880218267441
0.05769351124763489
-0.06510214507579803
-0.21492630243301392
0.22211457788944244
0.07817929983139038
-0.045808710157871246
0.0971774235367775
-0.007405707146972418
0.25040435791015625
0.07709380239248276
-0.16528718173503876
-0.005574523005634546
0.2242109179496765
-0.17175236344337463
0.10276602953672409
0.20221461355686188
0.08571352064609528
-0.2107301652431488
0.12760841846466064
0.22011706233024597
0.17794272303581238
-0.14031019806861877
0.00019118771888315678
-0.20484337210655212
0.041672032326459885
0.03675539419054985
-0.025009049102663994
0.2254182994365692
0.029594724997878075
0.186540886759758
-0.05297015979886055
0.010526016354560852
0.13586099445819855
0.37439173460006714
-0.21139787137508392
-0.1740674078464508
0.021584253758192062
-0.23521268367767334
-0.1317507028579712
-0.0920761302113533
0.11107426881790161
0.01413796003907919
0.041403159499168396
-0.174602672457695
0.13916708528995514
0.04155977815389633
0.1950770914554596
-0.1642695963382721
-0.023184752091765404
-0.20210568606853485
-0.1972997933626175
0.01238317508250475
0.21208436787128448
-0.13084101676940918
0.13918939232826233
0.12585371732711792
-0.08608177304267883
-0.09184875339269638
-0.1238788366317749
-0.22690393030643463
0.020464027300477028
-0.08067233860492706
-0.15650825202465057
0.11226727068424225
-0.049745772033929825
0.13456188142299652
-0.12754188477993011
-0.15655988454818726
-0.14252212643623352
0.14069826900959015
-0.10381056368350983
0.07319917529821396
-0.0009603723883628845
-0.046941839158535004
0.01367771252989769
-0.06140439584851265
-0.15019665658473969
-0.08163266628980637
0.23442164063453674
-0.1176343709230423
-0.14096325635910034
0.11632145941257477
0.1417597234249115
0.12248501926660538
0.12376683205366135
0.02751036360859871
-0.14831538498401642
-0.09133069217205048
-0.15068799257278442
0.013566609472036362
-0.03275196626782417
-0.19153931736946106
-0.14403265714645386
-0.1538301557302475
-0.15800444781780243
0.0034486849326640368
0.07004991173744202
-0.0808635801076889
0.11161017417907715
-0.06289000809192657
0.015292984433472157
-0.17084933817386627
0.20280136168003082
-0.19878579676151276
-0.09435564279556274
0.17395944893360138
0.0009196620667353272
-0.12731526792049408
0.12123533338308334
0.09241501241922379
0.008247400633990765
0.17051853239536285
-0.07695357501506805
-0.22618114948272705
0.20390695333480835
0.130403071641922
-0.25647029280662537
-0.12203668802976608
0.15501709282398224
-0.07522651553153992
-0.0206685159355402
-0.22207403182983398
-0.14623327553272247
0.21251462399959564
0.13116849958896637
0.05158675089478493
-0.20622484385967255
0.16785340011119843
-0.0976237952709198
-0.06071599945425987
-0.15103772282600403
-0.14137499034404755
0.212411567568779
0.013999952003359795
0.2450445294380188
-0.18598730862140656
0.14556391537189484
0.22563570737838745
-0.05900324136018753
0.02765638381242752
0.01252792589366436
0.09678751230239868
-0.11850060522556305
0.12838484346866608
0.010491976514458656
0.09946075081825256
-0.049409009516239166
0.1514092981815338
0.1605159491300583
0.18988434970378876
0.1352994441986084
0.21687127649784088
0.18877892196178436
0.17713545262813568
-0.005632027052342892
0.14024969935417175
-0.1652616560459137
0.10248518735170364
0.10415869206190109
-0.1444707214832306
0.0890982374548912
-0.089052215218544
0.041765227913856506
-0.06838428229093552
-0.008165604434907436
-0.07053109258413315
-0.19972971081733704
-0.11617695540189743
0.18524833023548126
-0.024658117443323135
0.17106536030769348
-0.16886022686958313
-0.19432289898395538
0.11462001502513885
0.07506807148456573
0.048940930515527725
-0.1499064415693283
0.14839769899845123
-0.13366898894309998
-0.10699205845594406
-0.2406701296567917
0.1967301070690155
0.18119966983795166
-0.19752874970436096
-0.10306260734796524
0.2687823474407196
-0.21172958612442017
0.1647689789533615
-0.03549717739224434
0.09325309842824936
0.031936176121234894
0.18211208283901215
-0.0104830926284194
-0.020958300679922104
-0.08111165463924408
-0.13009242713451385
0.011422337964177132
0.018008410930633545
0.16542242467403412
0.14426180720329285
-0.02589469775557518
-0.08583223819732666
0.14497588574886322
0.1557854413986206
-0.010895700193941593
-0.20295476913452148
0.14834123849868774
-0.2317044883966446
-0.1466260552406311
-0.21186180412769318
-0.11081904917955399
0.0989084392786026
0.17567332088947296
-0.050938740372657776
-0.09278187155723572
-0.15150995552539825
0.03872910514473915
0.10671193897724152
-0.15018387138843536
0.12324880808591843
-0.19281788170337677
0.1062057614326477
0.12087756395339966
0.07316762208938599
0.19636927545070648
0.01467648521065712
0.19341067969799042
-0.2521551549434662
-0.03651970252394676
0.06541821360588074
0.182094007730484
-0.18565961718559265
-0.08348898589611053
-0.023199448361992836
-0.06982618570327759
-0.14006470143795013
-0.13111349940299988
0.20113666355609894
0.2538076341152191
-0.062453363090753555
0.06555827707052231
0.10667818784713745
0.12252648174762726
-0.09226672351360321
0.18531805276870728
-0.06304182857275009
-0.1859532594680786
0.03233815357089043
0.17926983535289764
0.09486744552850723
-0.14521999657154083
-0.15920934081077576
-0.1119253933429718
0.08156537264585495
-0.2416611760854721
-0.238102987408638
0.12311216443777084
-0.1534358263015747
-0.09428885579109192
-0.03501034900546074
-0.17726004123687744
-0.017034003511071205
0.09504018723964691
-0.07884956896305084
-0.18197117745876312
-0.15612761676311493
-0.16446532309055328
-0.05839693918824196
-0.13997262716293335
0.18922047317028046
-0.058346010744571686
-0.07913630455732346
-0.13620758056640625
-0.003782023908570409
0.2115796059370041
0.1957869529724121
0.004375611897557974
0.179581418633461
-0.21442267298698425
-0.07848669588565826
-0.11477740854024887
0.07736127823591232
0.180440753698349
0.22327806055545807
-0.05463777482509613
0.10482919961214066
-0.07212067395448685
-0.01394697092473507
-0.140720397233963
0.18331407010555267
0.20587924122810364
0.2199316769838333
-0.061175864189863205
-0.1647731065750122
0.11068375408649445
0.02401909977197647
0.15098689496517181
0.09925010055303574
-0.11582662910223007
-0.20579421520233154
-0.010007111355662346
0.015798388049006462
0.07606226950883865
-0.3672470152378082
-0.14277642965316772
0.1487276554107666
0.16802342236042023
0.18062007427215576
-0.00884473230689764
-0.21970757842063904
0.12467104196548462
0.23916970193386078
0.0461479052901268
0.10378549247980118
0.0309518501162529
-0.21138902008533478
0.031516946852207184
0.1780070811510086
-0.12420131266117096
0.08451896160840988
-0.10420791804790497
-0.26722145080566406
0.044806547462940216
0.12600623071193695
0.023760072886943817
-0.26459357142448425
-0.15886834263801575
0.05566209927201271
0.05304933339357376
0.033766210079193115
0.04924991726875305
0.0600164420902729
-0.15361061692237854
0.024829892441630363
0.0691164955496788
-0.13090606033802032
0.05014951899647713
0.09041091799736023
-0.0669490322470665
-0.1858733743429184
0.23349504172801971
0.0637001320719719
0.0955684632062912
0.04847452789545059
-0.14826472103595734
-0.09211982041597366
0.12210950255393982
-0.11107684671878815
-0.29738321900367737
-0.20565243065357208
-0.14445742964744568
-0.15920215845108032
0.15211103856563568
-0.22224465012550354
-0.10784143209457397
0.07747110724449158
0.11795896291732788
-0.30766138434410095
-0.21714754402637482
-0.1161944791674614
0.1370294839143753
-0.053006138652563095
-0.18537558615207672
0.1648661196231842
0.234368234872818
0.24250656366348267
0.13075986504554749
0.11450101435184479
0.17840991914272308
-0.10247967392206192
0.19347870349884033
0.084877610206604
0.12185893207788467
-0.1463790386915207
0.14355149865150452
-0.08248939365148544
0.15221334993839264
0.10053939372301102
0.10548480600118637
-0.15978358685970306
-0.004770816303789616
0.12227057665586472
-0.02585485950112343
0.06988011300563812
0.12308089435100555
-0.05544746294617653
0.2191602736711502
-0.0677933618426323
0.193402960896492
0.08164331316947937
0.19545497000217438
0.011200640350580215
-0.12847676873207092
-0.04091465473175049
-0.12737180292606354
-0.18090981245040894
-0.14458341896533966
0.14271454513072968
0.001957470551133156
0.055063728243112564
0.12307509779930115
-0.03322204574942589
0.017231745645403862
0.15607964992523193
0.16978663206100464
-0.173162043094635
-0.20385581254959106
-0.1870422661304474
0.10820711404085159
0.015991397202014923
0.12632253766059875
-0.3277043104171753
0.1887253075838089
-0.15079104900360107
-0.2052396833896637
-0.0799463540315628
-0.06303153932094574
0.17271295189857483
-0.1892433911561966
0.001102278009057045
0.11801914870738983
-0.22873444855213165
-0.2250133603811264
-0.07511305063962936
0.19189243018627167
0.2014409303665161
-0.1957220733165741
-0.2214621603488922
0.07349934428930283
0.1667301505804062
-0.1491355299949646
0.029927270486950874
-0.1225782260298729
-0.08620023727416992
0.25162985920906067
-0.07063250243663788
0.18958702683448792
-0.15046265721321106
0.18681907653808594
-0.2137969434261322
0.06608708202838898
-0.12660837173461914
0.12137658894062042
-0.002221133094280958
-0.2509995400905609
0.19561293721199036
0.209538072347641
0.165146604180336
-0.17678168416023254
0.032124605029821396
-0.12727639079093933
-0.09615182131528854
-0.21369457244873047
-0.0555599220097065
-0.12943603098392487
0.1102839857339859
-0.13001835346221924
-0.022079644724726677
-0.15588244795799255
0.1482270061969757
0.23756541311740875
0.159609854221344
0.05290132761001587
0.05939550697803497
0.14745847880840302
-0.20585684478282928
0.1872624009847641
-0.15281087160110474
0.1412874311208725
0.11797604709863663
-0.2798316478729248
-0.02987029403448105
0.011279730126261711
-0.1117449551820755
0.1689659208059311
-0.06939901411533356
0.02815147303044796
0.2152603566646576
0.12604844570159912
0.07347226142883301
0.015414908528327942
-0.05426546931266785
-0.2198140025138855
-0.03862294554710388
0.16465091705322266
0.1835726499557495
-0.017392439767718315
-0.21493901312351227
-0.15466170012950897
0.20591935515403748
-0.0029744720086455345
-0.17421329021453857
0.07677540928125381
-0.08853482455015182
-0.0983576774597168
0.017049716785550117
0.004881768021732569
0.0843045637011528
0.1309264749288559
0.09839414805173874
0.155130073428154
-0.029939038679003716
-0.060468122363090515
-0.1804775446653366
0.010431239381432533
-0.17612622678279877
-0.1409073770046234
0.17015577852725983
0.2109626829624176
-0.12658800184726715
0.014467870816588402
0.14920997619628906
-0.13826000690460205
0.18923576176166534
0.11365608125925064
0.09209343791007996
-0.1766522079706192
0.019808270037174225
-0.2004295289516449
0.1136883869767189
-0.05689622834324837
0.0954086035490036
0.1841624677181244
-0.15654237568378448
0.22578920423984528
0.0776565745472908
-0.18520888686180115
-0.18999920785427094
0.15121392905712128
0.060730792582035065
-0.051356106996536255
0.03495093435049057
-0.175275057554245
0.18131889402866364
-0.09393174201250076
-0.024138575419783592
0.1451028287410736
0.14088252186775208
0.059309832751750946
-0.11260991543531418
0.22635617852210999
0.14163018763065338
-0.22993341088294983
0.15212327241897583
-0.120435431599617
0.15930406749248505
-0.08333808183670044
-0.18927882611751556
-0.21795432269573212
0.17824864387512207
-0.2383527308702469
0.09665577113628387
-0.05384819582104683
0.12110058963298798
-0.10360687971115112
0.23675110936164856
-0.11447026580572128
0.08315088599920273
-0.2585963308811188
0.026972899213433266
-0.04201120138168335
0.019848959520459175
0.17158085107803345
-0.11209346354007721
-0.04838510975241661
0.21435792744159698
-0.08297060430049896
0.12512554228305817
0.06524154543876648
0.015592689625918865
-0.032847318798303604
0.02324007637798786
0.00785035826265812
-0.05025102198123932
-0.2452065795660019
0.10182961076498032
-0.04224555194377899
0.17783361673355103
-0.026315052062273026
0.08129028975963593
-0.05550428107380867
0.21787410974502563
0.21923160552978516
0.1377013772726059
-0.014906869269907475
0.05320610851049423
-0.059794407337903976
-0.030480798333883286
0.15026353299617767
-0.20472845435142517
-0.20001588761806488
-0.2433958351612091
-0.12394245713949203
0.03835133835673332
-0.00920253898948431
0.049108315259218216
0.2012888342142105
-0.1081591546535492
-0.13714297115802765
-0.2387065887451172
0.161913201212883
0.19076679646968842
-0.04115184396505356
0.21824711561203003
-0.15982863306999207
0.19406923651695251
0.22608454525470734
-0.048611003905534744
-0.0048539042472839355
0.12567894160747528
-0.10104537755250931
-0.14989054203033447
-0.21748961508274078
0.13602761924266815
-0.21724331378936768
0.06728309392929077
-0.16053657233715057
-0.17921635508537292
-0.22092998027801514
0.026823800057172775
-0.05078332871198654
0.09328744560480118
-0.07863923907279968
-0.09172961860895157
-0.16678859293460846
0.0600130669772625
0.17797501385211945
-0.2825005054473877
-0.09184657037258148
0.22678720951080322
-0.16908599436283112
-0.1671755611896515
0.2073454111814499
-0.10436582565307617
-0.0688960924744606
0.2279212474822998
-0.03019399382174015
-0.09802272915840149
0.141881063580513
0.01122583169490099
0.15175476670265198
0.1465904265642166
0.04662375897169113
0.12314603477716446
0.058663610368967056
-0.061958104372024536
-0.2798994183540344
0.01747298426926136
0.026948587968945503
0.12640804052352905
-0.014069386757910252
-0.10892312228679657
0.10798563808202744
0.12301255017518997
0.057454708963632584
-0.16570018231868744
-0.21857810020446777
-0.10379847884178162
-0.1801026314496994
-0.02030014805495739
-0.13906031847000122
-0.018087703734636307
0.012058353051543236
-0.0711137130856514
-0.16651910543441772
-0.14047931134700775
0.007410382851958275
0.16854628920555115
-0.07881662994623184
0.019426312297582626
-0.11938376724720001
0.017627140507102013
0.11153355240821838
-0.24218375980854034
-0.1806541234254837
-0.09603045880794525
0.1487705260515213
0.1533260941505432
0.15302692353725433
0.0794665664434433
-0.07579439878463745
-0.01433971244841814
0.003956116735935211
-0.09739259630441666
-0.0908789411187172
-0.08373542129993439
-0.21981823444366455
-0.14793486893177032
0.1383964568376541
0.23530299961566925
0.12805409729480743
0.1734837293624878
-0.02950689010322094
0.07280796766281128
-0.14958472549915314
-0.11730184406042099
0.06823698431253433
0.002696121810004115
-0.06349430233240128
-0.06664340943098068
-0.03687089681625366
-0.09353726357221603
-0.036934252828359604
0.0660085678100586
0.20953473448753357
-0.17759782075881958
0.013691367581486702
0.11205118149518967
0.16682419180870056
0.005514283664524555
0.16638462245464325
-0.12777522206306458
-0.2146185338497162
0.10829197615385056
0.20502933859825134
-0.1269560307264328
-0.08480332046747208
0.13891083002090454
0.11963794380426407
-0.07573939114809036
-0.16461382806301117
-0.0574946328997612
0.004486985970288515
0.02290765941143036
-0.08997278660535812
-0.07546479254961014
-0.20098823308944702
-0.1409461349248886
0.20174582302570343
-0.1081450954079628
0.14486229419708252
0.0013634740607813
0.12949052453041077
0.007738032378256321
-0.10328275710344315
-0.27728408575057983
-0.15434198081493378
0.1429782509803772
0.1584719866514206
0.1489981710910797
-0.260765939950943
0.09111283719539642
-0.14751577377319336
-0.17571741342544556
-0.04554203152656555
-0.024114947766065598
-0.1333562135696411
0.04472680762410164
0.19268600642681122
0.09135206788778305
0.1468065083026886
-0.14372582733631134
0.054765623062849045
-0.06029924377799034
0.1192718893289566
-0.06217486783862114
0.09036502242088318
0.013423256576061249
0.10894862562417984
0.04117649793624878
0.025529775768518448
-0.09161008149385452
-0.17863188683986664
-0.15296100080013275
0.16426032781600952
0.1252414882183075
0.15463419258594513
-0.10963181406259537
-0.19829769432544708
-0.20723240077495575
-0.08749673515558243
0.04273341968655586
-0.08538006991147995
0.07899286597967148
-0.10280726850032806
-0.11523625254631042
-0.09440130740404129
0.09301760047674179
-0.014653779566287994
0.18349404633045197
0.16498562693595886
0.10333414375782013
-0.04746660962700844
-0.006212824955582619
-0.020765231922268867
0.1210743635892868
-0.12127439677715302
0.04755640774965286
0.028197497129440308
-0.2547203600406647
-0.08143885433673859
0.18552309274673462
-0.0754111185669899
-0.0007847751257941127
-0.09950873255729675
0.08643033355474472
0.01426745019853115
0.22340257465839386
-0.252240389585495
-0.17198467254638672
0.07495401799678802
-0.050240498036146164
-0.23240932822227478
0.04400010034441948
0.07490922510623932
-0.2683279812335968
-0.19447699189186096
0.14918644726276398
-0.18472422659397125
0.03990642726421356
-0.1997421383857727
0.05238836631178856
0.060498133301734924
-0.20148074626922607
-0.052034810185432434
-0.2866891920566559
-0.1513436883687973
-0.1674710512161255
-0.2434653788805008
0.04634682089090347
-0.2816935181617737
-0.23243369162082672
-0.218418151140213
0.08278713375329971
0.11774880439043045
-0.03910033404827118
0.17666727304458618
-0.07697025686502457
-0.1615542769432068
0.006428566295653582
-0.15620781481266022
0.15890151262283325
-0.09071801602840424
-0.17213256657123566
-0.04884742945432663
-0.21065591275691986
0.05999990925192833
-0.058420948684215546
-0.18680214881896973
-0.19351796805858612
-0.14524978399276733
0.06442830711603165
-0.069632887840271
-0.04911765083670616
-0.1959621012210846
-0.20708473026752472
-0.12834039330482483
-0.24735185503959656
-0.1101054847240448
0.0808510035276413
0.032614950090646744
0.015066958963871002
0.11005892604589462
-0.19728876650333405
0.04572919383645058
0.17645154893398285
-0.1400321125984192
-0.06589606404304504
0.1470353901386261
0.06917327642440796
0.04139169305562973
0.07743215560913086
0.022932466119527817
-0.047113087028265
0.17726600170135498
-0.1916806548833847
0.144561767578125
0.1154923141002655
-0.03550143912434578
0.12943722307682037
0.051052723079919815
0.12655474245548248
-0.0021190098486840725
-0.045309167355298996
-0.0950741097331047
-0.041515693068504333
-0.05329950153827667
-0.1015518456697464
-0.0057783848606050014
0.11574587970972061
-0.05734356865286827
0.21053600311279297
0.0655319020152092
0.0139498645439744
0.18370474874973297
-0.022518884390592575
-0.0008555067470297217
-0.14126244187355042
0.06317081302404404
0.12088169902563095
0.07197780162096024
-0.046117864549160004
-0.02599342353641987
0.11776743829250336
-0.1705174297094345
-0.015290239825844765
0.03203118219971657
-0.1462681144475937
-0.04400426149368286
0.021117232739925385
0.12958253920078278
0.05578790232539177
0.22357596457004547
-0.024236634373664856
0.056438568979501724
0.1921599954366684
-0.13092078268527985
0.22962088882923126
-0.130186066031456
0.1623440831899643
-0.21144290268421173
-0.15867063403129578
-0.0376262292265892
-0.08128928393125534
-0.22620229423046112
-0.08834672719240189
-0.24076765775680542
-0.10157690942287445
-0.08523578196763992
-0.07807683944702148
0.04921988397836685
-0.07201685756444931
-0.1469123810529709
-0.2251233607530594
0.07442774623632431
-0.013343566097319126
0.16918732225894928
0.031473685055971146
-0.024179702624678612
0.1855471134185791
-0.09045075625181198
0.05738008767366409
0.18497198820114136
0.23487111926078796
-0.2136211395263672
0.07673359662294388
-0.17331284284591675
0.06684902310371399
0.19454050064086914
-0.1437968611717224
0.00963924452662468
0.14820989966392517
0.05638141557574272
0.2124514877796173
0.09016108512878418
-0.2536482810974121
0.05518746376037598
0.20327144861221313
0.12947405874729156
0.02011515386402607
0.07971111685037613
-0.0023647858761250973
-0.1045052632689476
-0.02796079032123089
0.17631922662258148
-0.01845012791454792
-0.20121826231479645
-0.14569248259067535
-0.10715620964765549
0.1374860554933548
-0.10829300433397293
0.019026130437850952
-0.06171843409538269
0.17969101667404175
-0.1499820053577423
0.2023831605911255
0.13224828243255615
0.2461678832769394
0.07860001176595688
0.0706060528755188
0.22603732347488403
0.005423524882644415
0.14016279578208923
0.19820649921894073
-0.1597178429365158
0.043609052896499634
-0.04631248861551285
0.21599942445755005
-0.020657667890191078
-0.14348040521144867
-0.0933382585644722
0.180486261844635
-0.11723823845386505
0.03922280669212341
0.13665597140789032
0.16242043673992157
0.0939926877617836
-0.011420199647545815
0.0368228405714035
-0.08214383572340012
-0.07189428806304932
0.17523318529129028
-0.0951085090637207
0.11089920252561569
-0.1793309599161148
0.27108773589134216
0.2022954374551773
0.07337171584367752
-0.032148052006959915
0.17745353281497955
0.159076988697052
0.09696629643440247
-0.11718520522117615
-0.025893032550811768
-0.08826744556427002
-0.2411154806613922
0.028048748150467873
0.16925624012947083
-0.24054141342639923
0.050801489502191544
0.13491804897785187
0.15886826813220978
0.0574171207845211
0.1079879179596901
0.15573343634605408
0.16253896057605743
-0.19142408668994904
-0.22631418704986572
-0.0690988078713417
-0.23437270522117615
-0.1368941068649292
-0.25765925645828247
0.2013797163963318
-0.03570116311311722
-0.010841465555131435
0.20190787315368652
-0.06988387554883957
-0.1411793828010559
0.034968629479408264
-0.20392556488513947
0.1218913346529007
-0.17912961542606354
0.11625555902719498
0.12763608992099762
0.18737366795539856
-0.17706777155399323
-0.22033467888832092
0.05721713602542877
0.03445207700133324
0.15221776068210602
-0.040740419179201126
-0.162429079413414
-0.2218090444803238
-0.1993740200996399
-0.10726273059844971
0.14873284101486206
-0.03991623595356941
-0.11536939442157745
0.011060083284974098
-0.12049871683120728
-0.2325943112373352
0.025309478864073753
0.05177896469831467
-0.16292332112789154
0.136582612991333
0.20779329538345337
-0.16493189334869385
0.04469799995422363
-0.15066194534301758
-0.2188744693994522
-0.050953418016433716
0.23553119599819183
-0.14569538831710815
0.19027812778949738
-0.0535261407494545
-0.051967836916446686
-0.11386865377426147
-0.003201437648385763
0.15248237550258636
0.08799242973327637
-0.046770431101322174
0.18563741445541382
-0.16668035089969635
-0.02434561960399151
-0.1930972784757614
0.09802033007144928
-0.10080361366271973
0.10383828729391098
-0.05170074477791786
-0.19795265793800354
-0.1367870420217514
0.09062126278877258
-0.012759148143231869
-0.14444835484027863
0.24031023681163788
-0.21508698165416718
0.19143125414848328
-0.024329880252480507
0.16491088271141052
0.10020256787538528
0.1704314798116684
0.0733698159456253
-0.10593242198228836
-0.06941740214824677
0.19210144877433777
-0.1401377022266388
0.17173202335834503
0.015212714672088623
0.09603621065616608
-0.10890491306781769
-0.08500004559755325
-0.19775965809822083
-0.10649029165506363
0.01257349830120802
-0.16182759404182434
-0.14153099060058594
-0.03946300223469734
-0.179361492395401
-0.1956469714641571
-0.2156723290681839
-0.03414127230644226
0.05205913633108139
-0.16927547752857208
-0.08241114765405655
0.08282502740621567
-0.09397207945585251
-0.020984582602977753
-0.050551969558000565
0.030434774234890938
-0.2050272524356842
-0.17583291232585907
0.15918982028961182
0.190307155251503
-0.13871940970420837
0.010319579392671585
0.053487129509449005
0.02337300032377243
0.1365218162536621
-0.08999117463827133
0.09056935459375381
0.1063113659620285
0.19975978136062622
-0.15101732313632965
0.07057026028633118
-0.08763738721609116
0.05066631734371185
-0.18905210494995117
0.18781694769859314
-0.0031774400267750025
-0.019029216840863228
-0.12048634141683578
-0.136700838804245
0.03349820896983147
0.16045546531677246
0.059206265956163406
-0.21391215920448303
-0.08234875649213791
-0.09415778517723083
-0.05183067545294762
-0.1457834243774414
-0.12632694840431213
0.16429086029529572
0.1356547474861145
0.1754971295595169
0.16783581674098969
0.11875205487012863
-0.16579096019268036
0.15198925137519836
-0.15693122148513794
0.112935870885849
-0.18235021829605103
0.20040126144886017
-0.01788070611655712
-0.0817505270242691
0.1723245084285736
-0.027699541300535202
0.11264043301343918
0.01824047975242138
-0.15505343675613403
0.02735280431807041
0.04577382281422615
0.10186740756034851
-0.1665838360786438
-0.01260149385780096
0.1055455356836319
0.1388520449399948
0.16552600264549255
-0.09533216804265976
-0.0010047892574220896
-0.036269381642341614
0.08400773257017136
-0.045034945011138916
0.012783228419721127
0.13490045070648193
-0.006659038830548525
0.07740651816129684
0.0679723471403122
-0.0200810506939888
-0.14631901681423187
0.12243682891130447
-0.11560714989900589
-0.008613774552941322
0.011815447360277176
-0.014697381295263767
0.027453280985355377
-0.042767420411109924
-0.17018893361091614
-0.1744709610939026
0.22306866943836212
0.052112236618995667
-0.20769661664962769
-0.08185254782438278
0.1606893092393875
-0.15140379965305328
-0.09603441506624222
0.007807481102645397
-0.17549985647201538
0.04025036096572876
-0.09894367307424545
0.06458809971809387
0.12847192585468292
0.0639103427529335
0.16859275102615356
0.16482201218605042
-0.10651752352714539
0.20246608555316925
0.1885405033826828
-0.03116968274116516
-0.11066161841154099
-0.02311035804450512
-0.17997503280639648
-0.16803355515003204
-0.09833376109600067
0.14758485555648804
0.22666333615779877
0.03657251223921776
0.20148839056491852
0.16324082016944885
-0.14501240849494934
-0.23325547575950623
0.012114333920180798
-0.11095321923494339
0.04954120144248009
0.1261058896780014
0.05222664400935173
-0.14909830689430237
0.12691789865493774
0.0747709795832634
-0.2103061079978943
0.15551836788654327
-0.0526130273938179
-0.025633707642555237
0.043662432581186295
0.13705144822597504
-0.20322956144809723
-0.17639189958572388
-0.003922564908862114
-0.012157678604125977
0.14441412687301636
0.01627253368496895
-0.007359589450061321
0.1653326153755188
0.18774108588695526
0.008442016318440437
0.19042252004146576
0.06582595407962799
-0.16749894618988037
-0.16180968284606934
-0.005749703850597143
0.045011285692453384
-0.18447525799274445
0.14370740950107574
-0.11947531998157501
0.06945077329874039
0.061781372874975204
0.2113308161497116
-0.04927987605333328
0.15557757019996643
-0.14994946122169495
0.0927911102771759
0.2044166624546051
0.004427164327353239
-0.060921624302864075
-0.02698221243917942
0.055739451199769974
0.3544950485229492
-0.18385423719882965
0.04931396245956421
-0.16471420228481293
0.07623810321092606
-0.17332901060581207
-0.19279082119464874
-0.029513591900467873
-0.0413285568356514
-0.07986311614513397
-0.05634019896388054
0.11559208482503891
-0.05685099586844444
-0.17937985062599182
-0.0026326999068260193
-0.01711209863424301
0.21626779437065125
0.19029366970062256
-0.11731461435556412
-0.0847281813621521
0.1751701980829239
0.049696680158376694
-0.026594853028655052
-0.19110101461410522
0.03393881022930145
0.12782686948776245
0.10200779139995575
0.020566923543810844
-0.12685434520244598
0.1572394073009491
-0.11376909166574478
0.04746435955166817
0.06962240487337112
-0.11554005742073059
-0.14676301181316376
0.14289163053035736
0.07614023238420486
0.06093832477927208
0.008186711929738522
-0.13560940325260162
0.12385807931423187
-0.08129753917455673
-0.14528658986091614
-0.1915602833032608
0.22116969525814056
-0.0927545502781868
0.17682357132434845
0.13663826882839203
0.07519285380840302
0.08437303453683853
-0.09752091020345688
0.1102873682975769
0.02238457091152668
-0.14468646049499512
-0.23363550007343292
0.19250614941120148
0.10243242233991623
0.0360017865896225
0.2202635258436203
0.21231815218925476
-0.025100061669945717
0.20315618813037872
0.16089831292629242
-0.10019484907388687
0.16280853748321533
-0.22121350467205048
-0.23231066763401031
0.02850046195089817
0.1779027134180069
-0.0894995927810669
0.08121297508478165
0.03587210923433304
-0.012044616043567657
0.18490496277809143
0.05230717733502388
0.1683252453804016
0.060743287205696106
0.04885062575340271
-0.09337850660085678
-0.0671825185418129
-0.031056169420480728
-0.018554506823420525
-0.080886110663414
-0.19168780744075775
-0.20655173063278198
0.1537299007177353
0.02150476910173893
0.06277742236852646
0.10686099529266357
0.1293865442276001
0.24367846548557281
-0.177540585398674
-0.03231905400753021
0.06879856437444687
0.07027289271354675
-0.009696545079350471
-0.05404270067811012
7.052283035591245e-05
-0.06258434057235718
-0.05234083533287048
-0.11385105550289154
0.20691445469856262
-0.017449483275413513
0.17432264983654022
-0.20980556309223175
-0.18891654908657074
0.02771150879561901
-0.14808547496795654
0.25902730226516724
-0.15573017299175262
0.1879808008670807
-0.14403685927391052
-0.09329897910356522
-0.04708485305309296
-0.09153950214385986
-0.16316519677639008
-0.0036988547071814537
0.15825872123241425
0.03552152216434479
-0.1843489110469818
0.16966304183006287
-0.19839952886104584
-0.16053351759910583
0.07464364171028137
-0.23373474180698395
0.12652519345283508
0.21704596281051636
-0.11249535530805588
0.04007560387253761
-0.1435866504907608
-0.10567887127399445
-0.11558525264263153
0.01676519587635994
-0.17684438824653625
0.22049230337142944
0.14054957032203674
0.05784299969673157
-0.029004758223891258
-0.16398338973522186
-0.10160002112388611
0.16766731441020966
0.12579622864723206
-0.1310535967350006
-0.002752384403720498
0.12707273662090302
0.016084488481283188
0.20927974581718445
-0.06527281552553177
-0.11314371228218079
0.09491897374391556
0.07673987746238708
0.15641272068023682
-0.19029392302036285
0.2174893468618393
-0.10726090520620346
0.17032620310783386
-0.05967588350176811
0.008051598444581032
0.23955002427101135
-0.09211014956235886
-0.00018259367789141834
0.13864782452583313
0.24153628945350647
0.164758563041687
-0.1544170081615448
0.021322697401046753
-0.18427230417728424
-0.02618437632918358
-0.028058914467692375
-0.16136988997459412
-0.2315613329410553
-0.034584011882543564
0.03680375590920448
0.013239824213087559
0.11901075392961502
0.07783207297325134
-0.060000110417604446
0.180884450674057
0.11075014621019363
-0.10563311725854874
0.06634186953306198
0.0931016281247139
0.17449045181274414
0.10822062194347382
0.1426212191581726
0.19244912266731262
0.03795844316482544
0.11449543386697769
-0.24576325714588165
0.22063013911247253
0.09881409257650375
0.011460848152637482
0.1325482428073883
0.1503637433052063
-0.13890480995178223
0.10194823890924454
-0.15787169337272644
-0.05198312923312187
-0.23558484017848969
0.03884715586900711
-0.05528014898300171
0.10958673059940338
0.16826081275939941
0.1323527842760086
-0.040951479226350784
0.02609647996723652
-0.028888225555419922
0.21445141732692719
0.17015373706817627
-0.10907776653766632
0.03442876413464546
0.21812453866004944
0.1181158721446991
-0.17781412601470947
0.020649395883083344
0.2020142823457718
0.09508813917636871
0.17202216386795044
0.039637621492147446
0.15069256722927094
0.1011648178100586
0.12447018176317215
0.042575594037771225
0.12913592159748077
0.19421257078647614
-0.03680773824453354
0.10433229058980942
0.18573950231075287
0.12468817085027695
-0.025913778692483902
0.023699169978499413
0.04764173552393913
-0.08219059556722641
-0.13365299999713898
-0.11646876484155655
-0.1733953058719635
-0.21234935522079468
-0.20055069029331207
0.2015012502670288
0.028227051720023155
0.007618471514433622
-0.05081576481461525
0.11986612528562546
-0.1336820274591446
0.19518618285655975
-0.07727286219596863
-0.025543907657265663
-0.027978500351309776
0.14934413135051727
0.0038454344030469656
-0.18712855875492096
-0.20324338972568512
0.11662321537733078
0.18350374698638916
-0.030598951503634453
-0.2064639925956726
0.22508685290813446
-0.058885205537080765
0.020967666059732437
0.10732042789459229
-0.17770187556743622
0.09479261189699173
-0.15013785660266876
-0.19010838866233826
0.2548768222332001
0.2395927608013153
-0.03482605516910553
0.07041396200656891
0.015833914279937744
0.04001976177096367
-0.1778496354818344
-0.01184383686631918
0.17442074418067932
-0.15298694372177124
-0.14760898053646088
0.16903552412986755
0.045377012342214584
0.20825529098510742
0.11874643713235855
0.09010868519544601
-0.1588824987411499
-0.02411297708749771
-0.0970756933093071
-0.08032738417387009
-0.007525372784584761
0.14701510965824127
0.1893666535615921
0.017482643947005272
-0.030781343579292297
0.007051022257655859
0.10713163763284683
-0.011315365321934223
-0.14492999017238617
0.09706880897283554
-0.19009734690189362
0.11064638197422028
-0.01760437898337841
-0.11705528199672699
0.16627810895442963
-0.14610432088375092
0.17210102081298828
0.0902634859085083
-0.11853370815515518
0.18000222742557526
0.09138990193605423
0.054334066808223724
-0.11971069127321243
0.10316074639558792
0.09237547218799591
-0.09324206411838531
-0.17570309340953827
0.03485161066055298
0.16008542478084564
0.23465195298194885
-0.0715462937951088
0.17633377015590668
0.16103199124336243
0.1636325865983963
-0.20240278542041779
-0.128188818693161
0.17179003357887268
-0.16006724536418915
-0.03241933509707451
-0.1943282186985016
0.08728793263435364
0.05610452592372894
0.07186070829629898
-0.19169117510318756
-0.13991764187812805
-0.03935973346233368
0.04043687880039215
-0.11743666976690292
0.06108226627111435
0.03707048296928406
-0.06963605433702469
0.17604978382587433
0.18172700703144073
-0.09528190642595291
-0.19599531590938568
-0.11779717355966568
0.21390831470489502
0.10197924077510834
0.08937317132949829
0.06114356219768524
-0.08508053421974182
-0.13269640505313873
0.08334119617938995
-0.04731147363781929
0.028834301978349686
-0.09666385501623154
0.12503358721733093
0.1428009271621704
-0.14498813450336456
-0.00945114903151989
0.006035965867340565
-0.0700322762131691
0.00535194668918848
0.011277622543275356
0.16157151758670807
0.02462812140583992
0.08415939658880234
0.139321431517601
-0.04921108856797218
0.2046862244606018
0.11117763817310333
0.20327609777450562
0.008601080626249313
-0.030205268412828445
0.18199534714221954
0.21659542620182037
0.013939003460109234
1.4300283510237932e-05
0.15258389711380005
-0.02117970958352089
-0.13069605827331543
0.20233681797981262
-0.00940915197134018
-0.08994593471288681
-0.04039207100868225
0.04562012478709221
0.11319036036729813
0.16218435764312744
-0.06388042122125626
0.24444210529327393
0.12380026280879974
0.04563309997320175
0.17865143716335297
0.013741143979132175
0.046250153332948685
-0.0878334641456604
-0.18353508412837982
0.02875417470932007
-0.16565163433551788
0.04273729771375656
-0.18948912620544434
0.10085857659578323
0.10315806418657303
0.16371148824691772
0.22292983531951904
-0.16721533238887787
0.08989061415195465
-0.22735236585140228
0.20169924199581146
0.10418611019849777
-0.24376173317432404
-0.16069121658802032
0.07993121445178986
0.08489437401294708
-0.09879618883132935
-0.12045720219612122
0.1001812070608139
0.05883774906396866
-0.19415834546089172
0.1679675430059433
0.20130103826522827
-0.062046512961387634
-0.10606878995895386
-0.19964784383773804
0.11679635941982269
-0.1863025575876236
0.05596014857292175
0.10758928954601288
-0.04179565608501434
0.19334177672863007
0.2191675305366516
-0.02397863380610943
-0.15669888257980347
-0.06941141933202744
0.22419075667858124
0.009473861195147038
0.020651819184422493
-0.029515376314520836
0.12057800590991974
0.12262394279241562
0.13419075310230255
-0.029608430340886116
0.26409804821014404
-0.04177645221352577
0.1764671951532364
0.1644049882888794
-0.015054604969918728
0.01040573325008154
0.15260222554206848
-0.12715710699558258
-0.014236565679311752
-0.1701578050851822
0.18862508237361908
-0.19272929430007935
0.019092073664069176
0.10782267898321152
-0.019018549472093582
0.01306016556918621
0.050894394516944885
-0.06857556104660034
0.06805431097745895
0.13346348702907562
0.03465050831437111
-0.1216547042131424
-0.05795612931251526
0.12207244336605072
0.18366751074790955
0.05395590886473656
-0.037699952721595764
-0.05652701109647751
0.1840147078037262
0.22296318411827087
0.09317241609096527
0.012969943694770336
-0.008853917010128498
0.24493913352489471
-0.23001348972320557
0.0024275495670735836
0.09999272972345352
-0.24191966652870178
0.013659738004207611
-0.24071189761161804
0.09841727465391159
0.2025071531534195
-0.18190965056419373
0.13463586568832397
-0.2463286817073822
0.07630264759063721
0.2520821690559387
-0.08579138666391373
0.024905866011977196
-0.14250752329826355
0.06649237871170044
-0.0987139493227005
0.19048286974430084
0.10146456956863403
0.09260039776563644
-0.22331443428993225
-0.1484423577785492
0.08853431046009064
0.22016547620296478
-0.2108873724937439
0.20116829872131348
0.18224675953388214
0.04255584254860878
-0.22705437242984772
-0.22440464794635773
0.10537316650152206
-0.14553070068359375
0.04238370805978775
0.03512512519955635
-0.009743401780724525
0.09666304290294647
0.14640869200229645
0.1506967842578888
0.1939622312784195
-0.2171875536441803
0.16533881425857544
0.12829145789146423
0.04475663974881172
-0.035873305052518845
0.03392937406897545
-0.24356868863105774
0.035026516765356064
0.10480907559394836
-0.11071404069662094
0.1177075207233429
0.05784119293093681
0.06846527755260468
-0.10388217866420746
0.022055184468626976
0.09924409538507462
-0.17403791844844818
0.03334593027830124
-0.02280471660196781
-0.10267747193574905
0.05464532971382141
0.11817727982997894
0.2003195583820343
0.1362135261297226
-0.1997886747121811
0.07124434411525726
-0.1077321246266365
0.11446086317300797
0.024407340213656425
-0.0062746875919401646
-0.21541887521743774
0.1292601078748703
-0.02849390171468258
0.18848668038845062
-0.04600054770708084
-0.25350600481033325
-0.2046734094619751
0.17090289294719696
0.18216954171657562
-0.16101431846618652
0.07466789335012436
-0.06992117315530777
0.19222916662693024
-0.1602308750152588
0.1969873458147049
0.1728328913450241
-0.02422802522778511
0.13352517783641815
0.09402436017990112
0.12436798959970474
0.21184714138507843
-0.24908006191253662
-0.22654087841510773
-0.1044154092669487
-0.08276330679655075
0.22019541263580322
0.058713361620903015
-0.1022535115480423
0.02353869006037712
-0.014971518889069557
0.19258913397789001
-0.08500787615776062
-0.08011289685964584
-0.04268705099821091
0.16118797659873962
-0.2706325054168701
0.052571941167116165
0.029899923130869865
0.05199737101793289
-0.045646604150533676
0.1541992872953415
-0.0747426226735115
0.05813702568411827
0.049532704055309296
-0.026592567563056946
0.008825001306831837
-0.1067206859588623
-0.09112676233053207
-0.02723742462694645
0.05582910031080246
0.11000709980726242
-0.19946998357772827
0.0652480199933052
-0.17636199295520782
-0.14385941624641418
-0.24432533979415894
-0.030717618763446808
-0.08988896012306213
0.2184174358844757
0.13241174817085266
0.16428416967391968
0.23941858112812042
0.06513316184282303
0.0997278019785881
-0.18927495181560516
0.1260729879140854
0.11153031885623932
-0.08304143697023392
-0.032253529876470566
0.010302484035491943
0.09030784666538239
0.013089621439576149
0.003947218414396048
-0.045869819819927216
-0.1982361376285553
0.014211930334568024
-0.1647772192955017
-0.07914070785045624
-0.13046365976333618
0.04400556534528732
-0.19432245194911957
0.13794176280498505
0.1844247579574585
-0.010312412865459919
0.209011048078537
0.0030471235513687134
-0.05092620849609375
0.0896148607134819
0.0022390014491975307
-0.22853872179985046
0.2409564107656479
-0.19353294372558594
-0.19177602231502533
-0.04438485950231552
-0.14522548019886017
-0.0062081776559352875
-0.10377997159957886
0.009951867163181305
0.13960237801074982
0.014222842641174793
-0.19827458262443542
0.19240745902061462
0.14293499290943146
-0.08658411353826523
0.19591376185417175
0.022413937374949455
0.04239543527364731
0.0834498405456543
-0.14903795719146729
-0.07290855050086975
0.02429095283150673
0.05492289364337921
0.007054610643535852
0.05955014377832413
0.13305288553237915
-0.031458962708711624
-0.07663394510746002
0.14281445741653442
-0.04756125062704086
-0.0014996445970609784
-0.17562636733055115
-0.08875025063753128
0.13724122941493988
0.014013749547302723
-0.08419037610292435
0.004387584514915943
-0.011560698039829731
-0.05257466435432434
0.19464746117591858
-0.009517879225313663
-0.2460559755563736
-0.20987050235271454
-0.11453087627887726
-0.053357768803834915
-0.2326052039861679
-0.2031083106994629
0.030436860397458076
-0.2350282222032547
0.1542719304561615
-0.13486960530281067
-0.029818866401910782
0.06512832641601562
0.08804111182689667
-0.10733553767204285
-0.1425948292016983
-0.07988488674163818
-0.01054625865072012
-0.062155697494745255
-0.11459013819694519
0.1677926629781723
-0.21751061081886292
-0.20514433085918427
-0.07510814070701599
0.11236867308616638
-0.0966738685965538
-0.03247681260108948
0.10219483077526093
0.11653906106948853
0.07493715733289719
-0.03736517205834389
-0.09843078255653381
0.025368571281433105
-0.06882423162460327
-0.0822179913520813
-0.13181421160697937
-0.04222512245178223
-0.10116881132125854
-0.21308201551437378
-0.069738008081913
-0.11595780402421951
-0.030300356447696686
-0.019016224890947342
-0.13862289488315582
-0.14167538285255432
-0.14085505902767181
-0.13199876248836517
-0.011556990444660187
-0.05664379149675369
-0.13335947692394257
-0.10245777666568756
0.16152960062026978
-0.01818978413939476
-0.14423345029354095
-0.1197887659072876
-0.05077506974339485
-0.15185070037841797
0.17962776124477386
-0.14458820223808289
-0.21759983897209167
-0.1065220832824707
-0.08194798231124878
-0.11409415304660797
-0.12620078027248383
-0.1720193773508072
0.0781833603978157
0.06613815575838089
-0.212894469499588
0.18892374634742737
-0.21430812776088715
0.17482148110866547
-0.07379454374313354
0.011870522052049637
-0.1601964682340622
-0.13038496673107147
0.17066620290279388
-0.020856333896517754
-0.04279439523816109
0.174848735332489
-0.18916377425193787
-0.10854987800121307
-0.22063742578029633
-0.20442907512187958
-0.10340011119842529
0.06288561969995499
-0.1883859485387802
-0.14554093778133392
0.05983486399054527
0.022742437198758125
0.13510195910930634
0.04235623776912689
0.06807313859462738
-0.0714983120560646
-0.10768470168113708
-0.04107603430747986
-0.0664781704545021
-0.1465563178062439
-0.09031053632497787
-0.05066895857453346
-0.10913112014532089
-0.17020398378372192
-0.17964543402194977
-0.13054557144641876
0.045717693865299225
-0.05059681460261345
-0.15948644280433655
0.13023510575294495
-0.02305922657251358
-0.22652238607406616
-0.04193159192800522
0.04333850368857384
-0.18773747980594635
-0.18205897510051727
0.21452967822551727
-0.1806155890226364
0.16167350113391876
-0.07929979264736176
-0.0021373427007347345
-0.152046799659729
0.08604933321475983
0.14138060808181763
-0.025390805676579475
-0.06239219009876251
-0.10748527944087982
0.1764879673719406
0.11571188271045685
-0.21231426298618317
0.19323401153087616
-0.005161650478839874
-0.06391720473766327
-0.02656436339020729
0.19265016913414001
0.08888205140829086
-0.10871967673301697
-0.07318466901779175
0.13089723885059357
-0.18201518058776855
0.032157331705093384
0.17171868681907654
-0.20872926712036133
0.17444971203804016
0.10084439814090729
-0.1952485293149948
-0.118580661714077
-0.15811586380004883
-0.1266709417104721
-0.05247711017727852
-0.22482609748840332
-0.057691168040037155
0.04934529587626457
-0.1653314232826233
0.10019603371620178
-0.09865481406450272
0.19175821542739868
0.09242252260446548
0.061531923711299896
-0.09484834223985672
-0.05917959660291672
0.09227675199508667
-0.019675202667713165
0.10821635276079178
0.11365784704685211
-0.06553710252046585
-0.20037977397441864
0.07933029532432556
-0.09706870466470718
0.19140119850635529
-0.1444125920534134
-0.21036753058433533
-0.02106865495443344
-0.1226738840341568
-0.1873445361852646
-0.013764518313109875
-0.03224668279290199
0.09230457991361618
-0.07203218340873718
-0.11959471553564072
0.11803052574396133
-0.049368906766176224
0.05947547405958176
0.10859569162130356
0.18406662344932556
0.09143318235874176
0.03241928666830063
0.17026613652706146
0.012979131191968918
-0.20270566642284393
0.03651138022542
-0.21050086617469788
-0.12443066388368607
0.1756288707256317
-0.06080559268593788
0.050463102757930756
-0.14468804001808167
0.1622687429189682
0.07453326135873795
-0.013638652861118317
-0.029265588149428368
-0.014061188325285912
0.11906125396490097
0.009791326709091663
-0.0281562227755785
-0.022956546396017075
0.09179262071847916
0.05568007007241249
-0.09592986851930618
-0.06614431738853455
0.16272172331809998
0.09704317897558212
0.1352328062057495
-0.18059687316417694
-0.17239396274089813
-0.1382371187210083
-0.21739307045936584
-0.12203076481819153
0.19274568557739258
-0.014434993267059326
0.12878572940826416
-0.12577933073043823
-0.06464854627847672
0.026647023856639862
0.025461114943027496
0.11475920677185059
0.05541040375828743
0.028135837987065315
-0.22697491943836212
-0.040856681764125824
-0.03882754594087601
0.11569773405790329
-0.1672562062740326
-0.23173774778842926
-0.1328948587179184
-0.03151397407054901
0.039143964648246765
-0.1557416319847107
-0.13137316703796387
-0.1691427230834961
-0.02144658751785755
-0.07821138948202133
-0.0330437533557415
0.21257337927818298
-0.10290602594614029
-0.14901067316532135
-0.007540514227002859
-0.23808079957962036
0.01148451492190361
0.04685608297586441
0.1859859824180603
0.14720939099788666
0.08260181546211243
0.11344391107559204
0.09597350656986237
-0.1893972009420395
0.012130641378462315
0.1625867635011673
0.09052888303995132
0.0488167405128479
0.03677437826991081
-0.06240442395210266
0.015207531861960888
-0.03293014317750931
0.14619337022304535
0.21121615171432495
-0.24019697308540344
0.21875286102294922
-0.03256726637482643
0.04283731430768967
-0.014860924333333969
0.07798076421022415
-0.014798463322222233
-0.033591751009225845
0.1499784141778946
0.12148436903953552
0.14612212777137756
0.08404366672039032
0.2237626016139984
-0.002960260258987546
0.1627863049507141
0.23239468038082123
-0.0511159747838974
0.11804228276014328
0.08937043696641922
0.0370093435049057
-0.029322054237127304
0.04033774882555008
-0.01742713525891304
0.058689285069704056
-0.15942417085170746
0.16810058057308197
-0.03330112621188164
-0.20981408655643463
-0.034272558987140656
-0.2382541447877884
-0.18593133985996246
0.0005651307292282581
-0.05946303531527519
-0.07195153832435608
0.14417427778244019
0.12495984882116318
-0.1732497662305832
0.10718382149934769
0.0507914200425148
0.03254256397485733
0.16218163073062897
-0.13782724738121033
0.08905130624771118
0.06456764787435532
-0.10589531809091568
-0.12727974355220795
-0.10164537280797958
-0.004029450006783009
0.07235071808099747
0.1162920892238617
-0.2319606989622116
0.1562575101852417
0.19207775592803955
0.10137223452329636
-0.02420951798558235
0.17982357740402222
-0.10297651588916779
0.04730308800935745
0.030624132603406906
0.11567341536283493
-0.12678585946559906
0.05837296321988106
0.004950182046741247
-0.12621302902698517
0.048808030784130096
-0.06667536497116089
0.09259214997291565
-0.1694418489933014
-0.1238206997513771
-0.012235780246555805
-0.046146146953105927
-0.16682450473308563
0.14163878560066223
0.036542195826768875
0.11572565138339996
-0.12775571644306183
0.10603506118059158
0.011725114658474922
-0.08190064132213593
-0.23308180272579193
-0.11706133931875229
0.1339176446199417
-0.011297186836600304
-0.19400687515735626
-0.0753265917301178
0.14239192008972168
-0.12289956957101822
0.1834443211555481
0.02057403139770031
0.1875304877758026
-0.05906372144818306
-0.04593178257346153
-0.21157795190811157
0.0030553305987268686
-0.04730507731437683
-0.12469809502363205
-0.04920396953821182
0.04553826525807381
-0.18711134791374207
-0.04870375618338585
0.19865736365318298
-0.16985230147838593
-0.0938364788889885
0.1374703049659729
-0.025830062106251717
-0.0018931489903479815
-0.2162722647190094
-0.0585964173078537
-0.02054021507501602
0.02056627720594406
-0.08500771224498749
-0.13703812658786774
-0.002788063371554017
0.09033524245023727
-0.007299702614545822
-0.07465361803770065
0.14318662881851196
-0.11678598076105118
-0.0764428973197937
-0.19689726829528809
-0.18735559284687042
-0.056257158517837524
-0.08250147849321365
0.1690470427274704
0.21231092512607574
0.13004644215106964
0.07159365713596344
0.13361488282680511
0.21536563336849213
-0.11976639181375504
-0.16290532052516937
-0.00038183110882528126
-0.10245881974697113
-0.18461690843105316
-0.13537749648094177
-0.17120614647865295
-0.2343648225069046
0.04447352886199951
-0.1287345141172409
0.06338544934988022
0.14151768386363983
0.20792709290981293
0.14836008846759796
0.020995164290070534
-0.10790904611349106
-0.081656813621521
0.10811661928892136
-0.20769952237606049
-0.1110847070813179
0.1378740519285202
-0.018059495836496353
0.17590950429439545
0.09713281691074371
-0.18960319459438324
-0.059186358004808426
-0.15285570919513702
0.1352086067199707
0.1414223164319992
-0.13690179586410522
0.18190233409404755
0.15298958122730255
-0.07182899117469788
-0.10058176517486572
-0.14354467391967773
-0.04749203100800514
-0.06994812935590744
0.20278432965278625
-0.15442414581775665
-0.05296705290675163
-0.006146461237221956
0.04743494093418121
-0.18724815547466278
0.03373241797089577
0.043288059532642365
0.006879832595586777
-0.12600693106651306
0.20252451300621033
-0.15303878486156464
-0.15452013909816742
0.0591970756649971
0.02508821152150631
-0.2295314520597458
0.12012962996959686
-0.03937254101037979
-0.1697930544614792
0.18427680432796478
0.06034856289625168
-0.15430627763271332
-0.1672268807888031
-0.23903992772102356
-0.1594390720129013
-0.13761624693870544
0.13717611134052277
-0.15364989638328552
0.09143086522817612
0.08509666472673416
-0.15672917664051056
0.07499624788761139
0.17815397679805756
0.10192392766475677
-0.08665540814399719
-0.060971129685640335
-0.10628525912761688
-0.061041079461574554
0.1797053962945938
0.1643969714641571
0.17069979012012482
-0.036754317581653595
-0.22465480864048004
-0.20181429386138916
-0.15342412889003754
0.049116555601358414
0.11028648912906647
-0.06870228052139282
-0.18172749876976013
0.11874315142631531
0.012293132022023201
-0.11634013056755066
-0.044211920350790024
-0.19677719473838806
-0.12763379514217377
0.10142312198877335
-0.20949167013168335
0.10306578129529953
-0.15206047892570496
-0.17014868557453156
-0.06442759931087494
0.005827673245221376
-0.05294979736208916
-0.050732530653476715
-0.2368127554655075
-0.02287183701992035
-0.07819908857345581
-0.03143411502242088
-0.01791136898100376
-0.06774476170539856
0.2656065821647644
-0.061818044632673264
0.05701538920402527
-0.1333755999803543
0.31351006031036377
0.09278114885091782
0.022357851266860962
0.049229271709918976
0.11948824673891068
0.21144285798072815
-0.029236292466521263
-0.1339719593524933
0.03053845837712288
0.03039533458650112
0.17076745629310608
0.11394467949867249
-0.1638595312833786
0.037614669650793076
0.22484852373600006
0.33683305978775024
0.06654512882232666
-0.11653141677379608
-0.10712678730487823
0.16371478140354156
-0.12992727756500244
0.0997912809252739
0.10776674002408981
-0.1584828644990921
-0.005610811989754438
0.025055773556232452
-0.13966017961502075
0.11850160360336304
-0.190777987241745
0.30448588728904724
0.09552623331546783
0.14291799068450928
-0.07344450056552887
-0.12650412321090698
-0.12191200256347656
-0.11528392881155014
-0.026595646515488625
0.14810702204704285
0.3279170095920563
-0.15889306366443634
0.20726336538791656
-0.07524231821298599
0.007551277056336403
0.1669737547636032
-0.022233156487345695
0.14951665699481964
0.2260826826095581
-0.16954240202903748
0.06636541336774826
-0.10708075016736984
0.10334786772727966
-0.12938445806503296
0.05626944452524185
0.167742520570755
0.09036784619092941
-0.10287757962942123
-0.2324201464653015
-0.04334146901965141
0.24403783679008484
0.05978985130786896
-0.1543872207403183
0.19693170487880707
-0.1262391060590744
0.17705750465393066
0.09839090704917908
-0.07057451456785202
0.08626498281955719
0.24027879536151886
0.17996788024902344
0.06531410664319992
0.18863707780838013
-0.12053844332695007
0.1605920046567917
-0.13261400163173676
0.13699643313884735
0.14140506088733673
-0.20270593464374542
0.08421214669942856
-0.007083432283252478
0.2502773702144623
0.1207970604300499
0.0003646909899543971
-0.0952177569270134
-0.0904364064335823
0.01640034094452858
-0.01560787670314312
-0.007921861484646797
0.07907814532518387
-0.12757828831672668
0.09206060320138931
0.05117814615368843
-0.04036377742886543
0.06608041375875473
-0.04759404435753822
0.1625320017337799
0.234402596950531
0.11420464515686035
0.07979243993759155
0.018098978325724602
0.1291515827178955
-0.09487641602754593
-0.05807451903820038
0.03901736065745354
0.02002449333667755
-0.09094342589378357
-0.103709876537323
0.11667834222316742
0.24339108169078827
0.11111225187778473
0.218049094080925
-0.20270824432373047
0.12592332065105438
-0.21185649931430817
-0.14659106731414795
-0.17403936386108398
-0.23252750933170319
0.18585480749607086
-0.060612451285123825
0.014913980849087238
0.22972361743450165
0.04948044568300247
0.029952209442853928
0.1235785037279129
0.20591096580028534
0.02152550220489502
-0.17932017147541046
-0.08448873460292816
-0.06613259017467499
-0.19963321089744568
0.0573105663061142
-0.06907564401626587
0.12189503014087677
-0.02417774684727192
0.1358337700366974
0.12321535497903824
-0.20445623993873596
0.19092734158039093
-0.15404990315437317
0.06576216220855713
-0.08634869009256363
0.001638594432733953
-0.14697100222110748
0.19170919060707092
0.06234033405780792
-0.22641661763191223
-0.08677609264850616
0.05687159299850464
0.19711492955684662
-0.0909915342926979
-0.13153745234012604
-0.205155149102211
-0.013701439835131168
-0.20318427681922913
0.001478284946642816
-0.0939338281750679
-0.12405487895011902
0.06855887919664383
0.14139406383037567
-0.04212556034326553
-0.005450286902487278
0.20322497189044952
-0.07980848103761673
0.09921636432409286
0.0884149819612503
0.030688269063830376
-0.15645024180412292
-0.021459495648741722
0.06345918774604797
0.14736253023147583
0.14223067462444305
-0.1171606257557869
-0.19740307331085205
0.15488861501216888
-0.18116097152233124
0.17731760442256927
-0.14182862639427185
-0.047637756913900375
-0.07000701129436493
0.05122003331780434
0.1307823359966278
-0.16586394608020782
-0.22308339178562164
-0.1155305728316307
-0.16892948746681213
0.03273167461156845
-0.09310433268547058
-0.0991273820400238
-0.08113256096839905
-0.15661944448947906
-0.017257198691368103
0.1484237164258957
-0.05566374212503433
-0.17943516373634338
-0.20749221742153168
-0.13094067573547363
0.05946977436542511
0.1308508813381195
-0.049504298716783524
-0.11967095732688904
-0.03121928498148918
0.10007837414741516
-0.005867077503353357
-0.02704274281859398
0.031862154603004456
-0.046229708939790726
0.021021120250225067
0.07405629754066467
-0.15170234441757202
-0.0255037322640419
-0.05695352330803871
0.09493491053581238
-0.17842750251293182
-0.00979701615869999
-0.17130835354328156
-0.14737965166568756
0.004837306682020426
-0.030949709936976433
0.004073611460626125
0.19100554287433624
-0.1164092943072319
-0.1510424166917801
0.1296127438545227
-0.1823301464319229
0.010972938500344753
0.14686216413974762
0.1256306767463684
-0.13945214450359344
0.17074312269687653
-0.20045174658298492
-0.07720780372619629
-0.02918783575296402
-0.17940030992031097
-0.04428185522556305
0.16564011573791504
0.1294475495815277
0.01341081503778696
0.13100311160087585
-0.12979429960250854
0.10615270584821701
0.057861313223838806
0.005548382643610239
-0.04413451626896858
0.03304385766386986
0.1417979598045349
0.009398034773766994
-0.08012989908456802
-0.18253028392791748
-0.1383572220802307
0.07265502959489822
0.010940128937363625
0.006841939873993397
-0.10191689431667328
0.005570126231759787
0.13028424978256226
-0.02442958392202854
-0.09161372482776642
0.23999671638011932
-0.01094458345323801
0.058840736746788025
0.16785940527915955
-0.029645944014191628
-0.23588426411151886
0.117405004799366
0.047932468354701996
-0.0878668874502182
0.07323403656482697
-0.07870372384786606
-0.17145414650440216
-0.08132530748844147
0.08701364696025848
-0.12818053364753723
-0.05969560891389847
-0.09527090936899185
0.2493930160999298
0.2649569511413574
0.0197865292429924
-0.17513419687747955
0.06138456240296364
-0.178926482796669
0.012237085029482841
-0.10294215381145477
0.21885311603546143
-0.1556978076696396
0.22945638000965118
-0.15630686283111572
0.04716700688004494
0.03304372727870941
-0.13154232501983643
0.10805036127567291
0.2131696492433548
0.17333266139030457
0.018401090055704117
-0.0793810784816742
-0.05638591945171356
0.08450617641210556
0.1123509407043457
-0.18989089131355286
-0.016084395349025726
0.056624021381139755
0.09931979328393936
0.009283333085477352
-0.14590419828891754
0.038825031369924545
0.04787122830748558
-0.12354061007499695
-0.0923718735575676
-0.10579565167427063
-0.24698379635810852
0.20365062355995178
0.09254685789346695
0.1478787213563919
0.17899774014949799
0.21289308369159698
0.07925184816122055
-0.012027360498905182
-0.07905442267656326
-0.10784013569355011
0.0998934730887413
0.22753959894180298
0.03938640281558037
0.1963631510734558
-0.059112798422575
0.08307810872793198
-0.11083471029996872
0.21417351067066193
0.136299267411232
0.1404300332069397
-0.058283641934394836
0.0016390196979045868
0.12161987274885178
0.19617286324501038
0.1408301591873169
0.06513240188360214
-0.07408477365970612
-0.11405863612890244
0.10288643091917038
-0.1543763428926468
-0.14231428503990173
-0.09820186346769333
-0.039017822593450546
0.004065393004566431
0.00276218936778605
0.05539892986416817
-0.15513399243354797
-0.060293715447187424
-0.17741937935352325
0.07630876451730728
0.15881849825382233
-0.16971871256828308
0.16071723401546478
0.0393504872918129
-0.00990157201886177
0.1104455441236496
0.005758016370236874
0.047433145344257355
0.17631204426288605
-0.0941380113363266
0.1532328873872757
0.15642885863780975
-0.0011916664661839604
-0.15391910076141357
0.1798160970211029
-0.11507179588079453
0.2512664198875427
0.20739710330963135
-0.0635693296790123
-0.01556309498846531
0.25041598081588745
0.10348258167505264
-0.11540812253952026
-0.11553964018821716
-0.14688652753829956
0.19954393804073334
0.002223754534497857
0.16935497522354126
-0.07873315364122391
0.015283815562725067
0.04884598031640053
0.06370891630649567
0.05378909409046173
0.0984068512916565
-0.14129911363124847
0.0847189873456955
0.10079634189605713
0.02449270896613598
0.05133919045329094
-0.03449375554919243
0.12631134688854218
0.09207797795534134
-0.09121188521385193
-0.012648378498852253
0.12436804920434952
0.17256589233875275
0.10006281733512878
-0.05165732651948929
-0.023610705509781837
0.12511391937732697
-0.02581932581961155
-0.11127922683954239
-0.12537355720996857
0.015524824149906635
0.05246133357286453
0.16785508394241333
-0.10704191774129868
0.14518141746520996
-0.05704730004072189
-0.1821378469467163
0.16555383801460266
0.10832133144140244
0.021058527752757072
0.055675242096185684
-0.16326914727687836
-0.2365252822637558
0.026713628321886063
-0.020732738077640533
-0.1795583814382553
-0.054505545645952225
-0.05118464678525925
-0.1365237981081009
-0.13976487517356873
-0.09123418480157852
0.15511855483055115
-0.045480214059352875
-0.19324225187301636
0.10899736732244492
0.10982411354780197
-0.1780191957950592
0.08295635879039764
-0.04845112934708595
-0.18465757369995117
-0.03313416615128517
-0.19291146099567413
-0.15891394019126892
0.12231973558664322
-0.06190444529056549
0.022211024537682533
-0.09158599376678467
-0.1387365162372589
-0.09855058789253235
0.026686254888772964
0.12667615711688995
0.09099824726581573
-0.06464377045631409
0.0678379088640213
0.13406601548194885
-0.03330294042825699
-0.1665838360786438
-0.02129942923784256
-0.07516605406999588
-0.015992209315299988
0.18097659945487976
-0.1020718365907669
-0.14403468370437622
0.0022145919501781464
0.1539498120546341
0.2551560401916504
-0.22053387761116028
-0.06745034456253052
0.2540087401866913
0.06253284960985184
0.19870227575302124
0.13062776625156403
0.21963238716125488
-0.10464148223400116
0.15325196087360382
-0.10144266486167908
-0.16956178843975067
0.0852043479681015
0.05460559204220772
0.20629894733428955
0.007189469877630472
-0.10813771188259125
0.020877772942185402
0.03508831188082695
-0.09114845842123032
-0.1340755969285965
0.16201987862586975
0.08835842460393906
-0.05039536952972412
-0.05714058130979538
0.1167481318116188
-0.20694926381111145
0.22110319137573242
-0.02283209003508091
0.0002953257935587317
-0.019351819530129433
-0.08130726218223572
-0.06492474675178528
0.08142883330583572
-0.10529399663209915
-0.11698748916387558
0.1706295609474182
-0.17150627076625824
0.18358686566352844
-0.1664523184299469
-0.10562551766633987
0.14556142687797546
-0.12882277369499207
0.20107676088809967
0.11593491584062576
-0.002324482658877969
-0.1290593445301056
-0.15286579728126526
-0.110964335501194
-0.18230780959129333
0.06435257941484451
0.17750419676303864
0.19741128385066986
-0.2177169919013977
-0.13305091857910156
0.14654815196990967
0.09576235711574554
0.22450417280197144
-0.157027006149292
0.025857258588075638
-0.11926575005054474
-0.004317292477935553
0.15770378708839417
-0.02665909379720688
0.07891799509525299
0.19831645488739014
0.10848823934793472
-0.10241878032684326
0.08172338455915451
-0.13675831258296967
0.04823561757802963
0.15399131178855896
0.11422205716371536
-0.15349042415618896
0.15747931599617004
-0.1119086742401123
-0.09489956498146057
0.18044205009937286
0.06847736239433289
-0.006943441927433014
-0.10635441541671753
-0.13709254562854767
-0.21496249735355377
-0.02863873727619648
0.10812703520059586
-0.19968727231025696
-0.20687797665596008
0.07665261626243591
0.18960539996623993
-0.01118447445333004
-0.13223448395729065
0.11428479850292206
0.12475764751434326
-0.13963811099529266
0.13647860288619995
0.08557210117578506
0.13768458366394043
-0.11211740225553513
0.055533189326524734
-0.18857450783252716
-0.12611496448516846
-0.16320809721946716
-0.07087686657905579
-0.13301773369312286
0.10656137019395828
-0.22538383305072784
-0.11237837374210358
-0.19418834149837494
-0.1534666270017624
0.0969843864440918
-0.13044863939285278
-0.0464269258081913
-0.15318016707897186
0.11434037238359451
0.15008772909641266
0.07426167279481888
-0.2377229779958725
0.05013766884803772
0.18819668889045715
0.0282091423869133
-0.0043963054195046425
0.005787737667560577
0.007542820647358894
-0.238823801279068
-0.0218645129352808
0.1394807994365692
-0.020967528223991394
-0.16184887290000916
-0.10594473779201508
-0.149428129196167
-0.17793649435043335
-0.062450408935546875
-0.13223375380039215
-0.18321527540683746
0.1567816138267517
0.1841379553079605
0.11316611617803574
-0.23045149445533752
-0.055555861443281174
-0.04886534437537193
0.00929501373320818
-0.014528478495776653
0.0827547162771225
-0.026843806728720665
0.06028205528855324
0.2522326409816742
-0.242789164185524
-0.12397711724042892
-0.10496104508638382
-0.12460602074861526
0.06819046288728714
-0.22243231534957886
0.01261612493544817
0.011392995715141296
0.06464850157499313
-0.03654292970895767
-0.1526050865650177
-0.08210834860801697
0.11160539090633392
0.13114862143993378
0.07073160260915756
-0.13181278109550476
-0.05790266767144203
-0.05557270348072052
-0.027592752128839493
0.10070505738258362
0.1663135290145874
-0.1711575984954834
-0.06833506375551224
-0.08205711841583252
0.11298046261072159
-0.04952043294906616
0.030584251508116722
0.08611349761486053
-5.723509457311593e-05
-0.06166670843958855
0.20475167036056519
-0.06621623039245605
0.0014481970574706793
0.07570632547140121
0.18418627977371216
0.007264441344887018
-0.17502005398273468
-0.006023901514708996
-0.0635606199502945
-0.07183748483657837
0.10268133878707886
-0.026444077491760254
-0.04386742040514946
0.005138990003615618
0.1838417649269104
-0.004404366947710514
0.06229396164417267
0.012750920839607716
-0.16470906138420105
-0.07186495512723923
0.10493992269039154
-0.14736884832382202
-0.13190177083015442
0.06402771919965744
-0.11010140925645828
-0.22285844385623932
-0.1415780782699585
-0.17383117973804474
0.006022184155881405
-0.162526935338974
0.02950257994234562
-0.08270034939050674
0.17330323159694672
0.04433431103825569
-0.12823720276355743
-0.08882851898670197
-0.11921125650405884
-0.08997843414545059
0.16913233697414398
-0.17496608197689056
0.1755116581916809
-0.09281209856271744
-0.04493491351604462
-0.21352136135101318
0.1530178338289261
0.1755077838897705
-0.11414710432291031
-0.18471531569957733
0.008177021518349648
-0.1308910846710205
-0.07984738051891327
-0.05449071153998375
-0.13742493093013763
-0.028566917404532433
-0.09656428545713425
0.19688886404037476
-0.0013647532323375344
-0.05769667029380798
-0.15186309814453125
-0.03884631767868996
-0.06500443071126938
0.03630906715989113
0.09902836382389069
-0.007220073603093624
-0.05070270597934723
0.14101645350456238
0.14990516006946564
-0.16835935413837433
-0.020911866798996925
0.10760508477687836
0.2035621851682663
-0.2081049233675003
0.036839164793491364
-0.1750560849905014
-0.17190313339233398
-0.2041044384241104
0.1664210706949234
0.06912633031606674
-0.017074326053261757
-0.2235352247953415
-0.09102661907672882
0.15482749044895172
0.13745544850826263
-0.12752018868923187
0.13305525481700897
0.06008248031139374
-0.05116232857108116
0.16810564696788788
0.1931452453136444
0.12557056546211243
-0.043915338814258575
-0.06582857668399811
0.09127753973007202
-0.1496671438217163
-0.011925906874239445
0.07322126626968384
-0.00614802073687315
0.13270790874958038
-0.16591820120811462
-0.0017564725130796432
0.18103089928627014
0.1942204236984253
-0.10110809653997421
0.12340090423822403
0.19800084829330444
0.13154608011245728
-0.08004472404718399
0.18015503883361816
0.03269089385867119
-0.1937793493270874
-0.22630435228347778
-0.04187864437699318
-0.09265940636396408
-0.03404991701245308
-0.11690474301576614
-0.0749838650226593
0.07341402024030685
-0.058436620980501175
0.17330032587051392
0.014796624891459942
0.18816933035850525
-0.2394762635231018
0.06815803050994873
-0.08775652945041656
-0.17227183282375336
-0.032757848501205444
0.030087120831012726
0.13437658548355103
0.006649330724030733
0.1258620172739029
0.0630793422460556
-0.17715682089328766
0.03425190970301628
-0.18858079612255096
-0.050770483911037445
0.16440095007419586
-0.1318102777004242
0.01464889757335186
0.19282175600528717
0.211968794465065
-0.13894811272621155
0.12764997780323029
-0.03487677127122879
-0.023046551272273064
0.20641563832759857
0.12301725149154663
0.18279390037059784
0.0029578059911727905
-0.16881267726421356
0.24051246047019958
0.10476522892713547
0.2183670550584793
0.16041113436222076
-0.11728382110595703
0.1393720805644989
0.20863214135169983
0.08502602577209473
0.22985249757766724
0.0030197754967957735
-0.10940985381603241
-0.11601493507623672
-0.1764039695262909
-0.10069777071475983
-0.12758558988571167
0.14788690209388733
-0.054616909474134445
0.07289651036262512
0.04714178293943405
-0.012913951650261879
0.042524561285972595
-0.0580461211502552
0.1252138614654541
0.1480529010295868
0.03806804493069649
0.10124436765909195
0.008015263825654984
-0.01795215904712677
0.18570804595947266
0.15901729464530945
-0.10343829542398453
0.12497162818908691
0.08934842050075531
0.1464541107416153
0.13901151716709137
-0.020509343594312668
0.19582869112491608
0.008436337113380432
0.030644133687019348
0.1511862874031067
0.04221878945827484
0.05530592054128647
0.020622696727514267
0.12611761689186096
0.20825853943824768
0.0576448030769825
-0.183546245098114
-0.1476256102323532
0.10176540911197662
-0.08159315586090088
-0.22321902215480804
0.01028991024941206
0.10346431285142899
-0.18545225262641907
0.059896908700466156
-0.08171569555997849
-0.17863556742668152
-0.023352619260549545
0.11781217157840729
0.025709183886647224
0.16665653884410858
0.1553841233253479
0.16241100430488586
-0.14604885876178741
0.08054234832525253
0.009150388650596142
0.12244276702404022
0.20936013758182526
0.011013013310730457
-0.13484807312488556
0.09380599856376648
-0.11321236938238144
-0.1440344601869583
0.2010507583618164
-0.22023579478263855
0.23260684311389923
-0.1292685866355896
0.1359817236661911
0.2437477707862854
-0.06386473774909973
0.052305880934000015
-0.08944234251976013
-0.16689246892929077
0.12194745242595673
-0.09273266792297363
0.035158779472112656
-0.15409915149211884
-0.06931375712156296
0.03744421526789665
-0.16696061193943024
0.049897123128175735
0.028942491859197617
-0.16908316314220428
0.03854694217443466
-0.09343135356903076
-0.02874138019979
0.09526785463094711
-0.057533033192157745
0.10069653391838074
0.05789688602089882
-0.10722991824150085
0.15441855788230896
-0.13513697683811188
0.041893042623996735
0.16718725860118866
-0.059201400727033615
0.12366855144500732
0.0940745621919632
0.10161013901233673
0.15716756880283356
0.029277414083480835
-0.06634422391653061
-0.20724746584892273
0.1281210333108902
-0.16521714627742767
-0.2352679818868637
-0.08707591891288757
0.013330316171050072
0.11932385712862015
0.06027466803789139
0.15806250274181366
0.1484435498714447
0.027268560603260994
0.2400391548871994
0.024743352085351944
0.261270135641098
0.10803252458572388
-0.057571738958358765
0.09230879694223404
0.21072664856910706
0.0621514655649662
0.04614289849996567
-0.06159427389502525
0.037357036024332047
-0.19535334408283234
0.14043651521205902
0.08568593859672546
-0.21447427570819855
0.025709157809615135
0.16484755277633667
0.1304919421672821
0.15533460676670074
0.2137591689825058
-0.13210761547088623
0.10423952341079712
0.027506839483976364
0.035562071949243546
0.07366850972175598
0.1589190810918808
-0.11733276396989822
-0.07259666174650192
0.10388398915529251
-0.046171884983778
-0.06458136439323425
-0.11736651510000229
-0.05602738633751869
-0.14716887474060059
-0.013435843400657177
-0.04339846596121788
0.2701371908187866
0.05877353623509407
0.07694981247186661
-0.036155279725790024
0.07999688386917114
0.10655544698238373
0.14816781878471375
0.05138615146279335
0.06058385968208313
-0.025471985340118408
-0.04749029874801636
-0.11005369573831558
-0.1628853678703308
0.02162872441112995
0.07791683822870255
0.006055789068341255
0.0939292386174202
0.055512167513370514
-0.16553474962711334
0.2515934705734253
-0.17854490876197815
-0.22995124757289886
0.007358828093856573
0.07886411249637604
0.15520299971103668
-0.0060984487645328045
-0.08284802734851837
-0.041728485375642776
0.018984416499733925
-0.10150696337223053
0.03661536052823067
0.19524884223937988
0.1851259022951126
-0.21625356376171112
-0.0141983637586236
-0.07984430342912674
-0.0037789656780660152
-0.039409615099430084
0.16306643187999725
0.06418415904045105
-0.20383138954639435
0.008210725151002407
-0.14322036504745483
-0.08676387369632721
-0.06465893983840942
0.19747982919216156
0.025043155997991562
0.16443456709384918
0.16563396155834198
-0.03533325344324112
-0.21993710100650787
-0.06472595036029816
-0.17640435695648193
-0.1451222449541092
-0.20143680274486542
-0.017844360321760178
-0.17303861677646637
0.13862451910972595
0.11613475531339645
-0.011833008378744125
0.00409574992954731
-0.1656835526227951
-0.1783948540687561
-0.1983965039253235
-0.0012717628851532936
-0.18334795534610748
0.13028644025325775
0.12256977707147598
-0.20482294261455536
0.1822250932455063
-0.04645436257123947
-0.12928546965122223
-0.17283937335014343
-0.18024073541164398
-0.0427069328725338
0.13477365672588348
0.07169724255800247
-0.06546204537153244
0.08610185980796814
0.051810480654239655
-0.16326378285884857
-0.17080846428871155
-0.11635232716798782
0.09826594591140747
-0.10917963087558746
-0.06369513273239136
-0.24756714701652527
-0.045835502445697784
-0.14659328758716583
-0.011347386986017227
-0.05709913745522499
0.1808399111032486
0.04597119987010956
-0.13181908428668976
0.12202580273151398
-0.013262496329843998
-0.14514143764972687
-0.18446238338947296
0.04085526987910271
0.04336300864815712
-0.052477676421403885
0.04912794753909111
-0.13485872745513916
0.06385769695043564
-0.10066701471805573
-0.07003864645957947
-0.2010912001132965
-0.06716636568307877
-0.19646473228931427
-0.13746705651283264
-0.13221488893032074
-0.21534107625484467
-0.140284925699234
-0.06757059693336487
-0.034060828387737274
-0.10946724563837051
0.03894149139523506
-0.01836932636797428
0.14893051981925964
0.14074815809726715
-0.08409953117370605
-0.05737985670566559
0.1370658278465271
-0.05324631556868553
-0.1369069367647171
-0.14794303476810455
0.19250811636447906
0.18960602581501007
-0.21776162087917328
0.0037684307899326086
-0.11820147931575775
-0.22851160168647766
0.024802660569548607
0.0844564288854599
-0.10889576375484467
0.17864838242530823
0.03634588047862053
-0.10349423438310623
-0.0540962740778923
-0.1996118128299713
0.06385352462530136
0.03468216955661774
0.1678507775068283
-0.227579727768898
0.12675663828849792
0.14631059765815735
0.11429357528686523
0.001978304935619235
0.1480351835489273
-0.06640070676803589
-0.21639478206634521
-0.13121120631694794
-0.05978525057435036
0.14201772212982178
0.1476266235113144
0.10010665655136108
-0.1173204779624939
0.03717014938592911
0.191433846950531
0.05798652395606041
-0.01813352480530739
0.23080888390541077
0.12817992269992828
0.06318452209234238
0.14468412101268768
0.11150512099266052
0.005501751787960529
0.06388290971517563
-0.0767292007803917
0.20134896039962769
0.060483839362859726
0.20624853670597076
0.23295262455940247
-0.04252099618315697
0.24034051597118378
0.17698460817337036
0.22667743265628815
0.07958584278821945
-0.12404291331768036
0.022051384672522545
-0.0037085842341184616
0.26899197697639465
0.15783418715000153
-0.05500911921262741
-0.10793697834014893
-0.13835342228412628
-0.10329382866621017
0.03084135614335537
0.12233997136354446
-0.06737916171550751
0.2094130665063858
0.05163714662194252
0.17694203555583954
-0.17169903218746185
-0.1475130021572113
0.062201883643865585
0.147360697388649
0.08247654885053635
0.19184814393520355
-0.20380404591560364
0.10107827186584473
-0.14008760452270508
-0.17811574041843414
0.0792606920003891
0.2654601037502289
-0.1857326775789261
0.10403569042682648
-0.09604138135910034
-0.16758586466312408
-0.12881241738796234
0.12623006105422974
-0.08568888157606125
0.022860394790768623
-0.01937696896493435
0.0639890804886818
0.09072176367044449
0.07720483094453812
0.0040342723950743675
-0.11966995149850845
0.14141692221164703
0.19469910860061646
0.16589778661727905
0.009227476082742214
0.05462629720568657
-0.06612756848335266
0.025419337674975395
-0.12317100912332535
0.0330483503639698
-0.003431085031479597
0.036351799964904785
0.02648415043950081
0.02395934984087944
0.22031262516975403
-0.16797558963298798
-0.14660558104515076
0.13248854875564575
0.12091868370771408
-0.21452362835407257
0.06151369586586952
0.12871529161930084
0.16144506633281708
0.07848851382732391
-0.05303134396672249
0.007207357324659824
0.020663995295763016
-0.11947311460971832
0.12117321044206619
-0.09292053431272507
0.09220653027296066
0.12950003147125244
0.15465353429317474
0.18147842586040497
-0.05290532112121582
0.048633184283971786
0.1500738263130188
0.17912743985652924
-0.09414973855018616
0.026804136112332344
-0.046178292483091354
-0.05037979036569595
-0.1286211460828781
-0.07021519541740417
0.11238427460193634
-0.012657396495342255
0.11095291376113892
0.10648613423109055
-0.12987181544303894
-0.10473469644784927
-0.17457152903079987
0.03298347070813179
0.1935747265815735
0.05751091241836548
-0.21610359847545624
-0.09656192362308502
-0.05903027206659317
0.01071990467607975
-0.08783874660730362
0.048942118883132935
0.17592479288578033
0.12475063651800156
-0.06139543652534485
-0.1184905469417572
0.14570654928684235
-0.07570776343345642
-0.1182238906621933
0.08916984498500824
0.11062776297330856
0.06752283871173859
-0.09401270002126694
0.05673132464289665
-0.010398996993899345
0.06294940412044525
-0.22822947800159454
-0.1856849640607834
-0.2161732316017151
0.10888894647359848
-0.08907865732908249
0.0358702689409256
-0.23245111107826233
-0.04491879418492317
0.022279158234596252
-0.16500286757946014
0.18007679283618927
-0.04573070630431175
0.09970821440219879
-0.1564386636018753
-0.0018829787150025368
0.17250531911849976
0.06605688482522964
-0.05424637719988823
-0.06581521034240723
0.1594080775976181
-0.2207198143005371
-0.033705778419971466
0.14695648849010468
-0.08911505341529846
-0.13627471029758453
-0.01429965440183878
-0.0332748144865036
-0.018342919647693634
-0.08449212461709976
0.15607640147209167
-0.06469549238681793
0.08638544380664825
-0.12479877471923828
0.16710452735424042
-0.05642028525471687
-0.13801495730876923
0.19114777445793152
0.17537063360214233
0.13473975658416748
0.11571487039327621
-0.20475168526172638
0.186723992228508
0.07703540474176407
-0.14590927958488464
0.094197116792202
-0.027643868699669838
-0.06936462968587875
0.18445619940757751
-0.0788128525018692
0.07101620733737946
0.09509103000164032
0.029617169871926308
-0.23257344961166382
-0.15394341945648193
-0.013040909543633461
-0.13921795785427094
0.06773824244737625
-0.09001870453357697
0.07113409787416458
-0.16350233554840088
-0.0838707983493805
0.1480063647031784
-0.23361259698867798
-0.023990018293261528
-0.09562550485134125
0.13480062782764435
-0.17808207869529724
-0.05609516799449921
-0.04865048825740814
-0.13060562312602997
0.0049653435125947
-0.051893752068281174
-0.19972841441631317
0.18710169196128845
0.1332208812236786
0.17664608359336853
-0.20911818742752075
-0.042494334280490875
-0.07260588556528091
0.03872789815068245
-0.22920475900173187
-0.13228441774845123
-0.20250138640403748
-0.0710761547088623
-0.07857710123062134
0.07321523874998093
-0.03284787759184837
0.04632119461894035
0.03525075316429138
0.06992046535015106
0.04972739890217781
0.19252830743789673
0.007000017445534468
-0.07238391041755676
-0.03373057395219803
0.0856955349445343
0.030334360897541046
0.08170516788959503
0.08224322646856308
-0.09293049573898315
-0.17759749293327332
0.04121280461549759
0.044626522809267044
0.13586114346981049
-0.02623557671904564
-0.17503757774829865
-0.14442819356918335
0.086348757147789
-0.12088347971439362
0.16893400251865387
0.013845176436007023
-0.13641835749149323
-0.09716468304395676
-0.09086623787879944
-0.10745971649885178
-0.19716812670230865
0.1691216379404068
-0.054885126650333405
0.10375842452049255
0.20111744105815887
-0.1679251790046692
0.058650191873311996
-0.022361457347869873
0.043717704713344574
0.1795622557401657
0.12713158130645752
-0.15512433648109436
0.13474760949611664
-0.002971662674099207
0.05090627074241638
-0.06472747772932053
-0.09991616010665894
-0.09558890759944916
0.158212810754776
-0.10157311707735062
0.05100008472800255
0.1710503250360489
-0.11951803416013718
-0.07126522064208984
0.00850006751716137
0.19560334086418152
0.021242523565888405
0.0001400047622155398
-0.0762438178062439
-0.06450989842414856
-0.005283762235194445
-0.13539299368858337
-0.14373335242271423
0.24876192212104797
0.11237602680921555
0.10960949957370758
-0.20862768590450287
-0.1866561770439148
0.07004210352897644
-0.0498298779129982
-0.04418611526489258
0.19346533715724945
0.21747896075248718
0.09393211454153061
-0.13160324096679688
0.013553147204220295
0.12859724462032318
-0.11871177703142166
-0.04883379861712456
-0.06884583085775375
-0.021883217617869377
0.22470128536224365
-0.11978142708539963
0.19650937616825104
0.2700299322605133
-0.09919660538434982
0.057709868997335434
-0.028195079416036606
0.06901989132165909
0.052694059908390045
-0.13162702322006226
0.2128325253725052
-0.1125003919005394
0.07322483509778976
-0.19330564141273499
-0.015509488992393017
-0.1867154836654663
-0.07370281964540482
0.15115021169185638
0.04786954075098038
-0.09906888753175735
0.1110658273100853
-0.21419751644134521
-0.07297036796808243
-0.2340376228094101
-0.04099250212311745
-0.006994780618697405
0.12443067133426666
0.02901424653828144
0.018760791048407555
0.053098224103450775
-0.10002787411212921
0.13404209911823273
0.08092954009771347
-0.02914012223482132
-0.11661679297685623
0.2142869085073471
0.07741224020719528
0.17179113626480103
0.11226983368396759
-0.14974476397037506
-0.17041078209877014
-0.1268153339624405
-0.06368494778871536
-0.03843790292739868
-0.0021141082979738712
0.21890889108181
-0.14601263403892517
0.17669789493083954
0.1897110790014267
0.08448196947574615
-0.1307907998561859
0.1054091677069664
0.04475357010960579
0.12694625556468964
-0.08572607487440109
0.1458577662706375
0.12360889464616776
-0.050337180495262146
0.0055144112557172775
-0.007335961796343327
0.21894973516464233
0.08997120708227158
0.10198655724525452
-0.08288894593715668
-0.057731375098228455
0.09458024799823761
0.026066385209560394
-0.03707043454051018
0.056938547641038895
0.1470675766468048
0.1693795919418335
0.012409224174916744
-0.0047233495861291885
0.033897630870342255
-0.026605796068906784
0.008157826960086823
-0.06835996359586716
0.10641835629940033
0.02378516085445881
0.17890162765979767
0.07633531093597412
-0.1600365787744522
-0.09098425507545471
0.06707004457712173
0.002334707183763385
-0.014345875009894371
-0.01757805235683918
0.22809739410877228
0.005715420935302973
-0.09154991805553436
0.1403876692056656
-0.11370933055877686
0.028080472722649574
-0.13965244591236115
0.2311665415763855
0.17202921211719513
0.1313810646533966
-0.1262531727552414
-0.11737582087516785
0.10857327282428741
0.11031808704137802
0.07413019239902496
0.15512296557426453
-0.08859959244728088
-0.07517518848180771
-0.1267395168542862
-0.14783383905887604
-0.12332548946142197
0.009109104052186012
-0.24447068572044373
-0.11757882684469223
-0.12867991626262665
0.018088459968566895
0.195724755525589
-0.014809452928602695
0.014458651654422283
-0.10840948671102524
-0.08799657970666885
0.025071144104003906
0.13574860990047455
0.17147964239120483
-0.002336486941203475
-0.1153038963675499
0.1778973639011383
0.1242840364575386
0.25875791907310486
-0.20117847621440887
0.21481458842754364
-0.15348607301712036
0.19027946889400482
0.20208965241909027
-0.19851568341255188
-0.04038441926240921
0.0707426443696022
-0.07139655947685242
0.05554888769984245
0.1921786218881607
0.060241468250751495
0.07745815813541412
0.22288478910923004
0.2357838749885559
0.02977495640516281
0.08502446860074997
-0.020436352118849754
0.023257536813616753
-0.12166892737150192
0.012229369021952152
0.019998544827103615
-0.19162237644195557
-0.043389301747083664
0.14191247522830963
-0.029288288205862045
0.1450047641992569
-0.042841650545597076
0.1022111177444458
0.2238178849220276
-0.1505192071199417
0.030669070780277252
0.07382287830114365
0.23346711695194244
0.2366686910390854
0.07421243190765381
-0.02873370051383972
0.20760133862495422
-0.07302110642194748
0.09618344157934189
0.059084247797727585
-0.0983210876584053
0.1982455849647522
-0.06052465736865997
0.17860908806324005
0.017693931236863136
0.08732882887125015
0.009535564109683037
-0.16243283450603485
0.009251726791262627
-0.15422934293746948
0.2645050883293152
0.17562438547611237
-0.09251504391431808
-0.20443274080753326
-0.0704197809100151
-0.14024874567985535
-0.2402041256427765
0.17289239168167114
-0.16035626828670502
-0.001646044896915555
0.04028792306780815
0.21819472312927246
0.09553200751543045
0.2144879847764969
0.14963823556900024
0.2745440900325775
0.09806986153125763
0.07788975536823273
-0.024731559678912163
-0.0006650644936598837
-0.03799619898200035
0.01818753406405449
0.05093449726700783
0.04629245027899742
-0.0038205876480787992
0.11435519903898239
-0.16221897304058075
-0.1583748608827591
0.24366655945777893
0.09589933604001999
-0.0830025002360344
-0.07261911779642105
0.11867304146289825
-0.20371723175048828
0.21375416219234467
-0.002997467527166009
-0.21524980664253235
-0.08905384689569473
0.00025057909078896046
-0.08440790325403214
-0.05488009750843048
0.09268546104431152
-0.2181084007024765
0.055669914931058884
0.10238618403673172
0.03737186640501022
-0.08255822211503983
0.16754014790058136
-0.11580531299114227
-0.17601396143436432
-0.05968248471617699
-0.016045454889535904
-0.19298838078975677
0.002038718666881323
0.1870497316122055
0.2118963897228241
0.09822912514209747
0.08564728498458862
0.05188713222742081
0.22279050946235657
-0.09097886830568314
-0.13088750839233398
-0.16894413530826569
0.09616643190383911
0.1886845827102661
0.18332068622112274
0.17314988374710083
0.16060124337673187
-0.09861245006322861
0.11730191856622696
0.07206013053655624
-0.064296655356884
-0.016202125698328018
0.10131184756755829
0.007463841699063778
-0.23296108841896057
0.16974125802516937
0.118199422955513
0.10756756365299225
-0.10070035606622696
-0.04685613140463829
0.05011972039937973
-0.16160091757774353
0.20101693272590637
0.13484187424182892
0.027290329337120056
0.056950680911540985
-0.17749623954296112
0.1684964895248413
0.025534283369779587
-0.12138761579990387
-0.15463365614414215
-0.06255686283111572
0.1606237292289734
0.026152070611715317
-0.15476667881011963
0.13904862105846405
0.10385095328092575
0.007136167958378792
0.2642921805381775
0.0834013819694519
0.11460995674133301
0.14271318912506104
0.05209309235215187
-0.1624661237001419
-0.20123808085918427
-0.046450477093458176
0.14759695529937744
0.09951874613761902
0.02007901482284069
0.027548080310225487
-0.11784571409225464
0.10787642747163773
0.04848232492804527
-0.15333743393421173
-0.1480090618133545
0.08499010652303696
0.03575338423252106
-0.22781480848789215
0.09930329769849777
-0.08635591715574265
0.06229296326637268
0.10700735449790955
0.020487196743488312
-0.038580670952796936
0.009875643067061901
0.17452530562877655
-0.14746272563934326
-0.19639089703559875
-0.031430695205926895
-0.06191779673099518
-0.009631171822547913
0.1867360770702362
-0.11609945446252823
-0.01460251398384571
-0.07523488998413086
0.015907684341073036
-0.043109115213155746
-0.016096141189336777
-0.04053795710206032
-0.013694326393306255
-0.12332719564437866
0.06069564074277878
0.03584832698106766
0.1563030332326889
-0.005358716007322073
0.08384483307600021
0.19361963868141174
-0.13329823315143585
-0.024995846673846245
0.1605805903673172
-0.021892068907618523
0.015292545780539513
0.11624082922935486
-0.2405814379453659
0.1205037534236908
-0.16352884471416473
-0.055213067680597305
-0.11636550724506378
0.15567006170749664
-0.022968249395489693
-0.07629971951246262
-0.03637692704796791
0.21259351074695587
-0.02423960156738758
0.1476641744375229
0.15276120603084564
0.1849909871816635
0.09258825331926346
0.05966183915734291
-0.07185769081115723
-0.08514326810836792
0.2105911523103714
-0.0593981072306633
0.13216818869113922
-0.011750570498406887
-0.11715393513441086
-0.02335749752819538
0.01762094721198082
-0.09248144179582596
-0.15258392691612244
-0.15560047328472137
0.10904814302921295
-0.14050936698913574
-0.07855178415775299
0.18984654545783997
-0.1936003565788269
-0.19425441324710846
-0.18966875970363617
0.17319244146347046
0.13677078485488892
-0.08344655483961105
-0.09567086398601532
0.06993107497692108
-0.0678250715136528
-0.1475210338830948
0.019610695540905
0.09570817649364471
0.02353963814675808
-0.18437521159648895
0.1603459119796753
0.15394553542137146
0.2149956375360489
0.13744229078292847
-0.12746880948543549
0.061548035591840744
0.1398923248052597
0.06898869574069977
-0.023366481065750122
0.12598849833011627
0.006759263575077057
-0.032347410917282104
0.05784696713089943
-0.16929680109024048
-0.021666212007403374
0.09840542078018188
0.061568405479192734
0.1320032924413681
0.1240186020731926
-0.035528723150491714
0.11732762306928635
0.09894056618213654
-0.05340929329395294
-0.19473573565483093
-0.1305580735206604
0.03793661296367645
-0.1551014631986618
0.08765848726034164
-0.054966725409030914
0.002427648054435849
-0.09674600511789322
0.1738794595003128
-0.09240370988845825
-0.1441463828086853
0.06454651802778244
-0.12450828403234482
-0.12692919373512268
0.08347704261541367
-0.03401563689112663
-0.04172723740339279
0.00308726797811687
-0.11750733852386475
0.04398227483034134
0.1586022675037384
0.009779058396816254
0.013948519714176655
-0.11733315140008926
0.19791072607040405
-0.009673569351434708
0.10619562119245529
0.02972792461514473
0.08255752921104431
-0.06842154264450073
0.17605853080749512
0.004300255794078112
0.09953748434782028
-0.11693157255649567
-0.10539134591817856
-0.07754801958799362
0.05673889443278313
-0.019834786653518677
-0.16089947521686554
0.1813277304172516
-0.10982517898082733
0.0241844542324543
0.13769374787807465
-0.18706555664539337
0.06325474381446838
-0.1306338608264923
-0.16123203933238983
0.10415124893188477
-0.12507028877735138
0.1220903992652893
-0.11481534689664841
-0.16435374319553375
-0.06538952887058258
-0.16442744433879852
-0.06244108825922012
0.07803315669298172
0.16254189610481262
-0.19561302661895752
-0.058010343462228775
0.11384430527687073
-0.13670828938484192
-0.06236856058239937
0.1981385350227356
-0.18117614090442657
0.1610511690378189
0.18875618278980255
-0.04494243487715721
-0.026450440287590027
-0.028258265927433968
0.013101727701723576
0.01777419075369835
0.18381650745868683
0.11691436171531677
0.12254330515861511
-0.005207784473896027
0.05642158165574074
0.14345207810401917
0.17666950821876526
0.16961020231246948
0.14863422513008118
0.001779911108314991
-0.15273860096931458
-0.010880531743168831
0.08205264061689377
0.16574695706367493
0.15183506906032562
-0.11223828792572021
0.03491801396012306
-0.24092718958854675
-0.03136518970131874
0.03998146206140518
0.12004266679286957
0.16460169851779938
0.1902376115322113
0.14327195286750793
-0.06821341067552567
0.09285866469144821
-0.09521917998790741
-0.04179799556732178
-0.0171323511749506
-0.054722920060157776
-0.07502026855945587
0.17450051009655
-0.16163784265518188
0.12653490900993347
-0.08921253681182861
-0.12186936289072037
0.05940571427345276
-0.20024849474430084
0.14454780519008636
-0.16552947461605072
0.08607309311628342
-0.17715509235858917
0.1392379105091095
0.1664157211780548
0.027749095112085342
-0.1606488674879074
0.11193842440843582
-0.11958194524049759
-0.14678318798542023
0.12027914077043533
-0.04040065035223961
-0.17790921032428741
-0.18265986442565918
-0.17599524557590485
-0.08256543427705765
-0.19280840456485748
-0.1543876975774765
0.12539704144001007
-0.013883665204048157
-0.19386769831180573
-0.1392945647239685
0.06442730128765106
-0.02449934184551239
-0.0440925769507885
0.11906522512435913
-0.21190965175628662
-0.13890743255615234
-0.05144672095775604
0.09215682744979858
-0.1926937848329544
0.16931293904781342
0.03547438234090805
-0.22619284689426422
-0.023507993668317795
-0.15650956332683563
-0.14707720279693604
-0.019879257306456566
-0.03349689021706581
0.14491522312164307
0.002128023887053132
-0.032454054802656174
0.16244728863239288
-0.018487947061657906
0.1570921689271927
0.17468497157096863
0.07735932618379593
0.03916734829545021
-0.03184710815548897
0.030736232176423073
0.18935805559158325
-0.1885838508605957
-0.16320328414440155
-0.009507719427347183
-0.08428223431110382
0.04311371222138405
0.09857168048620224
-0.13111601769924164
0.042281802743673325
0.21093995869159698
0.22300264239311218
0.19827011227607727
0.08545837551355362
0.18518459796905518
-0.019487375393509865
0.15863582491874695
-0.11471311748027802
-0.007790706120431423
-0.1891353875398636
-0.2011675089597702
-0.01401895098388195
-0.15222641825675964
0.0013339730212464929
0.102851502597332
-0.06867120414972305
-0.04268430173397064
0.09061172604560852
0.13241127133369446
0.18331226706504822
0.034405823796987534
-0.17045938968658447
-0.16830120980739594
0.13724996149539948
0.13067404925823212
0.0939827710390091
-0.10955504328012466
0.12893065810203552
0.16768662631511688
-0.024316126480698586
0.10060930997133255
0.009630595333874226
0.00498817628249526
0.005871457047760487
0.11958303302526474
-0.13044600188732147
-0.1336071640253067
0.2002502679824829
-0.018252337351441383
0.16472987830638885
0.1775546669960022
0.11083649098873138
0.049674324691295624
-0.019139820709824562
0.15834680199623108
0.03179546073079109
-0.21081753075122833
-0.122745580971241
-0.10807282477617264
-0.11114003509283066
-0.10030155628919601
-0.17040668427944183
-0.028856689110398293
-0.12166238576173782
-0.10207574814558029
0.01111523900181055
0.16181130707263947
0.16354842483997345
-0.19499710202217102
-0.021591098979115486
-0.1855381429195404
0.19846288859844208
-0.10661337524652481
0.23698192834854126
-0.008171584457159042
-0.05086994543671608
-0.0032917018979787827
-0.03675983473658562
0.13294272124767303
0.051022954285144806
-0.20711134374141693
-0.06234440952539444
0.05686580389738083
0.13546369969844818
-0.07418814301490784
0.24067305028438568
-0.054278623312711716
0.054621096700429916
-0.15560564398765564
0.20976479351520538
-0.04975145682692528
-0.18283711373806
-0.1651287078857422
-0.09496691823005676
-0.006272972095757723
-0.13513314723968506
0.2383735626935959
0.1839822232723236
0.09165496379137039
0.18801537156105042
-0.1386057585477829
0.17452684044837952
-0.022592870518565178
0.043802179396152496
-0.08411246538162231
0.07364936918020248
0.026215072721242905
-0.16687838733196259
0.04277976229786873
-0.07935437560081482
0.17882898449897766
-0.00663278391584754
0.20736713707447052
0.07423511892557144
-0.03061457723379135
-0.0031151282601058483
-0.02452836185693741
-0.19389905035495758
0.028458628803491592
0.2403993159532547
0.2048458307981491
0.09711563587188721
0.017053697258234024
-0.09858335554599762
-0.0070105064660310745
-0.003863581223413348
-0.09804707765579224
-0.01535058580338955
0.1038283109664917
0.24138887226581573
0.26627302169799805
-0.0460829995572567
0.13735346496105194
0.06977255642414093
-0.09695044159889221
-0.16715146601200104
-0.16802990436553955
0.01685198023915291
-0.12160185724496841
0.03319966048002243
-0.05050160363316536
-0.12890443205833435
-0.06280960142612457
0.022065388038754463
-0.01497143879532814
0.08027438819408417
-0.03032561205327511
-0.13668042421340942
0.0888204500079155
0.18919916450977325
-0.10373609513044357
-0.09843015670776367
-0.145698681473732
0.07241402566432953
0.16957248747348785
-0.09958864748477936
-0.09440922737121582
-0.19135726988315582
0.17398624122142792
0.21370314061641693
0.2287278175354004
0.005242714658379555
0.13896355032920837
-0.08789250254631042
0.045311179012060165
-0.14958718419075012
0.2157329022884369
0.09289146214723587
0.10138775408267975
-0.045830924063920975
-0.05419612303376198
-0.1832364797592163
0.13036376237869263
0.02908635139465332
-0.1298559010028839
-0.08228571712970734
-0.051496099680662155
-0.23271913826465607
0.2198331505060196
-0.009896453469991684
0.18505381047725677
-0.11171916872262955
0.002073083771392703
0.026838256046175957
-0.1341961920261383
0.17280074954032898
-0.09761388599872589
0.04253923147916794
-0.12464189529418945
-0.007641599979251623
-0.09011535346508026
0.18319712579250336
-0.036455437541007996
0.0503619909286499
0.09039733558893204
-0.03761214390397072
-0.1657639443874359
-0.07098667323589325
0.0685679018497467
0.13606539368629456
-0.1565428227186203
-0.022410692647099495
0.10806708037853241
-0.24220049381256104
0.12116691470146179
0.04714648425579071
-0.16419579088687897
0.19845889508724213
-0.08217737078666687
0.013502533547580242
0.0028708672616630793
0.009148224256932735
-0.1057293638586998
0.15112648904323578
0.15986821055412292
0.004394748248159885
0.020608853548765182
0.06288756430149078
0.08887342363595963
0.16094836592674255
-0.2222706526517868
-0.08363670110702515
0.21233795583248138
-0.03963592275977135
0.08017371594905853
0.14881540834903717
-0.15018020570278168
0.1593325138092041
0.14812703430652618
-0.1286328285932541
0.14722990989685059
-0.07374171167612076
-0.14983700215816498
-0.21987059712409973
0.19851112365722656
0.15930065512657166
-0.009785179980099201
0.04570164903998375
0.1602858006954193
0.12795871496200562
0.009837293066084385
-0.02195305936038494
0.06528745591640472
-0.04632404446601868
-0.20319250226020813
0.14682266116142273
-0.2273065745830536
0.011318943463265896
-0.019030841067433357
-0.12756827473640442
0.04236552119255066
-0.05079040676355362
-0.028043296188116074
0.004667380359023809
-0.08366215229034424
0.1628897339105606
-0.0561559684574604
0.15078073740005493
-0.1328669935464859
0.11793258786201477
0.048284828662872314
-0.1806231141090393
-0.13701309263706207
-0.13211198151111603
0.030858350917696953
-0.11703729629516602
-0.13511091470718384
-0.13609819114208221
0.1381278932094574
0.13568997383117676
0.03253207355737686
-0.0003442071028985083
-0.19515572488307953
0.04125703126192093
-0.1202249526977539
-0.12230423837900162
-0.16856251657009125
-0.11163987964391708
-0.04396158456802368
0.04907514527440071
0.11194887012243271
0.13917335867881775
-0.09340577572584152
0.01438204012811184
-0.19795812666416168
-0.11523392051458359
0.060750968754291534
-0.1971849948167801
0.10482890903949738
-0.16347625851631165
-0.18941687047481537
-0.17548660933971405
0.1695699542760849
0.007210140116512775
-0.08977038413286209
0.1470508873462677
0.17082343995571136
0.10074145346879959
0.18600037693977356
0.17747993767261505
0.18588414788246155
-0.08991379290819168
0.13340793550014496
0.013589311391115189
0.03501107171177864
-0.11075063049793243
0.038801372051239014
-0.03890248015522957
-0.09312818199396133
-0.22095917165279388
-0.006110771559178829
0.15599101781845093
-0.243257075548172
-0.02751438319683075
-0.17014525830745697
-0.07539147138595581
-0.12852001190185547
-0.1125941053032875
-0.10687194764614105
-0.2163347750902176
0.12934155762195587
-0.12898114323616028
-9.625247912481427e-05
-0.12464896589517593
0.1052258312702179
-0.174403578042984
-0.11621764302253723
0.15613418817520142
0.09340879321098328
-0.1569456309080124
-0.19803780317306519
-0.11848970502614975
-0.0996258407831192
0.029246296733617783
0.04241562262177467
0.004365237895399332
0.07681677490472794
0.19263239204883575
-0.19809485971927643
-0.014935151673853397
0.041192248463630676
0.18893714249134064
0.18807832896709442
0.03972579166293144
0.11861295998096466
0.07235763967037201
0.16084298491477966
0.009437818080186844
-0.09427696466445923
-0.218730628490448
-0.19540761411190033
0.10433529317378998
-0.12121916562318802
0.20247572660446167
0.05492144450545311
0.07590437680482864
-0.05454660579562187
-0.10799385607242584
0.002754849148914218
-0.13052719831466675
0.1034119725227356
0.10556548088788986
-0.1971188187599182
0.12897607684135437
0.00040753238135948777
0.08913204818964005
-0.1253090798854828
0.15257680416107178
0.05321667343378067
-0.1425737887620926
-0.06915052235126495
0.14968234300613403
-0.13435618579387665
0.12427493929862976
-0.13140307366847992
0.11611250042915344
-0.16278545558452606
0.09102315455675125
-0.015608535148203373
0.03415603190660477
0.029561450704932213
-0.13988055288791656
0.12570598721504211
0.054146282374858856
0.07082928717136383
0.05756956711411476
0.0036929643247276545
0.16882604360580444
0.17344193160533905
0.0515177883207798
0.11385232955217361
-0.058473240584135056
0.11149489134550095
-0.13366402685642242
0.1534847766160965
0.11113135516643524
-0.08911162614822388
-0.07122407108545303
0.2045798897743225
0.03535302355885506
0.15719451010227203
-0.07617998123168945
-0.05418678745627403
0.20524941384792328
-0.23413874208927155
-0.156767338514328
0.2334437519311905
0.13636822998523712
-0.23008359968662262
-0.006128805689513683
-0.19924531877040863
0.20513783395290375
0.08126293867826462
0.15116819739341736
0.13099341094493866
0.18502409756183624
-0.08774381130933762
-0.09272684901952744
0.0915481373667717
0.0916319340467453
0.185048446059227
0.08252166211605072
-0.024328013882040977
-0.11444249004125595
0.1379489153623581
-0.08954194188117981
0.08788303285837173
0.02872585877776146
0.022445471957325935
0.02534840628504753
-0.0055895233526825905
-0.14131765067577362
0.0419507771730423
0.0024582401383668184
-0.21320240199565887
0.13959752023220062
-0.02575697749853134
0.007393030449748039
-0.004637374076992273
0.07520431280136108
0.010934519581496716
-0.10017826408147812
0.0611344613134861
0.024867217987775803
-0.13674892485141754
0.07528936117887497
0.22152823209762573
0.1420847624540329
0.018788624554872513
0.04922529682517052
-0.027709217742085457
-0.06533292680978775
0.10218200832605362
-0.08677941560745239
-0.09332435578107834
-0.1287827342748642
-0.05616725981235504
0.21162033081054688
-0.1284986436367035
0.09746913611888885
0.01674925722181797
-0.09309814870357513
0.015588531270623207
0.19712288677692413
0.24538129568099976
0.011482179164886475
-0.10286107659339905
-0.011636747047305107
-0.15416918694972992
-0.20218701660633087
-0.14641815423965454
-0.09610934555530548
0.16543449461460114
-0.1350875049829483
0.13480526208877563
0.18517062067985535
0.19717061519622803
-0.13165122270584106
-0.01032770425081253
-0.17916199564933777
0.1421882063150406
0.1948956996202469
-0.04405469447374344
0.06480313092470169
0.16938453912734985
0.13250629603862762
0.23958761990070343
0.022270379588007927
-0.18673084676265717
-0.13224545121192932
-0.04633565619587898
0.14902667701244354
0.2246277928352356
0.015110855922102928
0.011990800499916077
0.1400344967842102
-0.12847329676151276
0.23787733912467957
-0.008278236724436283
0.03683440014719963
0.1453494131565094
0.028583725914359093
0.08327245712280273
-0.18100899457931519
-0.22903227806091309
0.14828316867351532
-0.024534305557608604
0.12517191469669342
0.022422239184379578
-0.06904195994138718
-0.22449980676174164
-0.007160427048802376
0.20884622633457184
-0.13645954430103302
-0.1401127427816391
0.08962451666593552
0.020375631749629974
-0.021991441026329994
-0.0956227257847786
-0.028591899201273918
0.05703505501151085
0.0062939757481217384
-0.07824812829494476
0.09221193939447403
0.2170950472354889
0.18306933343410492
0.08454518765211105
-0.06383185088634491
0.06166292354464531
-0.22438575327396393
0.06195921078324318
0.1623600870370865
0.1819504201412201
0.15101876854896545
0.21274442970752716
-0.1321178376674652
-0.04086984694004059
-0.11832559108734131
0.0023120613768696785
0.21520574390888214
0.191872701048851
0.20368920266628265
-0.1579718142747879
0.12112860381603241
-0.08370836824178696
-0.16086018085479736
-0.05636496841907501
0.06788558512926102
0.11129160225391388
-0.1957952082157135
-0.034454479813575745
0.05391215160489082
-0.16963399946689606
0.06530440598726273
0.12659454345703125
-0.09526143968105316
-0.03304846212267876
0.06034640967845917
-0.03842594847083092
-0.04345601052045822
-0.20301195979118347
-0.15148910880088806
0.1418200433254242
-0.14959979057312012
0.21042658388614655
-0.17513659596443176
-0.19684875011444092
-0.02753208577632904
0.10855404287576675
0.028072023764252663
0.14138750731945038
0.00795847736299038
0.06756237894296646
0.010223111137747765
0.04364149272441864
-0.20347364246845245
0.050003670156002045
-0.11418447643518448
0.002459888346493244
-0.013828904367983341
-0.07614080607891083
0.19840770959854126
0.17852051556110382
-0.03022642433643341
0.03690747171640396
-0.198855921626091
-0.08106046169996262
0.09261315315961838
0.01799154467880726
-0.13878358900547028
-0.03095652349293232
0.0407109297811985
0.046169016510248184
-0.023116787895560265
0.06183302775025368
0.057409994304180145
0.11460073292255402
0.1808178424835205
-0.1881641447544098
-0.029609518125653267
0.1683536171913147
0.04611048474907875
0.07433977723121643
-0.03908957168459892
-0.13717277348041534
-0.1402873545885086
0.13152049481868744
0.12398671358823776
-0.11808959394693375
-0.12556669116020203
0.08168431371450424
0.046829432249069214
-0.16980013251304626
-0.01673722267150879
0.0893903449177742
0.05674134939908981
-0.0804075226187706
-0.23665300011634827
0.14991749823093414
-0.03912742808461189
0.1792195439338684
0.16897925734519958
-0.18791700899600983
0.1738276183605194
-0.017843861132860184
-0.013194821774959564
-0.17151422798633575
-0.09822080284357071
-0.18907403945922852
-0.008624369278550148
0.1598920077085495
-0.042985718697309494
0.143384650349617
-0.06499118357896805
0.030619464814662933
-0.10684194415807724
-0.16638536751270294
-0.11409097164869308
-0.013126305304467678
0.11043441295623779
-0.05376146361231804
0.1077670156955719
0.10086856037378311
-0.09215352684259415
-0.23287846148014069
0.138395756483078
0.10096661746501923
-0.174459770321846
-0.1938134729862213
0.1011948212981224
0.050574421882629395
0.15393926203250885
0.13669468462467194
-0.11319054663181305
-0.14632342755794525
0.1713811308145523
0.07358372211456299
-0.15751230716705322
-0.06370330601930618
0.13913589715957642
-0.15672552585601807
0.030842682346701622
-0.05590023100376129
0.16178591549396515
0.21177703142166138
0.020720675587654114
-0.22046153247356415
-0.18752087652683258
-0.19348160922527313
0.0757640078663826
-0.005238342098891735
0.14616362750530243
0.1743914932012558
0.057049088180065155
-0.016929876059293747
0.09153413027524948
0.056278739124536514
-0.0630442202091217
-0.19185248017311096
0.07176254689693451
0.18734034895896912
-0.10430258512496948
-0.05958113819360733
-0.07278013974428177
0.16411489248275757
0.08353220671415329
0.07440994679927826
0.039649948477745056
0.011468127369880676
-0.019895337522029877
0.17794841527938843
-0.08484671264886856
-0.15773962438106537
-0.10217990726232529
0.14155596494674683
0.12218901515007019
-0.17423541843891144
0.16045042872428894
-0.13734784722328186
-0.18186821043491364
0.1857450008392334
0.17632462084293365
0.0030463901348412037
-0.019836917519569397
0.17290590703487396
0.14607523381710052
0.05493101850152016
0.02138308808207512
0.19177588820457458
-0.09515231847763062
-0.10656306147575378
-0.020289741456508636
0.0002449705498293042
0.2565978765487671
-0.023500971496105194
-0.0896557867527008
-0.15675580501556396
0.013447117060422897
-0.024080853909254074
0.026413673534989357
-0.2270677536725998
-0.07830484956502914
0.20664280652999878
-0.013871178030967712
0.15323054790496826
-0.07726103067398071
0.029052449390292168
-0.1413661688566208
0.16924376785755157
-0.24310335516929626
-0.0596134215593338
-0.09938965737819672
0.04440894350409508
-0.1802733987569809
0.1657344400882721
-0.018982378765940666
0.12623493373394012
0.1734461933374405
-0.02604071795940399
0.12510329484939575
-0.05433710291981697
0.23765331506729126
-0.02576058730483055
0.1482531726360321
0.05457950755953789
-0.05064511299133301
0.07992633432149887
0.1840793490409851
0.08952745050191879
0.04933346435427666
0.050575677305459976
-0.07123912870883942
0.030612677335739136
-0.05765613913536072
-0.1842922568321228
0.15088410675525665
-0.16867698729038239
0.26445645093917847
0.02210361137986183
-0.18825656175613403
0.17890411615371704
-0.029863236472010612
-0.21061116456985474
-0.15757523477077484
-0.07756143808364868
0.11523351073265076
0.2547805607318878
0.1705702841281891
0.05612875521183014
-0.11293315887451172
0.09953838586807251
-0.05720663070678711
0.06326410174369812
-0.08431107550859451
-0.16224507987499237
-0.06570849567651749
-0.11957834661006927
-0.11071158945560455
0.2216353714466095
-0.18518134951591492
-0.05720469355583191
0.05650883913040161
-0.09857383370399475
0.05582228675484657
0.12450150400400162
-0.1272352784872055
-0.15606899559497833
0.131348118185997
-0.04193051904439926
-0.22535905241966248
0.14388298988342285
0.03996530547738075
0.20666411519050598
0.11737502366304398
0.24839794635772705
-0.07938901335000992
-0.21514321863651276
0.00016453387797810137
0.2204342931509018
0.08097977936267853
-0.15797150135040283
0.09743187576532364
0.23563332855701447
-0.10171093791723251
-0.1326659917831421
-0.13607685267925262
0.14616574347019196
0.20741483569145203
0.08329013735055923
-0.08553515374660492
0.24528706073760986
-0.1277409940958023
0.011300109326839447
-0.2067798227071762
-0.013411278836429119
-0.1142268106341362
-0.11160310357809067
-0.17409659922122955
0.09711278975009918
0.07846421003341675
0.013275218196213245
-0.18187102675437927
-0.030710211023688316
-0.09816138446331024
-0.06086510047316551
0.267325758934021
0.02692081592977047
-0.19886362552642822
0.09996960312128067
0.21532738208770752
0.25380539894104004
-0.04608413949608803
0.06932876259088516
0.05048225447535515
-0.07125698775053024
-0.018700843676924706
-0.11759306490421295
0.03530647233128548
-0.17116230726242065
-0.09276869893074036
0.08898754417896271
0.15212835371494293
0.03680470213294029
-0.1347941756248474
-0.01760096102952957
-0.11442726105451584
0.11147236824035645
-0.06242167204618454
0.16654475033283234
-0.05300378054380417
0.22889092564582825
0.18355567753314972
0.11224444955587387
0.11088825762271881
-0.09115768224000931
0.14575570821762085
0.20057767629623413
0.17052794992923737
-0.17791059613227844
0.05222972482442856
0.2012982815504074
-0.15877985954284668
0.05517806485295296
0.14253200590610504
-0.15072119235992432
-0.11161507666110992
-0.15837281942367554
0.039685316383838654
0.06158804893493652
0.06045554205775261
0.17876340448856354
0.20310717821121216
0.10840298235416412
-0.0017565720481798053
0.06785226613283157
-0.15156693756580353
-0.07075894623994827
-0.1942349672317505
0.015552455559372902
-0.042924914509058
-0.12360683083534241
0.05699848756194115
-0.0871574655175209
0.14416521787643433
0.2051612138748169
0.08794908970594406
0.045134659856557846
-0.12172847241163254
0.02327859215438366
-0.05161565542221069
-0.00894717313349247
0.007242228370159864
0.1505439281463623
-0.0894211083650589
0.21293208003044128
0.0978979766368866
-0.19685813784599304
-0.0478445403277874
0.021837221458554268
0.1747618168592453
0.22526666522026062
0.2021871954202652
0.17260056734085083
0.1179795190691948
0.24779635667800903
0.10294627398252487
0.24398574233055115
0.08281738311052322
0.16844384372234344
0.04104376584291458
0.08813241124153137
0.0936177670955658
-0.07268480211496353
-0.0061529455706477165
-0.04171320050954819
-0.19254209101200104
-0.16507375240325928
-0.15655100345611572
0.09271533787250519
0.24812355637550354
-0.1405297815799713
-0.013163476251065731
-0.07538300007581711
0.21033744513988495
-0.18213461339473724
-0.0672353208065033
-0.02511308342218399
0.12865419685840607
-0.2655407786369324
0.17891989648342133
-0.17189225554466248
-0.1545242965221405
0.14274178445339203
0.2054705023765564
0.07422788441181183
0.07937579602003098
-0.046125054359436035
0.11938760429620743
-0.03685849532485008
-0.04850270226597786
-0.10654982179403305
-0.10282323509454727
-0.0014882925897836685
-0.030410440638661385
0.07691752910614014
-0.0408339686691761
0.22101423144340515
0.07279286533594131
-0.11926664412021637
-0.09388774633407593
-0.11994607001543045
-0.03537512943148613
0.02538873814046383
-0.16260021924972534
-0.051185157150030136
0.05229531601071358
-0.02518780343234539
0.07553867250680923
-0.06629984080791473
0.18238818645477295
0.0934886485338211
-0.14094504714012146
0.034777261316776276
0.02274860255420208
0.10034999996423721
-0.12966866791248322
0.018327811732888222
0.08933944255113602
-0.11959522217512131
0.055404748767614365
0.11171229928731918
-0.05982283875346184
-0.11612067371606827
-0.082321397960186
0.2358432561159134
0.00518376100808382
0.016342585906386375
0.09009446203708649
0.05052928626537323
-0.17023125290870667
-0.02382645756006241
-0.18830056488513947
0.1243293359875679
0.10614427924156189
0.2769051194190979
0.03208964318037033
0.16241048276424408
-0.016799116507172585
-0.13982011377811432
0.1123366430401802
0.17259927093982697
0.042536817491054535
-0.1724179983139038
0.18297870457172394
0.12048487365245819
-0.06345072388648987
0.11689478158950806
-0.19696564972400665
-0.14801408350467682
-0.09285567700862885
-0.14791426062583923
0.11832123249769211
-0.09871119260787964
0.07978261262178421
0.15814991295337677
-0.15223830938339233
-0.07726038247346878
0.1815917193889618
-0.0870731994509697
0.0587146170437336
-0.0756082683801651
0.011364433914422989
-0.16598866879940033
0.057315051555633545
0.061163436621427536
0.17734774947166443
0.11548446118831635
0.23617170751094818
-0.02093557082116604
-0.049167368561029434
-0.14950592815876007
0.023405330255627632
0.11740054190158844
-0.1785161793231964
-0.13731706142425537
-0.1497749537229538
0.13409897685050964
0.24270416796207428
0.025979163125157356
-0.0035090043675154448
0.20593684911727905
0.1386025995016098
0.09790947288274765
0.06430498510599136
0.04027752950787544
-0.13512659072875977
0.17099779844284058
-0.07099190354347229
0.01604507304728031
0.10588938742876053
0.20921194553375244
0.13897593319416046
0.1525937020778656
0.1739017814397812
0.17315319180488586
0.20037157833576202
0.09799227118492126
0.04395320266485214
0.16784437000751495
0.189431831240654
-0.14638365805149078
0.17115235328674316
0.1695173978805542
-0.06757066398859024
-0.012373954057693481
-0.1777847707271576
0.048679471015930176
-0.131646528840065
-0.02739664725959301
-0.016522636637091637
-0.04489946737885475
-0.02999560348689556
0.05006025359034538
-0.07901427149772644
-0.17299522459506989
-0.048824381083250046
-0.14220838248729706
0.12046180665493011
-0.04931442439556122
0.13434256613254547
0.20644919574260712
0.08384142816066742
0.22861647605895996
0.003100304864346981
0.16486182808876038
-0.09967134147882462
0.14709393680095673
0.012618147768080235
-0.0853198915719986
0.12420705705881119
-0.029342781752347946
-0.1966778188943863
0.06819841265678406
-0.054944705218076706
-0.17001233994960785
-0.06688597053289413
-0.09289540350437164
0.0918784812092781
0.11646219342947006
0.07938044518232346
0.13095690310001373
0.2280704528093338
-0.12459953874349594
0.024224938824772835
-0.202023446559906
-0.139879509806633
-0.16599418222904205
0.041268594563007355
-0.04672861471772194
0.044809162616729736
0.09412644058465958
-0.036377862095832825
-0.11289897561073303
0.0804959163069725
0.007413090206682682
0.15370717644691467
0.052610453218221664
0.21351704001426697
-0.08901578187942505
0.1351975053548813
0.1797608882188797
0.17860041558742523
-0.17990706861019135
-0.007577005308121443
-0.14272095263004303
-0.08160794526338577
-0.10905376076698303
0.007233727257698774
-0.011366141960024834
-0.1642528772354126
-0.07479478418827057
0.06621956825256348
0.1994350552558899
0.14841201901435852
0.21309113502502441
-0.15950781106948853
0.031091036275029182
0.2288224697113037
-0.009625988081097603
0.039883606135845184
-0.1504552960395813
-0.24341340363025665
0.19541461765766144
0.027198191732168198
-0.10467585921287537
0.22746136784553528
-0.1825038641691208
-0.23219409584999084
0.17680375277996063
-0.10429021716117859
-0.06031228229403496
-0.009505745954811573
-0.06554119288921356
-0.06790241599082947
0.08784439414739609
0.03421942889690399
-0.21254487335681915
0.10411977022886276
0.17671765387058258
0.09580455720424652
0.07123220711946487
-0.04259674996137619
0.10109830647706985
0.18234732747077942
-0.10301633179187775
-0.050189871340990067
-0.16066503524780273
-0.025264229625463486
0.01847432553768158
0.2288874238729477
0.13703572750091553
0.11722339689731598
0.17397776246070862
-0.09470292180776596
-0.08058765530586243
-0.20473089814186096
0.21634900569915771
-0.09860086441040039
-0.040698930621147156
0.25090035796165466
-0.008733799681067467
0.04099363088607788
0.24004897475242615
0.14987318217754364
-0.01312138233333826
-0.08425454050302505
-0.049303457140922546
0.039984963834285736
-0.152067631483078
0.25649532675743103
-0.10229053348302841
-0.040009789168834686
-0.06919749826192856
0.1703491508960724
-0.018966732546687126
-0.03185683488845825
0.09195811301469803
0.1614113450050354
0.11374853551387787
-0.13310189545154572
0.11418274790048599
0.1770814061164856
-0.11004696041345596
0.012765738181769848
0.2604431211948395
-0.06855200976133347
0.19459466636180878
0.030979545786976814
0.015946486964821815
-0.17495647072792053
-0.15721414983272552
-0.0820235088467598
0.160536989569664
-0.0233062244951725
-0.07926113158464432
-0.03221401572227478
0.15331819653511047
-0.058919452130794525
-0.16181425750255585
-0.11563549190759659
0.13360536098480225
-0.182268887758255
0.11541515588760376
0.1642988622188568
0.03781677037477493
-0.17293846607208252
-0.11636387556791306
0.1531166434288025
0.013904031366109848
0.20842091739177704
-0.17204616963863373
-0.017258236184716225
-0.14225134253501892
0.03409924358129501
0.0030862740240991116
-0.04452431946992874
0.06669507920742035
0.17702259123325348
-0.19272755086421967
-0.06376595050096512
0.0975983515381813
-0.21220959722995758
0.14717485010623932
0.12604540586471558
0.07635772973299026
-0.22274410724639893
0.04743989557027817
0.0826580747961998
-0.10925407707691193
0.09964317828416824
0.0808294266462326
-0.0066912490874528885
-0.044865500181913376
-0.07732554525136948
0.021462175995111465
-0.12761585414409637
-0.21738947927951813
-0.13606810569763184
0.18559622764587402
-0.22365698218345642
-0.08611750602722168
0.045072052627801895
0.04304778203368187
0.0420643575489521
-0.1398116648197174
-0.05974157527089119
-0.17386764287948608
0.008617539890110493
-0.004842018708586693
-0.181637242436409
-0.21302224695682526
0.10944022983312607
-0.07008661329746246
-0.19283977150917053
0.07063975930213928
0.08415818959474564
0.0737570971250534
-0.22348299622535706
-0.20095853507518768
0.010567263700067997
0.05216740816831589
-0.22767803072929382
0.050755567848682404
-0.11676833033561707
-0.03493884578347206
-0.08043574541807175
-0.10786402970552444
-0.13308598101139069
-0.19680967926979065
-0.2161817103624344
-0.05854479596018791
0.17916454374790192
0.015913939103484154
0.14363603293895721
-0.07649998366832733
0.05904833972454071
0.06759852170944214
-0.04897784814238548
-0.021160023286938667
-0.14717267453670502
0.17938192188739777
-0.08683750033378601
0.03985447436571121
0.21195422112941742
0.08908465504646301
0.11196151375770569
0.05361725389957428
0.11788446456193924
-0.10113926976919174
0.23834799230098724
-0.05878433585166931
-0.132520854473114
0.17742058634757996
-0.21008385717868805
-0.0688692182302475
-0.15335766971111298
0.10612674057483673
-0.09122101962566376
0.17888668179512024
0.09861569851636887
0.061944376677274704
-0.1261063516139984
-0.009749547578394413
0.19833765923976898
0.052710916846990585
0.11363088339567184
-0.13725419342517853
-0.1561681479215622
0.04999678209424019
0.023010576143860817
-0.20169022679328918
-0.03477814048528671
-0.08254026621580124
0.21536731719970703
0.15971973538398743
-0.18424946069717407
-0.11208299547433853
0.04709384962916374
0.23166042566299438
-0.028460770845413208
0.09943962842226028
0.13816852867603302
-0.05474911630153656
0.05055553466081619
0.21127532422542572
-0.19627031683921814
-0.0629027709364891
-0.02604789286851883
0.051992323249578476
0.16065606474876404
0.033903833478689194
0.17649105191230774
-0.033295828849077225
-0.09040743857622147
0.06935953348875046
-0.026378484442830086
-0.11404430866241455
0.057690441608428955
0.17246994376182556
-0.12681353092193604
0.19224725663661957
-0.004900880623608828
-0.0935371071100235
0.02413339540362358
0.08781501650810242
0.03865978866815567
0.23122774064540863
0.04211662709712982
-0.057945724576711655
0.17268182337284088
-0.1661350578069687
0.14684274792671204
0.042292773723602295
-0.06462527066469193
0.06302905082702637
0.03066141903400421
-0.1772066354751587
0.03361339867115021
0.191620334982872
-0.12500807642936707
-0.12476933002471924
-0.01673593930900097
0.09914080053567886
-0.04767230153083801
0.033385708928108215
-0.13792219758033752
0.027307765558362007
0.008518288843333721
0.255572646856308
-0.11804402619600296
-0.1925860345363617
0.09557962417602539
0.10896960645914078
-0.21972520649433136
-0.01135769672691822
-0.1523364782333374
0.13832607865333557
0.18398523330688477
0.18960924446582794
-0.06785883009433746
0.20563267171382904
-0.0028136142063885927
0.17916586995124817
-0.038725484162569046
0.05581558495759964
-0.16814491152763367
0.10395219922065735
0.13903658092021942
0.10618457198143005
0.14801959693431854
-0.053543154150247574
-0.06218879669904709
0.0941641703248024
-0.15444153547286987
0.13274596631526947
-0.02133048139512539
-0.19583465158939362
-0.09540457278490067
0.19551676511764526
0.15022818744182587
-0.15575054287910461
-0.02133471518754959
-0.07104557752609253
0.014302571304142475
-0.021498218178749084
0.17585717141628265
0.06027456372976303
0.012101694010198116
0.037155281752347946
0.13310818374156952
0.04096388444304466
-0.03258137404918671
0.1365547925233841
0.07495041191577911
-0.08580672740936279
-0.12294550240039825
0.14490234851837158
-0.09661956131458282
0.19867098331451416
0.09767118096351624
-0.15799878537654877
0.09893981367349625
0.18591001629829407
-0.10723955929279327
0.13254715502262115
-0.1918860375881195
-0.051566313952207565
0.22130011022090912
-0.0033841498661786318
0.10602854937314987
0.07238762825727463
-0.1092105284333229
0.10820269584655762
-0.14247484505176544
-0.022190701216459274
-0.05044247582554817
0.10538806021213531
0.10247033089399338
-0.1804531067609787
-0.08371169865131378
-0.11129225790500641
0.1175648644566536
-0.19416296482086182
-0.0063864788971841335
-0.09889698028564453
-0.1384657770395279
-0.09070246666669846
-0.06472975760698318
0.10229537636041641
0.06430529057979584
0.08869872987270355
0.09063685685396194
0.2292647808790207
0.19598671793937683
-0.014245983213186264
-0.11571407318115234
0.24625705182552338
0.22393359243869781
-0.1743515133857727
0.20186837017536163
-0.019367074593901634
-0.12586256861686707
-0.00553708802908659
0.16267290711402893
-0.03180547431111336
0.12686380743980408
0.2092197835445404
-0.22221438586711884
0.14254550635814667
-0.07396312057971954
-0.00728642288595438
0.0172413419932127
0.02030092105269432
0.02713211439549923
0.058503903448581696
0.2633587121963501
0.16058263182640076
-0.03824359178543091
0.04650488868355751
-0.07363740354776382
-0.05763629823923111
-0.020014235749840736
0.03969721496105194
-0.14627429842948914
-0.05895085260272026
0.22233596444129944
-0.10583779215812683
0.22804857790470123
-0.0855008214712143
0.09167777001857758
-0.14098376035690308
0.06313811242580414
0.010327021591365337
0.22315120697021484
0.00021440061391331255
0.07050775736570358
-0.233219176530838
-0.14478877186775208
-0.0720306858420372
0.13220824301242828
-0.00874523539096117
0.1886262148618698
0.016492892056703568
-0.123534195125103
0.07587925344705582
-0.11042942851781845
-0.07334589958190918
0.07361309230327606
-0.06233423575758934
-0.05566003918647766
-0.018676355481147766
0.004693026188760996
0.14885449409484863
-0.040121160447597504
0.14804141223430634
-0.1778043508529663
0.011226147413253784
0.2475835531949997
0.15057609975337982
-0.1560954451560974
-0.1231386810541153
-0.0166070144623518
0.23595021665096283
0.11835772544145584
0.1212424710392952
0.15611381828784943
0.01174338348209858
0.20170831680297852
-0.12421486526727676
-0.2274622768163681
-0.046015042811632156
-0.16243723034858704
0.0514841228723526
-0.002413434674963355
0.1343391239643097
0.08058039844036102
-0.04655297100543976
0.06828438490629196
0.02800658904016018
-0.02454058825969696
-0.06511145085096359
-0.08573371917009354
-0.03956633433699608
0.07790547609329224
0.1654009073972702
0.014216587878763676
0.24445122480392456
0.020674988627433777
0.1339201033115387
0.1795046627521515
0.19842717051506042
-0.18117697536945343
0.02845684438943863
-0.055291105061769485
-0.07890055328607559
-0.003022532444447279
0.005380236543715
0.1422710418701172
0.16960129141807556
0.28965237736701965
0.01740449108183384
0.16785569489002228
0.16507719457149506
-0.024614350870251656
-0.04801104962825775
-0.1929480880498886
-0.007326927501708269
-0.194987490773201
-0.1413789838552475
-0.06507109850645065
-0.024091124534606934
-0.04381077364087105
0.047972671687603
0.04759543016552925
0.061742670834064484
0.15163026750087738
-0.027641065418720245
-0.20178045332431793
-0.14123055338859558
-0.09679559618234634
0.08904807269573212
0.22154076397418976
0.025147195905447006
0.08452989161014557
-0.0561303086578846
0.13537299633026123
-0.12215352803468704
-0.12777431309223175
0.032295845448970795
0.09657998383045197
-0.12280602753162384
-0.14461717009544373
0.1598556637763977
-0.15656429529190063
-0.15449576079845428
0.017283162102103233
-0.005523154512047768
0.06477197259664536
-0.10765564441680908
0.05055340379476547
0.07284581661224365
0.1945728063583374
-0.10925287008285522
0.03958051651716232
0.21157044172286987
-0.0015367098385468125
0.12421831488609314
0.1341962218284607
0.00209479290060699
0.1514783799648285
-0.12878435850143433
-0.11372201889753342
0.10842574387788773
0.0720207616686821
0.13772445917129517
-0.06826632469892502
-0.006424167659133673
0.2520950734615326
-0.1205381527543068
0.058293309062719345
-0.08824698626995087
-0.11692606657743454
0.10155683010816574
0.24639195203781128
0.02218550816178322
0.05918092653155327
-0.22410255670547485
-0.09183011204004288
0.1398894041776657
-0.24708852171897888
0.11208967119455338
-0.1451149880886078
-0.1141040101647377
-0.06255729496479034
0.14883160591125488
-0.15111051499843597
0.21797533333301544
-0.1885526329278946
0.1931968480348587
-0.009182609617710114
0.19146253168582916
0.13120009005069733
-0.12983183562755585
-0.11329156905412674
0.05549108609557152
-0.05049412325024605
-0.13154910504817963
0.0136183500289917
-0.023883718997240067
0.17377756536006927
0.20366546511650085
0.24602088332176208
-0.031678229570388794
-0.055909380316734314
-0.04209493473172188
-0.028084270656108856
0.16684164106845856
-0.13106513023376465
0.0010136062046512961
0.10782040655612946
0.009504505433142185
-0.14567644894123077
0.1654711663722992
0.0679054781794548
-0.0526881106197834
-0.06320226192474365
0.10396232455968857
0.05433839559555054
0.035886313766241074
0.16735297441482544
-0.18179740011692047
0.24756228923797607
0.2092522531747818
-0.33204612135887146
0.020432384684681892
0.2880708873271942
0.10531342029571533
-0.09704340994358063
-0.24297963082790375
0.06113918870687485
0.09900228679180145
-0.2589329481124878
-0.17977438867092133
0.2364574670791626
-0.3084598481655121
0.1711914986371994
-0.06809309124946594
0.15576060116291046
0.0926402285695076
-0.32992714643478394
-0.17650771141052246
-0.1749037206172943
0.17467935383319855
0.2419024556875229
-0.055337660014629364
0.09535349160432816
0.03994806855916977
0.13515324890613556
-0.18921054899692535
-0.1763889193534851
-0.1276080161333084
-0.09683088958263397
-0.03962235897779465
0.224249929189682
-0.15988759696483612
0.17772790789604187
0.06361814588308334
0.16258683800697327
-0.12334201484918594
-0.24482518434524536
0.27057161927223206
0.11753127723932266
0.10534951090812683
-0.3517904281616211
-0.291441410779953
0.19320450723171234
0.18321123719215393
0.05268741026520729
-0.3816446363925934
0.09094234555959702
0.2870194911956787
-0.14056187868118286
-0.15498493611812592
-0.2890450656414032
0.052200525999069214
-0.14141273498535156
0.21926826238632202
-0.24447757005691528
-0.18142926692962646
-0.24392111599445343
-0.3262316584587097
-0.30339139699935913
-0.2477656602859497
-0.021442139521241188
