-0.23681852221488953
-0.11529518663883209
-0.023990226909518242
-0.1287899613380432
0.14186035096645355
-0.028221024200320244
-0.25563517212867737
-0.0874905064702034
0.15120528638362885
0.20296600461006165
-0.034551311284303665
-0.02507188729941845
0.06400426477193832
0.08577211946249008
0.08250772953033447
-0.13244768977165222
0.2264932245016098
0.23463785648345947
0.19964522123336792
-0.0952301174402237
0.016357863321900368
0.09408221393823624
-0.03441983088850975
0.019630109891295433
0.025254953652620316
0.3704521656036377
-0.04215468838810921
0.05303393304347992
0.17609184980392456
-0.06609174609184265
-0.12345077097415924
-0.08592943102121353
0.12467066943645477
0.1129082441329956
-0.03273164480924606
0.13650643825531006
0.07939615845680237
-0.07598046213388443
-0.08431932330131531
-0.1258055716753006
-0.05667534098029137
-0.056550610810518265
0.2540896534919739
-0.15882094204425812
0.0865769013762474
-0.01859404146671295
-0.04955688863992691
0.08685798943042755
0.12434307485818863
-0.07868240028619766
-0.24777336418628693
-0.03903958573937416
-0.14303497970104218
0.005730960983783007
-0.05059656500816345
-0.33160197734832764
-0.05399765074253082
0.1684580296278
-0.1600988805294037
0.0853954628109932
-0.09444783627986908
-0.17089545726776123
0.08289705961942673
-0.13514913618564606
0.0023618091363459826
0.02603616751730442
0.1689988374710083
-0.22775590419769287
0.10731618106365204
-0.11064590513706207
0.20744965970516205
-0.26200562715530396
-0.07455410063266754
0.04339706897735596
0.1303425133228302
-0.06367777287960052
0.229023739695549
-0.021999092772603035
-0.07922866195440292
0.15178976953029633
-0.09619408845901489
-0.034081678837537766
0.11091328412294388
0.01949954219162464
-0.11910979449748993
-0.02366071380674839
-0.05385112389922142
0.2042781263589859
0.10858843475580215
-0.11399780213832855
-0.24370677769184113
-0.034686338156461716
-0.13627614080905914
0.4088672399520874
-0.0007822404731996357
-0.10501590371131897
0.038089215755462646
-0.0347382016479969
0.16371597349643707
0.08237643539905548
-0.035363879054784775
-0.20118656754493713
0.08765731006860733
-0.14599469304084778
-0.27135103940963745
-0.18696337938308716
0.04525068402290344
0.2015184611082077
0.09401774406433105
-0.15892165899276733
0.01977553218603134
-0.3490442931652069
0.10601537674665451
0.1166166141629219
-0.3014755845069885
0.01802668906748295
0.0012409487972036004
0.06479708105325699
0.09028005599975586
-0.1437627077102661
-0.22577868402004242
0.16218897700309753
0.21378284692764282
-0.11255074292421341
0.09287010133266449
0.05643615126609802
0.03626381233334541
-0.17410573363304138
-0.2202340066432953
0.006468222942203283
0.10214399546384811
0.06983274966478348
0.06410389393568039
-0.0854988545179367
-0.04125526174902916
0.0133628835901618
0.21322177350521088
0.032489534467458725
-0.02098565362393856
-0.006927252747118473
0.0013111319858580828
0.24321013689041138
-0.2636014223098755
-0.19657781720161438
-0.03391570597887039
-0.1536828875541687
0.1325031965970993
-0.13570235669612885
0.15635113418102264
-0.29845136404037476
-0.03344782069325447
-0.2796292304992676
-0.2564822733402252
-0.19624441862106323
-0.02877463400363922
-0.14580978453159332
0.270953893661499
-0.036453425884246826
-0.052948642522096634
0.04790493845939636
0.02418453060090542
0.3305317163467407
-0.201851949095726
-0.06822304427623749
-0.11274399608373642
0.20331324636936188
-0.01478150486946106
-0.0013252666685730219
-0.03948785737156868
-0.24393300712108612
0.07490954548120499
-0.29659125208854675
0.01936860755085945
-0.06082901731133461
0.18989428877830505
-0.05611566826701164
-0.10127659887075424
-0.15914329886436462
0.05206289142370224
0.04202953726053238
0.16976657509803772
-0.0691356360912323
0.18890151381492615
0.26201796531677246
-0.13305331766605377
-0.08309438079595566
-0.22740468382835388
0.04645419865846634
0.3176456391811371
0.09652214497327805
-0.029541386291384697
0.030576471239328384
-0.12530797719955444
0.0030507496558129787
0.0019915758166462183
-0.17908896505832672
0.03861892968416214
-0.0958205983042717
-0.17625798285007477
0.17820978164672852
-0.007298081181943417
0.042519040405750275
-0.12286533415317535
-0.1462576687335968
-0.2767714560031891
0.09375377744436264
-0.0862451121211052
0.029481234028935432
-0.02473261021077633
0.34833163022994995
-0.0005772842559963465
0.013072236441075802
-0.04008151590824127
-0.054198313504457474
-0.009825210087001324
0.10313853621482849
-0.03508098050951958
0.07803550362586975
0.21257099509239197
-0.03096923977136612
0.10948877781629562
-0.19502072036266327
-0.055956363677978516
-0.0561087504029274
-0.197398841381073
0.0827716514468193
0.23485125601291656
-0.08531233668327332
-0.1975584328174591
-0.30988961458206177
-0.0031579523347318172
0.10152550041675568
-0.126872256398201
-0.1042834222316742
-0.22316431999206543
0.05961337313055992
0.045621633529663086
-0.01483115367591381
0.15505710244178772
-0.10777027904987335
0.10881225764751434
0.09976604580879211
-0.08340773731470108
-0.011029059067368507
0.02700304426252842
-0.15045619010925293
0.06794809550046921
-0.15026573836803436
0.1628195345401764
-0.09190414100885391
-0.07204199582338333
0.3682306706905365
-0.059988975524902344
-0.01242002658545971
-0.004856600426137447
-0.051112640649080276
-0.25014927983283997
0.09555380791425705
-0.1358201801776886
0.09210553020238876
-0.0842900276184082
0.2239840030670166
-0.022555634379386902
-0.016086289659142494
-0.323858380317688
-0.04941136762499809
-0.11604007333517075
0.04091304540634155
0.07089460641145706
-0.04161946848034859
-0.009597609750926495
0.1289142668247223
0.36293259263038635
0.06492438912391663
0.08937186002731323
0.3362686038017273
0.17569202184677124
-0.25276076793670654
-0.18974867463111877
0.13598226010799408
-0.06665891408920288
-0.00458026397973299
-0.13617753982543945
-0.08976119011640549
0.008281487971544266
0.17222175002098083
0.02423330582678318
-0.07812722027301788
-0.17404805123806
-0.006000881548970938
-0.022917477414011955
0.0867740735411644
-0.042070869356393814
0.0381903275847435
0.4676004946231842
0.06998629868030548
-0.16879397630691528
-0.18421520292758942
-0.04516260325908661
0.039438746869564056
0.2506527900695801
-0.13947981595993042
0.11676008254289627
0.05916984751820564
-0.06073613837361336
-0.07389131188392639
-0.05156867206096649
0.1364244818687439
0.03909750282764435
-0.09449625015258789
-0.08066102117300034
-0.09675484150648117
-0.03557942435145378
-0.04011024534702301
-0.26934388279914856
0.007199833169579506
-0.01562456227838993
-0.03185626491904259
0.0942525789141655
-0.11362051218748093
-0.14288809895515442
-0.04318753257393837
-0.0941820964217186
-0.06749803572893143
0.07357872277498245
-0.06967038661241531
0.05578109249472618
-0.08587735891342163
0.03159409388899803
0.2452024519443512
0.029002858325839043
-0.12688200175762177
-0.017192989587783813
0.015613294206559658
-0.09271443635225296
0.04898514226078987
0.12815216183662415
0.006929425522685051
-0.03790213540196419
-0.167513906955719
-0.29557016491889954
-0.08038783073425293
0.3448694050312042
-0.06382003426551819
-0.11610331386327744
-0.19715118408203125
0.1121961697936058
0.17034806311130524
0.005874635186046362
0.027408860623836517
0.016290869563817978
0.06646721810102463
-0.20355740189552307
-0.11087344586849213
-0.23050720989704132
0.002263000002130866
0.0766507238149643
0.03207862749695778
0.15298722684383392
0.1850082129240036
-0.08957593888044357
0.04954002797603607
-0.015985488891601562
-0.07240499556064606
0.06598223745822906
-0.015870168805122375
-0.16279307007789612
0.24893058836460114
-0.10069382935762405
-0.14406628906726837
0.09856854379177094
-0.052161529660224915
0.005230056121945381
0.09323988854885101
-0.11071562767028809
-0.12280521541833878
0.11976126581430435
-0.13480529189109802
-0.050276536494493484
-0.03079671785235405
-0.26727133989334106
-0.0011246234644204378
0.006455684546381235
0.11183062195777893
-0.013635310344398022
-0.18000109493732452
0.21823810040950775
-0.17845319211483002
-0.000509299454279244
0.32598093152046204
0.21327362954616547
-0.39542797207832336
-0.19373257458209991
-0.02277127094566822
0.07680363208055496
0.16980387270450592
-0.1656854748725891
0.1317937672138214
0.14900784194469452
-0.20599877834320068
0.2589709162712097
0.09553473442792892
-0.17404402792453766
-0.20801660418510437
0.036852240562438965
0.28421568870544434
0.02273881621658802
0.03755461052060127
-0.01468300074338913
-0.2853333055973053
-0.07028523832559586
0.09032057970762253
-0.16011248528957367
0.09901297837495804
0.00843772292137146
0.09622238576412201
-0.22141754627227783
-0.08079687505960464
-0.230223149061203
0.1716797798871994
0.11170535534620285
0.23502016067504883
0.21803070604801178
-0.02477801963686943
-0.09056303650140762
-0.06137613579630852
-0.06958533823490143
0.15617813169956207
-0.0425950326025486
-0.06832390278577805
-0.05519285053014755
-0.13464221358299255
-0.05485084280371666
0.07602348923683167
0.027270495891571045
-0.10605039447546005
0.016666840761899948
0.318619042634964
-0.14866723120212555
-0.01988082192838192
0.12526027858257294
0.10372522473335266
0.016288885846734047
-0.05591946840286255
-0.06456814706325531
-0.27347853779792786
0.118979811668396
0.06241314113140106
0.06900559365749359
-0.11249560117721558
0.15006199479103088
-0.1705758422613144
0.15270519256591797
0.13402102887630463
0.24631096422672272
-0.11272361874580383
0.2587227523326874
-0.09600651264190674
0.04094577580690384
0.0030686852987855673
0.09808376431465149
0.014115899801254272
0.2822849750518799
0.054178301244974136
-0.24890612065792084
-0.11319531500339508
0.012077348306775093
0.17476266622543335
-0.15135878324508667
0.002484093653038144
-0.0979519858956337
0.17248505353927612
-0.0041300226002931595
0.09476320445537567
-0.05410442873835564
-0.32659557461738586
-0.15764302015304565
0.049354031682014465
0.1848916858434677
-0.3495568335056305
0.0404752716422081
-0.1558525413274765
0.05453099310398102
0.04379141703248024
0.004312665667384863
-0.033746857196092606
-0.06483028084039688
-0.11551880836486816
-0.10524249076843262
0.14521656930446625
-0.059625498950481415
-0.1441347301006317
-0.16117003560066223
-0.06830722838640213
-0.23795770108699799
0.1980215311050415
0.099974125623703
0.1647903323173523
0.18277578055858612
-0.07397687435150146
-0.2664619982242584
0.02728630043566227
0.16141566634178162
0.04749280959367752
-0.1142922043800354
-0.07941634953022003
-0.008486910723149776
0.1987970620393753
0.1693434715270996
-0.16210108995437622
-0.026494860649108887
0.12823234498500824
0.09867683053016663
0.26517826318740845
0.09969902038574219
0.2922562062740326
0.00830625556409359
-0.07319040596485138
0.09425334632396698
-0.22845768928527832
-0.24850401282310486
-0.25499123334884644
-0.11001426726579666
-0.0832587406039238
-0.1071515679359436
0.16794484853744507
-0.09169495105743408
-0.08107724785804749
-0.10858236253261566
-0.13434362411499023
0.257845938205719
0.1154824048280716
0.22768518328666687
-0.029058335348963737
0.022335123270750046
-0.09335918724536896
0.028043381869792938
0.08955187350511551
0.1025811955332756
0.07206329703330994
-0.27021899819374084
-0.13302026689052582
0.08770197629928589
-0.16299690306186676
0.05947379767894745
0.14841938018798828
-0.25725337862968445
0.041297972202301025
0.21020998060703278
-0.12704536318778992
-0.01595665141940117
-0.10370463877916336
0.00039426086004823446
0.04276704788208008
0.16537824273109436
0.04644898325204849
-0.0643705502152443
0.3402509391307831
-0.03718574345111847
0.15725627541542053
-0.06074882298707962
0.022142954170703888
0.06626056134700775
-0.04173148423433304
-0.15994898974895477
-0.2083612084388733
0.028345594182610512
-0.1120511144399643
0.0625252053141594
-0.06854576617479324
-0.2971438467502594
-0.30269548296928406
-0.0036559703294187784
-0.01365102268755436
0.33768004179000854
0.035694874823093414
-0.15547648072242737
0.05257861316204071
0.017971090972423553
0.06070403754711151
0.09878986328840256
-0.1509898155927658
0.10136149823665619
0.140702024102211
-0.1068335548043251
-0.13482104241847992
0.1865699589252472
0.08069608360528946
0.19775310158729553
-0.2856772840023041
0.2318391650915146
0.17685429751873016
-0.028830038383603096
-0.18395379185676575
0.14701728522777557
-0.11061134189367294
-0.046910837292671204
-0.17092648148536682
-0.2631574869155884
0.10282879322767258
-0.04192060977220535
-0.1344698965549469
0.14164647459983826
-0.27377334237098694
0.0822916328907013
0.22488278150558472
-0.1122489795088768
0.008174470625817776
-0.005539411678910255
0.3788178861141205
-0.03233218193054199
-0.04334211349487305
-0.0021522468887269497
-0.07502292096614838
-0.1443098932504654
0.038065820932388306
-0.07088756561279297
-0.01634255051612854
-0.04267998784780502
0.12363504618406296
-0.06294450908899307
0.09459453821182251
0.04209867864847183
-0.12577059864997864
0.08920887112617493
-0.1285097897052765
0.06084839999675751
-0.09073474258184433
0.08826795965433121
0.2403668612241745
-0.007757267914712429
0.04296450689435005
-0.026259245350956917
-0.16267040371894836
0.1699683517217636
-0.06653536856174469
0.12371140718460083
-0.05223405733704567
-0.31771939992904663
-0.146185964345932
-0.22407501935958862
-0.1513081192970276
-0.045456238090991974
-0.2664740979671478
-0.07677220553159714
0.0658872053027153
-0.33686473965644836
-0.22163647413253784
-0.05402480065822601
-0.18726356327533722
0.3176993131637573
-0.04345791041851044
-0.08735725283622742
-0.044962748885154724
0.12278615683317184
-0.22984734177589417
-0.28575634956359863
-0.09153643250465393
-0.06325512379407883
0.00341824465431273
-0.037327781319618225
-0.0817188024520874
0.1085129901766777
0.1516406387090683
0.047583241015672684
0.03805427998304367
-0.28597939014434814
0.12613476812839508
-0.042427513748407364
-0.28204891085624695
-0.08159369975328445
-0.21759292483329773
0.04977688565850258
0.1321631222963333
-0.09629721939563751
-0.03430825099349022
-0.26628682017326355
-0.14326506853103638
0.16527877748012543
-0.18957197666168213
-0.059015337377786636
-0.06331957131624222
-0.046980954706668854
-0.03662855550646782
-0.1215723380446434
-0.028940653428435326
-0.09869005531072617
0.04334883391857147
-0.03291285037994385
0.16796082258224487
0.1442505419254303
-0.05933026596903801
0.013536421582102776
-0.21503816545009613
-0.26738959550857544
0.08897767215967178
-0.02007168158888817
0.07535411417484283
-0.28079691529273987
0.18058648705482483
-0.04764455556869507
-0.0986618623137474
-0.16755171120166779
0.3480822741985321
-0.12752662599086761
0.003358294954523444
-0.08151867240667343
0.14168626070022583
0.008571859449148178
0.27576130628585815
0.010649224743247032
-0.008531205356121063
0.20264782011508942
0.16201794147491455
-0.06041334941983223
-0.07006153464317322
0.022732838988304138
-0.06900070607662201
0.043170325458049774
0.020779864862561226
0.15138444304466248
-0.11576385796070099
0.08697324246168137
0.029893750324845314
0.04919163137674332
-0.03269127756357193
-0.14027173817157745
-0.07181602716445923
-0.141407772898674
-0.09293151646852493
-0.10943863540887833
0.10731849074363708
0.09577440470457077
0.20912009477615356
-0.2457486391067505
0.06107530742883682
0.23768195509910583
-0.14308546483516693
0.1311243772506714
-0.47588050365448
-0.1804606020450592
-0.12936633825302124
-0.016520818695425987
-0.1425824910402298
-0.053416211158037186
0.0029475782066583633
-0.03301332890987396
-0.11930263042449951
-0.19122165441513062
-0.22228692471981049
0.21130439639091492
-0.008786667138338089
-0.2402040660381317
0.1626317948102951
-0.18843254446983337
-0.11317899823188782
-0.26086145639419556
-0.32971838116645813
-0.14035658538341522
0.19429214298725128
-0.10169880092144012
0.13655675947666168
0.03657161444425583
-0.07933355122804642
-0.2452036738395691
0.08504163473844528
-0.05238446220755577
-0.00243051303550601
-0.13438566029071808
0.36751076579093933
0.21286503970623016
-0.3378308415412903
-0.28740164637565613
-0.02007383108139038
-0.00042208717786706984
0.165404811501503
0.05543557554483414
0.11735793203115463
0.0041328114457428455
0.16624140739440918
-0.3217765986919403
-0.0504533089697361
-0.002612690906971693
-0.3056732416152954
-0.026213951408863068
-0.1467045545578003
-0.01773674413561821
0.11253596097230911
-0.2952110767364502
-0.09656895697116852
-0.12264687567949295
-0.11450321227312088
-0.16135144233703613
0.12794683873653412
0.08448940515518188
-0.20424522459506989
-0.058901187032461166
-0.26572903990745544
-0.016481390222907066
-0.036701127886772156
-0.05138583108782768
-0.2394091784954071
-0.09672116488218307
0.023102184757590294
-0.013160164467990398
-0.052155349403619766
-0.227113738656044
-0.11471868306398392
0.02214602753520012
-0.1071421280503273
0.10953759402036667
0.09385911375284195
-0.19131821393966675
-0.25342896580696106
-0.18320026993751526
-0.16148041188716888
-0.0692092701792717
-0.11676786839962006
0.2091144472360611
-0.011690487153828144
0.1527952253818512
0.14820438623428345
0.09664716571569443
-0.33438175916671753
0.08074703067541122
0.25385168194770813
-0.04331585764884949
0.08203524351119995
-0.13127952814102173
-0.08642333745956421
0.21710920333862305
0.004763261880725622
-0.044682905077934265
-0.05080132931470871
-0.06309323012828827
0.11817669123411179
-0.13655667006969452
0.005782562308013439
-0.0017781974747776985
0.2034393548965454
-0.05867840722203255
0.03545566275715828
0.28600239753723145
-0.055581822991371155
0.17025810480117798
-0.02816867083311081
-0.21347542107105255
0.18187855184078217
-0.15413209795951843
-0.05715440958738327
0.02138679102063179
0.09628196060657501
-0.19056549668312073
0.13553455471992493
-0.1522252857685089
0.0014451126335188746
-0.0029789882246404886
0.2100696712732315
-0.15950225293636322
-0.06959585100412369
-0.17649948596954346
-0.26048704981803894
0.0074250721372663975
-0.14373663067817688
-0.04622086510062218
-0.1341044306755066
-0.20129166543483734
0.26644858717918396
0.13682229816913605
0.22222982347011566
-0.012860117480158806
0.07368038594722748
0.05275670066475868
0.14575515687465668
-0.18333758413791656
-0.1627766489982605
0.035207029432058334
0.10217593610286713
0.17812325060367584
-0.10826385021209717
-0.24945993721485138
0.030287936329841614
0.08795852959156036
-0.1132056936621666
0.08474104851484299
0.05300447717308998
0.23741750419139862
-0.007912703789770603
0.04781787469983101
-0.12183767557144165
-0.29449591040611267
0.04830147698521614
0.07366406172513962
-0.18870587646961212
0.2472907155752182
0.03738356754183769
-0.10264460742473602
0.22935399413108826
0.10777823626995087
0.09001684188842773
-0.06692886352539062
-0.06731341034173965
0.04670628905296326
-0.12386678159236908
-0.16797558963298798
-0.05415404960513115
0.04638990759849548
-0.09779483824968338
-0.08769406378269196
0.14420627057552338
0.05109158158302307
0.056415166705846786
0.16209377348423004
0.05589830130338669
0.038672614842653275
0.0070405458100140095
-0.059946730732917786
-0.025696581229567528
-0.23960289359092712
-0.07107221335172653
-0.14743219316005707
-0.00742407888174057
-0.11996201425790787
0.0724121630191803
0.026945453137159348
0.18199017643928528
-0.00940132699906826
0.17647895216941833
-0.18003709614276886
0.3503684103488922
0.007996163330972195
-0.09939581900835037
-0.06890752911567688
0.09592656791210175
0.2385484278202057
-0.010825113393366337
-0.07699578255414963
0.2571913003921509
0.05023698881268501
0.030202751979231834
-0.23223797976970673
-0.20228655636310577
-0.0573246106505394
0.11573269963264465
-0.14827488362789154
-0.06047990173101425
-0.14428582787513733
-0.028808506205677986
-0.18808110058307648
0.12676016986370087
-0.25731271505355835
0.26363450288772583
0.025773735716938972
-0.07444917410612106
0.1194341704249382
0.04746504873037338
-0.16660891473293304
0.08154775947332382
-0.04755053296685219
-0.13488051295280457
-0.18214993178844452
-0.08743598312139511
0.0509273037314415
-0.011633400805294514
0.12898372113704681
-0.0438750796020031
-0.0007363015320152044
0.08738286793231964
0.04768112674355507
-0.015412167645990849
0.10008162260055542
-0.021933941170573235
-0.06265358626842499
0.022416232153773308
0.10095181316137314
0.13018183410167694
0.14972029626369476
-0.08083467185497284
-0.030520785599946976
0.11425192654132843
-0.18338192999362946
-0.17065875232219696
-0.05999061092734337
-0.17428059875965118
-0.0539608895778656
0.005116310436278582
0.014884614385664463
-0.12325900793075562
-0.244851753115654
-0.10928963124752045
0.04594264179468155
0.0310567207634449
0.16142438352108002
0.058316729962825775
-0.3248148560523987
-0.07802804559469223
0.19663023948669434
0.14291557669639587
0.00434159254655242
0.20192061364650726
0.07204761356115341
0.015093072317540646
0.06405779719352722
-0.08235760778188705
-0.017475780099630356
-0.050832681357860565
0.16316255927085876
-0.22398655116558075
-0.21327686309814453
-0.0036785202100872993
-0.11669094115495682
0.1599235087633133
-0.08479959517717361
-0.27954453229904175
-0.09866070002317429
0.07823683321475983
-0.06819397211074829
-0.007432582788169384
0.0947379469871521
0.07006218284368515
0.11993759870529175
-0.012367494404315948
-0.22496700286865234
-0.05064653977751732
0.07358021289110184
0.1785145103931427
-0.14583410322666168
-0.23083843290805817
0.015030230395495892
-0.2392711490392685
0.22638218104839325
-0.020798377692699432
0.09578550606966019
-0.012234176509082317
-0.3786485493183136
-0.08660854399204254
-0.18271303176879883
-0.011206409893929958
0.2206028252840042
0.07558535784482956
-0.18964719772338867
0.1198558583855629
0.055374275892972946
-0.28898996114730835
0.07557046413421631
-0.1986231654882431
0.1285412609577179
0.07232405245304108
-0.054958708584308624
0.18701685965061188
0.08397354185581207
-0.05000050738453865
-0.14575088024139404
-0.07079128175973892
-0.11541431397199631
-0.08891778439283371
0.03579815477132797
0.16050462424755096
-0.0022113961167633533
0.09554964303970337
-0.16905422508716583
-0.027376927435398102
-0.05678899213671684
0.14560985565185547
0.2807995080947876
0.10079590976238251
-0.0007243343279697001
0.01537113543599844
-0.1153009682893753
-0.08799750357866287
0.12094410508871078
0.10831540077924728
-0.1708330512046814
0.08314885199069977
-0.1166943833231926
-0.03428701311349869
-0.12537187337875366
-0.13759002089500427
-0.1621948480606079
-0.14377930760383606
0.08889348804950714
0.2433207482099533
0.05025867745280266
-0.02882201597094536
-0.1685691773891449
0.0399169921875
-0.14855824410915375
-0.2744818329811096
-0.02455291897058487
-0.2175893634557724
-0.0022906865924596786
0.04888881742954254
-0.12046193331480026
-0.021565178409218788
-0.12508636713027954
0.13904151320457458
-0.10171116143465042
0.22328436374664307
0.022768685594201088
-0.027321692556142807
-0.13660402595996857
0.15235067903995514
0.04406509920954704
-0.025955647230148315
0.05778103321790695
0.08540757745504379
0.013783938251435757
0.06415068358182907
0.015646714717149734
0.059009477496147156
0.21365366876125336
0.014334806241095066
-0.19233646988868713
-0.11439745873212814
-0.010011074133217335
0.07566969096660614
-0.2464485913515091
0.26540666818618774
-0.36352837085723877
0.27550116181373596
-0.16765405237674713
-0.06498510390520096
0.08100226521492004
-0.034208688884973526
0.028262676671147346
-0.11054856330156326
0.13917377591133118
-0.029065240174531937
-0.020105406641960144
0.1468360722064972
-0.020216189324855804
-0.15574203431606293
-0.18697835505008698
0.09961234033107758
0.10235173255205154
0.13127006590366364
-0.18604230880737305
-0.3083605170249939
0.18601678311824799
0.08918562531471252
-0.18830615282058716
-0.2599380612373352
0.014408047311007977
-0.028281450271606445
-0.2940518260002136
-0.019386887550354004
-0.20554961264133453
-0.016411976888775826
0.015410182997584343
-0.0015658284537494183
-0.025654708966612816
0.10759332031011581
-0.07020501792430878
0.11216980963945389
0.16203778982162476
-0.1551280915737152
0.14957918226718903
-0.10667237639427185
-0.0011929861502721906
-0.26322320103645325
-0.007749471347779036
-0.005793695338070393
-0.12774284183979034
0.027247421443462372
-0.09904754161834717
0.4000985622406006
0.001196213997900486
-0.10666656494140625
0.23665525019168854
0.1507505625486374
-0.13936911523342133
0.11712006479501724
0.037993431091308594
-0.076940156519413
0.01311767939478159
0.05462590232491493
0.046624936163425446
-0.07704941183328629
0.125411257147789
0.09029892832040787
-0.030703580006957054
0.023111365735530853
-0.0374566987156868
-0.04607311636209488
0.2645055055618286
-0.041291702538728714
0.26030948758125305
-0.19490429759025574
-0.07452821731567383
-0.079323410987854
0.15726818144321442
-0.29411086440086365
0.08145848661661148
-0.17163561284542084
0.0900173932313919
-0.41459617018699646
-0.0009456411935389042
0.08917047083377838
-0.3327745497226715
-0.006721553858369589
-0.15747319161891937
0.11460409313440323
-0.01714121177792549
-0.09495657682418823
0.010944691486656666
-0.06362142413854599
-0.3155994713306427
0.02892877161502838
0.08984195441007614
-0.04226012900471687
0.04180087894201279
0.20360562205314636
-0.14688235521316528
-0.10850535333156586
-0.3821057677268982
-0.08693748712539673
0.1418372094631195
-0.002311805495992303
0.045965056866407394
0.10502193123102188
-0.034790556877851486
0.021059943363070488
-0.1960323303937912
0.048581890761852264
-0.04980253055691719
0.22647008299827576
-0.14043763279914856
-0.2738867402076721
0.06943944841623306
-0.05872891843318939
0.04638011381030083
0.17318640649318695
-0.3469254970550537
0.24765640497207642
0.13561537861824036
-0.3122355043888092
0.002286254893988371
-0.03858114033937454
0.045468199998140335
0.011355879716575146
0.0031151766888797283
0.1252470165491104
-0.06478618085384369
0.14123916625976562
-0.17958389222621918
-0.1242886632680893
0.046909917145967484
0.10926199704408646
-0.013887963257730007
-0.20028261840343475
0.03263339027762413
-0.3132206201553345
0.13519150018692017
-0.17428064346313477
0.317629337310791
0.08261200785636902
0.02503541298210621
0.09454325586557388
-0.1241200789809227
0.010357367806136608
0.19562940299510956
-0.01785214990377426
-0.20831967890262604
-0.03193405643105507
-0.08046271651983261
0.07183831185102463
-0.1503225713968277
0.11274786293506622
-0.028081249445676804
-0.048381078988313675
0.023537898436188698
0.1794356405735016
-0.0511135458946228
0.0815681517124176
0.14918778836727142
0.045807283371686935
0.1345650851726532
-0.08090005815029144
0.10593444108963013
0.17599177360534668
0.072822704911232
-0.08566772937774658
-0.07051923871040344
-0.24769289791584015
-0.05288843438029289
-5.131298894411884e-05
-0.10617035627365112
-0.06757523119449615
0.17694489657878876
0.10795100778341293
0.12848740816116333
-0.12229612469673157
-0.17874972522258759
-0.15015634894371033
-0.07652724534273148
0.14281871914863586
0.0601167157292366
-0.052664343267679214
-0.23558662831783295
-0.056811559945344925
0.23289914429187775
0.20537301898002625
0.047669366002082825
-0.2813783586025238
0.18819907307624817
0.08736401796340942
-0.087015800178051
0.17550477385520935
-0.13686485588550568
0.06184694916009903
0.10250354558229446
0.072828009724617
-0.03205002099275589
0.015732446685433388
0.14163359999656677
0.04807967692613602
-0.012166489847004414
0.15065230429172516
-0.002753653796389699
0.09541437774896622
0.27190232276916504
0.12628154456615448
-0.0845891460776329
-0.26840484142303467
0.13070417940616608
-0.16021303832530975
0.14965225756168365
-0.1883171796798706
0.23514840006828308
-0.17031405866146088
-0.24514181911945343
0.01966186799108982
0.012235076166689396
0.0041352869011461735
-0.004214052110910416
-0.011978321708738804
-0.07903095334768295
-0.032806869596242905
0.3195875585079193
0.27633291482925415
0.06805408746004105
-0.1782524138689041
0.20051109790802002
-0.01944619044661522
0.009458694607019424
-0.2170899510383606
0.10905905812978745
-0.08243446052074432
0.17514854669570923
-0.02273387461900711
0.07870090752840042
0.007895953953266144
0.013797605410218239
-0.09514747560024261
-0.060192011296749115
0.36885982751846313
-0.03385835140943527
-0.008869437500834465
0.07085806131362915
-0.16747063398361206
0.029013724997639656
0.006368137896060944
0.014990364201366901
-0.2666153907775879
0.23177862167358398
0.03095688857138157
-0.13415071368217468
-0.14159245789051056
-0.25237682461738586
-0.18965163826942444
0.06725448369979858
0.129112109541893
-0.050352975726127625
0.04647864028811455
-0.19868819415569305
-0.017066383734345436
-0.0027537725400179625
0.033698920160532
0.04315774515271187
-0.04642089828848839
0.26987552642822266
0.002136966912075877
-0.11937807500362396
-0.18151944875717163
-0.04173622652888298
0.11306796222925186
0.18894699215888977
-0.2449977993965149
-0.17649157345294952
0.004023716319352388
-0.22117026150226593
-0.08314410597085953
0.062495213001966476
-0.12242002785205841
0.0424903929233551
0.09696327894926071
-0.033889614045619965
0.1333412081003189
-0.011009721085429192
0.017112016677856445
-0.058783117681741714
0.06631229817867279
-0.008997908793389797
0.2502995729446411
-0.09335435926914215
0.12356112897396088
-0.13095279037952423
-0.0002660834288690239
0.04726128280162811
0.13206027448177338
0.2947266101837158
-0.00894870888441801
-0.3738495409488678
-0.05503493919968605
0.03609069436788559
0.1251489371061325
0.16425821185112
-0.08316782116889954
0.14975140988826752
0.13661836087703705
-0.18752725422382355
-0.021707508713006973
-0.11451202630996704
0.05724197253584862
0.0798497349023819
-0.18507176637649536
0.31284230947494507
-0.0013689919142052531
-0.014862680807709694
-0.19629620015621185
-0.018423089757561684
-0.2290944904088974
0.011497036553919315
0.1797185093164444
0.10570825636386871
-0.08657586574554443
-0.034298915416002274
-0.00714888796210289
-0.043486133217811584
-0.11869634687900543
0.010414008051156998
0.18220725655555725
0.15274876356124878
0.17225205898284912
0.06340617686510086
0.18919794261455536
0.04801228642463684
-0.0530724860727787
-0.12336482852697372
0.03173861280083656
-0.3502577543258667
-0.03243166580796242
0.26983416080474854
-0.191889688372612
-0.008116808719933033
0.07219687104225159
-0.0983598381280899
0.19939547777175903
0.039788924157619476
0.023999858647584915
-0.15049609541893005
-0.06043217331171036
0.027084629982709885
-0.1130930483341217
0.005112774204462767
0.006072971038520336
-0.06115039438009262
0.0037541717756539583
0.06595966219902039
0.34213194251060486
-0.16773533821105957
-0.08227518200874329
-0.14231795072555542
0.022786350920796394
-0.272783100605011
-0.048685234040021896
-0.028611615300178528
0.06107435002923012
-0.06019144505262375
0.03558078408241272
0.1715932935476303
-0.10874893516302109
-0.1677725911140442
-0.15810716152191162
-0.07476576417684555
0.1750088781118393
0.05751701071858406
0.09398952126502991
-0.07686543464660645
0.024228360503911972
0.09288450330495834
-0.1564086228609085
0.12340696901082993
-0.016262244433164597
0.29274260997772217
-0.18463638424873352
0.2828459143638611
-0.1993461549282074
-0.07209505140781403
0.04028295353055
0.17800137400627136
0.14226478338241577
0.04803264141082764
0.023466074839234352
-0.12460605800151825
-0.04521814361214638
0.11328649520874023
-0.3242780566215515
0.07651151716709137
-0.00386866950429976
-0.02848406322300434
0.1749747097492218
-0.06358073651790619
0.2739676535129547
0.04533649608492851
0.19006173312664032
-0.09318343549966812
-0.058075591921806335
0.1579427719116211
0.15299414098262787
-0.02844713069498539
0.33984747529029846
-0.005282777827233076
0.09441900998353958
0.35826873779296875
-0.0075593492947518826
-0.04513227939605713
0.016762694343924522
-0.0700584128499031
-0.3545094132423401
0.027721770107746124
0.035933732986450195
-0.21667198836803436
-0.1100635901093483
-0.03130922466516495
-0.022700373083353043
-0.19137780368328094
-0.0507286861538887
-0.26019784808158875
-0.24492333829402924
0.21470850706100464
-0.02165781892836094
-0.07072029262781143
0.14104118943214417
-0.014207820408046246
-0.368743360042572
-0.014135151170194149
0.08700913190841675
0.10222896188497543
0.04985322803258896
0.057850226759910583
0.22091044485569
-0.08543610572814941
0.15963926911354065
0.15559789538383484
0.20093289017677307
-0.14252875745296478
0.20203641057014465
-0.24857531487941742
-0.11340951174497604
-0.09366586804389954
-0.021753761917352676
-0.08541760593652725
-0.05761409550905228
-0.2846866846084595
-0.02610184997320175
0.04049186035990715
0.06772994995117188
-0.18818064033985138
-0.16359040141105652
-0.18071822822093964
-0.21269220113754272
-0.19110247492790222
0.1286710500717163
-0.11454588174819946
0.06110956892371178
0.04029083251953125
-0.022081654518842697
-0.12895965576171875
-0.06281504780054092
0.12300633639097214
-0.012316578067839146
-0.06096687167882919
-0.37541502714157104
-0.03746875748038292
0.06825422495603561
-0.2197292149066925
0.02116214670240879
-0.005941849667578936
-0.06277282536029816
0.22019727528095245
-0.06522289663553238
-0.12801021337509155
0.10845682770013809
0.29325881600379944
0.08312827348709106
0.009562177583575249
0.039478182792663574
0.017893504351377487
-0.08873248100280762
0.017143182456493378
0.025006089359521866
-0.0814269483089447
0.03944180905818939
0.03602652624249458
-0.375311017036438
-0.18870589137077332
0.2695504128932953
-0.22933977842330933
0.3092012405395508
0.0617564357817173
0.04724603146314621
-0.25134479999542236
0.2152894288301468
-0.20123083889484406
-0.1358633041381836
0.009104440920054913
0.017716148868203163
0.09867706149816513
-0.008322712033987045
0.06120156869292259
0.21258500218391418
-0.02221657522022724
-0.05706294625997543
0.29322323203086853
0.12452683597803116
0.12727347016334534
-0.2657690942287445
0.19719626009464264
-0.17822279036045074
0.19696177542209625
-0.14330153167247772
-0.06434178352355957
-0.09172100573778152
0.14092034101486206
0.1577858030796051
-0.1068495437502861
-0.04876384884119034
-0.154629185795784
-0.0854393020272255
0.340202659368515
-0.025134703144431114
-0.02850753627717495
-0.0067058829590678215
-0.16788172721862793
-0.09654904901981354
0.14657555520534515
-0.135934516787529
-0.1149483174085617
-0.0455922856926918
0.08232378959655762
-0.21892911195755005
-0.060063812881708145
0.23589730262756348
0.00863440427929163
0.002438829280436039
-0.13349656760692596
-0.0015707246493548155
-0.016069447621703148
0.29098308086395264
-0.013223390094935894
0.35812050104141235
-0.0006953364936634898
0.16765809059143066
-0.03905618190765381
0.09006757289171219
-0.26223891973495483
-0.1802559792995453
-0.19577515125274658
-0.13735879957675934
0.22186478972434998
-0.04577033594250679
0.07298240810632706
-0.11110543459653854
0.015792643651366234
0.11360391974449158
0.09803027659654617
0.009536445140838623
-0.11008869111537933
0.016089346259832382
0.266204833984375
0.10075393319129944
0.00730560440570116
-0.05830429494380951
-0.3418978154659271
0.16427646577358246
0.12951341271400452
0.21600908041000366
-0.18164628744125366
0.12634265422821045
-0.3068855106830597
0.1913013756275177
0.03874064236879349
0.058546021580696106
0.07489991933107376
-0.019334236159920692
-0.09360199421644211
-0.0360843762755394
-0.07205294817686081
-0.1275905817747116
-0.28236815333366394
0.14808031916618347
-0.037514179944992065
0.028109699487686157
-0.203548863530159
0.12095838040113449
-0.13226838409900665
-0.20918764173984528
-0.4482826292514801
-0.23842941224575043
-0.1701420396566391
-0.034133341163396835
-0.006267099175602198
0.16081784665584564
-0.006748599000275135
0.0007110920851118863
-0.24673143029212952
0.025950202718377113
0.011113707907497883
0.20226150751113892
-0.32282209396362305
-0.05059533938765526
0.3043527901172638
0.0897504910826683
-0.06478633731603622
0.05598079413175583
-0.04712971672415733
0.09815864264965057
0.19702917337417603
-0.07772593945264816
-0.06724823266267776
0.06032075732946396
-0.16617442667484283
0.002463148208335042
-0.03585561737418175
-0.21296720206737518
0.09945964068174362
0.2091660350561142
-0.13944803178310394
0.1782078891992569
0.038432057946920395
-0.2244049459695816
0.0925525575876236
0.2808489203453064
-0.0827641561627388
0.18042095005512238
-0.2225313037633896
-0.03275468200445175
-0.11985035240650177
-0.12315323948860168
-0.10275278985500336
-0.0750347450375557
-0.0785236582159996
-0.07360629737377167
-0.267072468996048
0.16987831890583038
0.04671696573495865
0.1320360004901886
-0.07649850845336914
0.05368394777178764
-0.013166284188628197
0.17970560491085052
-0.08315059542655945
-0.1476525068283081
0.04074934124946594
-0.05816138535737991
0.2201743870973587
-0.10514818131923676
-0.07623240351676941
-0.037941381335258484
0.06696774810552597
-0.04390837997198105
0.14713038504123688
-0.15094982087612152
0.11864154785871506
-0.09050802141427994
0.1695590615272522
-0.20503874123096466
-0.2762771248817444
0.004606869071722031
-0.012044964358210564
-0.045407187193632126
-0.038053352385759354
-0.15151652693748474
0.18203379213809967
0.16306748986244202
0.08275649696588516
-0.030443495139479637
-0.03688666597008705
0.0537082701921463
-0.042841650545597076
0.12998387217521667
0.39572158455848694
-0.08294396102428436
0.05570397153496742
0.21149620413780212
-0.0564640536904335
-0.09751364588737488
0.11104828864336014
0.017914025112986565
-0.16222445666790009
0.009912984445691109
0.01551885437220335
0.24994902312755585
-0.019661463797092438
0.02307482436299324
-0.33676522970199585
-0.06923584640026093
0.08426610380411148
0.19428956508636475
-0.041281744837760925
-0.006048539187759161
-0.05750473588705063
0.22563178837299347
-0.2919086217880249
0.20265525579452515
-0.1319061517715454
-0.07549026608467102
-0.010397459380328655
0.14149267971515656
-0.22686395049095154
-0.009501260705292225
-0.4325923025608063
-0.10808434337377548
0.27609017491340637
0.044731978327035904
-0.04956790804862976
-0.16629160940647125
-0.08871148526668549
0.0671999454498291
0.1861238330602646
-0.08572621643543243
0.054923221468925476
0.16601580381393433
0.08510306477546692
0.052243247628211975
0.0027321348898112774
-0.21416763961315155
-0.23645935952663422
-0.23408415913581848
0.10618904232978821
0.2496655285358429
-0.04613156616687775
0.15887238085269928
0.1320764273405075
-0.07001204788684845
0.08254680037498474
0.010808875784277916
-0.06154089421033859
-0.34085115790367126
-0.06416995078325272
-0.05071326345205307
0.08215611428022385
-0.14733049273490906
0.11308444291353226
-0.060834482312202454
0.17724913358688354
-0.021026870235800743
-0.04746970906853676
0.3455427885055542
-0.08436258137226105
0.10301041603088379
0.14364813268184662
0.02004518359899521
0.03680502250790596
0.17413045465946198
0.040793173015117645
-0.037402208894491196
0.3193839192390442
0.09366567432880402
-0.1657048463821411
0.1149979829788208
0.006213296204805374
-0.10932397842407227
-0.1052783653140068
0.176570862531662
-0.2774033546447754
0.06521153450012207
0.12752805650234222
0.30194276571273804
-0.05425334721803665
0.3298706114292145
-0.01389440055936575
0.07243496924638748
-0.06055517867207527
0.03769881650805473
-0.021648379042744637
0.4192834794521332
0.008896728046238422
-0.17325662076473236
-0.17161674797534943
-0.10155952721834183
0.08589702844619751
0.13060419261455536
-0.1749248504638672
0.1589231938123703
-0.18462291359901428
0.10657630115747452
-0.053478725254535675
-0.07428780198097229
-0.1030881404876709
0.043295443058013916
0.017241209745407104
-0.21746408939361572
0.2608867287635803
0.025600850582122803
0.02226349711418152
0.16855929791927338
0.2036541998386383
-0.04817671328783035
-0.19190290570259094
-0.21021591126918793
-0.0953376442193985
0.029786907136440277
-0.18362943828105927
-0.10623577982187271
-0.1604692041873932
-0.07475268840789795
-0.030824746936559677
0.3320297598838806
0.004342139232903719
0.06816652417182922
-0.015085773542523384
-0.021757053211331367
0.017548125237226486
0.3417589068412781
0.04871805012226105
0.06675273925065994
0.35600295662879944
-0.10500168800354004
-0.06334925442934036
-0.13857047259807587
0.11816071718931198
-0.0369393564760685
-0.08259818702936172
-0.06220013275742531
0.38285356760025024
-0.008320000022649765
0.2033555805683136
-0.025533229112625122
0.07715745270252228
-0.2310183048248291
-0.03230167552828789
0.02944772131741047
0.0731605514883995
0.035977642983198166
-0.15648038685321808
0.2905888855457306
0.18817491829395294
-0.18997551500797272
-0.05376444011926651
-0.10193736106157303
0.07357847690582275
0.1434345841407776
-0.23664382100105286
0.441764235496521
0.08990992605686188
0.034991394728422165
0.004393023904412985
-0.011327803134918213
0.2448829710483551
0.028524477034807205
-0.015429611317813396
0.36957213282585144
0.10876740515232086
0.058451779186725616
-0.10940568149089813
-0.1142144501209259
-0.2097182422876358
-0.22222186625003815
0.0022243622224777937
-0.05068402364850044
0.1153273805975914
0.060387562960386276
0.2141711264848709
-0.10281649231910706
-0.18747827410697937
-0.060984790325164795
0.13719633221626282
0.06073538959026337
-0.3441498577594757
-0.044118188321590424
-0.028058849275112152
0.03398020192980766
-0.23905590176582336
0.09634862095117569
0.07771055400371552
-0.06455887854099274
-0.1760600060224533
-0.14434309303760529
0.07514666765928268
-0.20371748507022858
-0.1387975662946701
-0.12392014265060425
-0.28563806414604187
0.20049242675304413
0.04013076797127724
-0.04672016203403473
-0.02585498057305813
0.12479764968156815
-0.07786943018436432
-0.039530135691165924
-0.03834400698542595
0.03314023092389107
0.16451378166675568
0.0318305641412735
0.15092884004116058
-0.10068901628255844
-0.08467647433280945
0.04417802393436432
-0.012172174639999866
-0.22678609192371368
0.21137137711048126
-0.19657258689403534
-0.12212562561035156
0.11850646138191223
-0.09108727425336838
0.18567343056201935
-0.02178056910634041
-0.003080848604440689
0.44207942485809326
-0.024496644735336304
-0.06686963886022568
-0.16724653542041779
0.11958358436822891
0.06343002617359161
0.0910758525133133
-0.18748979270458221
-0.07229568809270859
-0.16957485675811768
0.07983032613992691
0.1279059648513794
-0.04797200858592987
0.044023409485816956
0.2376009076833725
0.01659489795565605
-0.12843574583530426
0.13601170480251312
0.01939609833061695
-0.3131101131439209
0.09362350404262543
-0.12909352779388428
0.1450321227312088
0.10789989680051804
0.06061296910047531
0.12102419883012772
0.008754182606935501
0.12219413369894028
-0.09944864362478256
0.1401645988225937
-0.13149240612983704
0.069976307451725
-0.2759304344654083
-0.12225870788097382
0.021441059187054634
0.07232680171728134
0.032160434871912
0.023762164637446404
-0.22977596521377563
-0.051939137279987335
0.21768364310264587
0.2589978873729706
-0.04935065656900406
-0.10261768847703934
0.042746707797050476
0.06273140758275986
0.09316453337669373
-0.08914800733327866
0.21270877122879028
0.044422853738069534
0.18037329614162445
0.3641762137413025
0.00054438307415694
-0.004487643484026194
-0.10717929899692535
-0.008134173229336739
-0.013135513290762901
0.174388587474823
-0.002136664930731058
0.162205308675766
0.407888263463974
0.05096972733736038
-0.14734020829200745
-0.12132533639669418
-0.048229046165943146
-0.18183691799640656
0.21677546203136444
-0.061407241970300674
0.2051939219236374
-0.054415326565504074
-0.23360775411128998
0.06066989526152611
-0.013722632080316544
0.14973178505897522
-0.04021433740854263
0.02777186408638954
0.04102121666073799
-0.017097748816013336
-0.24028216302394867
0.15435375273227692
-0.0019509225385263562
-0.15642711520195007
0.3099731504917145
-0.4026949107646942
0.04078292474150658
-0.040045060217380524
0.12497187405824661
0.25630927085876465
0.15958113968372345
-0.27324387431144714
-0.06206121668219566
-0.06101103872060776
-0.19179098308086395
0.040170032531023026
0.03541148081421852
0.21150796115398407
0.031229615211486816
-0.37035611271858215
-0.056535754352808
0.025636842474341393
-0.182074636220932
0.23826663196086884
0.12467566877603531
-0.08921196311712265
0.18994978070259094
-0.15814484655857086
0.043205566704273224
0.14135973155498505
-0.2627899944782257
-0.11072894185781479
-0.09794478863477707
0.12064161896705627
-0.040936533361673355
-0.06909395009279251
0.02131800353527069
0.14111734926700592
-0.2240399420261383
-0.1400306224822998
-0.07260724902153015
-0.021767189726233482
0.2244470715522766
0.09719043970108032
0.2073187381029129
-0.14699073135852814
-0.2100401520729065
0.15421487390995026
0.02106611244380474
0.05159290134906769
0.2820887863636017
-0.034288082271814346
-0.1371384710073471
0.23009902238845825
0.06031973659992218
-0.169034942984581
-0.08686366677284241
0.11615294963121414
-0.09343934059143066
0.09720172733068466
0.12157607078552246
-0.11803131550550461
0.028131138533353806
0.1309017539024353
-0.24055708944797516
-0.2309371829032898
-0.4802637994289398
-0.21569770574569702
-0.16782402992248535
0.03925158455967903
0.02511312998831272
0.0714414119720459
0.21254730224609375
0.02566477283835411
-0.14418905973434448
0.1145707443356514
0.15305636823177338
-0.15310242772102356
-0.1119292676448822
-0.20903421938419342
0.05888877063989639
-0.12540550529956818
0.10238905251026154
-0.019836943596601486
0.04284365475177765
0.089683897793293
0.06554780900478363
-0.15965460240840912
0.010024276562035084
-0.0165205467492342
0.03747808560729027
-0.022742638364434242
-0.013604719191789627
0.4696187376976013
0.03483455628156662
0.002850663149729371
0.1038363128900528
0.14047308266162872
-0.1372954547405243
-0.06472335755825043
0.12736938893795013
-0.08685093373060226
0.005127676296979189
-0.013761871494352818
-0.1785801500082016
-0.11410664767026901
0.007721694651991129
-0.12392088025808334
-0.007290000095963478
-0.03966537117958069
-0.3541449308395386
0.0481133833527565
-0.3281703293323517
0.09455908834934235
-0.012523191049695015
-0.042475372552871704
0.025049762800335884
-0.1130170002579689
0.2024012804031372
0.12391377240419388
0.07683712989091873
-0.06653735786676407
0.15070398151874542
-0.11690516769886017
0.06688056886196136
-0.03681185096502304
-0.035816553980112076
-0.015072248876094818
0.11140871047973633
0.00442620599642396
0.03110174834728241
0.07391367852687836
0.059879787266254425
-0.022288300096988678
-0.03310677409172058
-0.28558072447776794
-0.011855186894536018
0.08384141325950623
0.027991408482193947
-0.03401391580700874
-0.23036149144172668
-0.02877134643495083
-0.19328077137470245
-0.12698811292648315
0.28203368186950684
-0.05056791752576828
-0.05082753300666809
0.20011460781097412
0.11926718056201935
-0.04103716462850571
0.3463968336582184
-0.06983508169651031
-0.00822419859468937
0.20787149667739868
-0.14774926006793976
-0.12748274207115173
0.03554675728082657
0.11982326954603195
-0.1631859987974167
0.014743614941835403
-0.031859781593084335
0.014589685946702957
-0.11670293658971786
-0.21864433586597443
-0.09163553267717361
0.08623933047056198
0.050139594823122025
0.10898052901029587
0.012770071625709534
-0.12593598663806915
0.009594799019396305
0.154889777302742
0.19012397527694702
0.08685178309679031
0.15961845219135284
-0.15384475886821747
-0.12722450494766235
-0.0289261844009161
0.02401825413107872
-0.2507648766040802
-0.04338742792606354
-0.1155056282877922
0.05746985226869583
-0.03420855477452278
-0.04331761226058006
0.1668330430984497
-0.10563061386346817
-0.01104253251105547
-0.2547832429409027
-0.01834338903427124
-0.057001709938049316
0.14431092143058777
0.11754409968852997
0.039467766880989075
-0.3756140470504761
-0.04734238609671593
0.24093852937221527
-0.2362368255853653
0.03112632781267166
-0.4871998131275177
-0.25456759333610535
0.07287418842315674
0.10640936344861984
-0.03182697296142578
-0.2339705377817154
-0.03578103706240654
0.03933853656053543
-0.055833104997873306
0.01715284027159214
-0.3030238747596741
0.149435356259346
0.018663525581359863
-0.22458215057849884
0.044195376336574554
0.2433280348777771
-0.09430655092000961
-0.05879644677042961
0.21482281386852264
-0.23508399724960327
0.035980213433504105
-0.030428463593125343
0.10139130800962448
-0.05784589424729347
0.15019068121910095
0.2227519303560257
-0.05153921619057655
-0.006272556725889444
0.13994450867176056
-0.044056475162506104
-0.25426506996154785
-0.10315097868442535
-0.08992268145084381
-0.13443461060523987
-0.030344072729349136
-0.14311863481998444
-0.22579410672187805
-0.02056778222322464
-0.1331518292427063
-0.09541117399930954
-0.3214477598667145
-0.03342751786112785
0.014390155673027039
-0.04882248118519783
0.03589441999793053
-0.0567634180188179
-0.3585875630378723
-0.0396549366414547
0.1383608728647232
0.0017201657174155116
0.04779044911265373
0.12991055846214294
0.26840266585350037
0.07220318913459778
-0.05742306262254715
-0.16017892956733704
0.1982744038105011
0.15157249569892883
0.21786652505397797
-0.1084323450922966
-0.12623797357082367
0.12116236984729767
-0.22362196445465088
0.08895951509475708
0.03494654595851898
-0.29528748989105225
-0.1530330628156662
-0.21396440267562866
-0.14847028255462646
-0.03867211565375328
0.03423037379980087
0.2209746241569519
0.08597765117883682
-0.12094447016716003
0.055975012481212616
-0.2607753574848175
0.03962734341621399
0.09178346395492554
-0.13364730775356293
-0.14948366582393646
-0.17494815587997437
-0.07239412516355515
-0.09736227989196777
0.0921683982014656
-0.3359101414680481
-0.07637757062911987
-0.018037375062704086
-0.13539165258407593
0.01985573209822178
-0.051948849111795425
0.21047648787498474
0.17651931941509247
-0.011342350393533707
-0.1420423984527588
-0.0383845791220665
0.08065757900476456
0.2210819274187088
0.05533672124147415
0.03693663701415062
-0.0030760730151087046
-0.0589812733232975
-0.07320493459701538
-0.06978398561477661
-0.016590487211942673
0.01902760937809944
0.11552968621253967
0.035770073533058167
-0.12688888609409332
0.1599685549736023
-0.2201462835073471
0.1592351496219635
-0.09163644909858704
0.012850601226091385
-0.23525400459766388
0.33716684579849243
-0.20428723096847534
-0.2699665427207947
0.1985151320695877
-0.05161598324775696
0.1617804914712906
-0.43648600578308105
-0.0007034901645965874
0.11855565756559372
-0.0273519828915596
-0.11853735893964767
-0.03428437560796738
0.015849409624934196
-0.1137184128165245
0.016664206981658936
0.06033622473478317
-0.04192698746919632
-0.01719234511256218
-0.051315464079380035
0.12283356487751007
0.1141698881983757
-0.14546677470207214
0.045642443001270294
0.12812447547912598
0.07864625006914139
0.08347863703966141
-0.04409370943903923
-0.010802119970321655
0.1313144415616989
0.006066800095140934
-0.001868002349510789
0.06692497432231903
0.08188208192586899
0.04465853050351143
-0.316890150308609
-0.06735499948263168
0.010061205364763737
0.08491867780685425
-0.10035242885351181
-0.08126033842563629
0.002072687726467848
0.09091238677501678
-0.19328346848487854
0.17034906148910522
0.12545044720172882
0.08009453117847443
-0.13982440531253815
-0.03333646431565285
0.013628571294248104
0.10031965374946594
-0.09048286080360413
-0.10211998969316483
-0.08211078494787216
-0.1426592320203781
0.0301734060049057
-0.04086988791823387
0.0884070172905922
0.046792954206466675
0.17305676639080048
-0.09797409921884537
-0.4690695106983185
0.036870405077934265
-0.3149535655975342
-0.04669146239757538
0.12322056293487549
0.16757264733314514
-0.08746275305747986
-0.07152923941612244
-0.27250781655311584
0.013202170841395855
0.12202782183885574
-0.25937342643737793
0.10168549418449402
-0.15421447157859802
-0.09939751774072647
-0.24195080995559692
0.017192905768752098
0.05133046209812164
-0.014825000427663326
-0.03837026655673981
-0.033093538135290146
-0.16069981455802917
-0.11806441098451614
-0.2837667167186737
-0.23692674934864044
-0.03015703149139881
-0.16435207426548004
-0.04104702174663544
0.1175898015499115
0.10139599442481995
-0.12700894474983215
-0.2557205557823181
0.1723831295967102
-0.20452646911144257
-0.12826134264469147
0.04257333651185036
-0.07028010487556458
0.17172908782958984
0.11785853654146194
-0.05577077344059944
-0.0183557141572237
-0.17189833521842957
-0.32418397068977356
0.15731742978096008
0.09649435430765152
0.23728129267692566
-0.13575108349323273
-0.11839333176612854
-0.2586207985877991
-0.1670173555612564
-0.17580455541610718
-0.07914979755878448
-0.09230345487594604
-0.21798068284988403
-0.04449034109711647
-0.10817448794841766
-0.0068292818032205105
-0.18221086263656616
-0.11600326001644135
0.16283953189849854
-0.11204677820205688
-0.008629596792161465
0.20347976684570312
-0.007782578468322754
-0.0210975781083107
0.1325107365846634
0.13581441342830658
-0.13049493730068207
-0.009724882431328297
-0.27278652787208557
0.11353211849927902
0.10773403942584991
-0.330157071352005
-0.2875126004219055
-0.22016234695911407
-0.11666346341371536
-0.24043287336826324
-0.22846165299415588
0.12407047301530838
0.22413156926631927
0.05819515883922577
-0.23716813325881958
0.15645179152488708
0.09976932406425476
-0.011908329091966152
-0.1862802356481552
-0.18410107493400574
0.023146523162722588
-0.05950760096311569
-0.03829267993569374
-0.15052691102027893
0.05178722366690636
0.14081744849681854
0.0894295945763588
-0.051812078803777695
-0.09448549151420593
0.1824125498533249
0.044620126485824585
-0.1514471471309662
-0.0759669616818428
0.06121253967285156
-0.17888811230659485
0.089153952896595
0.007220619358122349
0.10069821029901505
-0.13160888850688934
-0.05755828693509102
0.05418429896235466
-0.0954110324382782
0.16687624156475067
0.07439734786748886
0.1615336537361145
-0.1419099122285843
0.1458352655172348
0.2337021827697754
-0.08019176870584488
-0.060916680842638016
0.02957521565258503
0.060566261410713196
0.2486230731010437
-0.10999490320682526
-0.0698731392621994
0.11093755066394806
-0.14063198864459991
-0.2804405391216278
0.15182997286319733
0.19955019652843475
-0.0035476984921842813
-0.1789448857307434
-0.1330982744693756
-0.09477244317531586
-0.09781722724437714
-0.006184603553265333
-0.047130435705184937
0.15320073068141937
0.07119455188512802
-0.006890065502375364
0.027527928352355957
0.14196817576885223
-0.08222103863954544
0.04767230898141861
-0.019845230504870415
0.01593863032758236
-0.1701274812221527
-0.21612539887428284
0.15691561996936798
0.08011186122894287
0.022381607443094254
-0.11052519828081131
0.07673246413469315
-0.17819063365459442
0.17904888093471527
0.05557577684521675
-0.13205209374427795
0.17651046812534332
0.0473121777176857
0.03226230666041374
-0.02883184142410755
-0.0017311638221144676
0.14789366722106934
-0.22065626084804535
0.012548446655273438
-0.015348781831562519
-0.14225561916828156
-0.19209697842597961
-0.21446704864501953
0.1871001124382019
0.19699710607528687
0.01925543323159218
0.16471855342388153
-0.19203540682792664
-0.23078997433185577
-0.22688820958137512
-0.11719266325235367
-0.05585967004299164
0.07991712540388107
-0.03719557076692581
0.12543022632598877
0.12223850935697556
-0.06830740720033646
0.008993961848318577
-0.09546737372875214
-0.12979455292224884
-0.298117995262146
-0.0006987852975726128
0.11424446851015091
-0.1948089599609375
0.16751381754875183
-0.01008654572069645
0.08941907435655594
0.03719376027584076
0.22370202839374542
0.2117844671010971
0.05002370849251747
-0.04344892501831055
0.11648410558700562
0.057354629039764404
0.09333042800426483
-0.2070886194705963
0.06854347884654999
-0.22038736939430237
-0.16462112963199615
-0.004656943958252668
0.08056604117155075
-0.06636740267276764
0.2643495202064514
-0.25260061025619507
0.09028702974319458
0.12993891537189484
-0.08025813847780228
-0.2038433849811554
-0.062234506011009216
0.08055535703897476
-0.16627474129199982
-0.2431374192237854
0.10702279210090637
0.13492058217525482
-0.06392356753349304
-0.006229832302778959
-0.05249493569135666
-0.14058075845241547
-0.02641139179468155
0.02960183471441269
0.08793681859970093
0.2695988118648529
-0.1023530662059784
-0.05189814791083336
-0.06826747208833694
-0.007840034551918507
-0.02899766154587269
-0.009949942119419575
-0.018281986936926842
-0.2189597636461258
0.02246757782995701
-0.016575952991843224
0.11220968514680862
0.1025240570306778
-0.08039730042219162
0.14249691367149353
0.18231599032878876
-0.23362256586551666
-0.14907555282115936
-0.08330649137496948
-0.11035773158073425
-0.07108493149280548
0.16548749804496765
0.2922417223453522
0.034217461943626404
0.05949293076992035
-0.011268735863268375
-0.04953882098197937
0.02439263090491295
0.1283399611711502
-0.3538774847984314
-0.0017234687693417072
-0.026173703372478485
-0.12807565927505493
-0.17517022788524628
0.17268012464046478
0.21872197091579437
-0.15573334693908691
-0.04385886713862419
0.09681211411952972
-0.053941041231155396
0.09311505407094955
0.19273242354393005
-0.010310987010598183
0.19313843548297882
0.14517508447170258
0.15726706385612488
-0.07128550857305527
0.18142738938331604
0.048282135277986526
-0.22853857278823853
-0.00892767496407032
-0.1823352575302124
0.053266894072294235
0.07449039816856384
0.12576617300510406
-0.16867250204086304
-0.18607577681541443
-0.17925842106342316
0.18422366678714752
0.02118079550564289
-0.10564909130334854
-0.029026402160525322
-0.21959540247917175
0.08611228317022324
-0.2119317650794983
-0.003545945044606924
-0.23231513798236847
0.18368308246135712
0.02544405870139599
-0.02664003148674965
-0.19116632640361786
-0.17319273948669434
-0.19106356799602509
0.16779085993766785
0.10673565417528152
-0.0781153067946434
-0.029160022735595703
-0.09396149963140488
0.04039803519845009
0.18601076304912567
-0.10113124549388885
-0.08694563060998917
0.07567115873098373
-0.09071198105812073
-0.005857711657881737
0.1344677060842514
-0.14459951221942902
-0.1218801885843277
0.2222180962562561
0.12806548178195953
0.21030740439891815
-0.16643358767032623
-0.24013012647628784
0.044842567294836044
-0.1830470860004425
0.09401940554380417
-0.0924394279718399
-0.03452295437455177
-0.12874959409236908
-0.03198601305484772
0.06338716298341751
-0.1650218367576599
0.08859676867723465
0.14791767299175262
-0.06361159682273865
0.0525718592107296
0.03137509524822235
0.14231906831264496
-0.08670789003372192
0.01444119680672884
-0.21563120186328888
-0.10233886539936066
-0.1248745247721672
-0.15339912474155426
0.042232632637023926
-0.33726510405540466
-0.15361154079437256
-0.04462147876620293
-0.05174912139773369
0.05128160119056702
0.10481270402669907
0.11775325238704681
0.07159712165594101
0.20404468476772308
-0.09906589239835739
0.01733526587486267
-0.03956935182213783
0.02712172269821167
-0.09566276520490646
0.11990438401699066
0.011685055680572987
-0.1320202648639679
0.10502291470766068
0.0700681284070015
-0.1407523900270462
-0.06925875693559647
-0.04282931983470917
0.040069181472063065
0.06074361875653267
0.06171799451112747
-0.16998834908008575
-0.04928873851895332
0.0278773196041584
-0.18434816598892212
-0.11893856525421143
-0.13342006504535675
-0.1363031566143036
-0.15838076174259186
0.0386127233505249
0.02413555607199669
-0.192434623837471
-0.05764922872185707
-0.03238583728671074
-0.08287674933671951
0.07618848979473114
0.039886731654405594
0.042638543993234634
-0.20470520853996277
-0.013881961815059185
-0.10252130776643753
0.050192274153232574
-0.12176812440156937
-0.2621040344238281
-0.11310868710279465
-0.18091623485088348
0.06791964918375015
-0.12789270281791687
0.030954347923398018
0.08513129502534866
0.14576676487922668
-0.18991126120090485
0.15679262578487396
-0.11404820531606674
-0.15408645570278168
0.07957674562931061
-0.14723512530326843
-0.16053150594234467
-0.14441820979118347
0.2519766390323639
-0.13621892035007477
0.126642107963562
0.0352868027985096
-0.057422008365392685
-0.0989484190940857
0.12975168228149414
0.024641087278723717
-0.027643002569675446
0.12164470553398132
-0.09147358685731888
-0.03101659193634987
-0.07120475172996521
-0.12009252607822418
0.003251759335398674
-0.21224500238895416
-0.10971491783857346
-0.005583763122558594
-0.016352444887161255
0.11679735779762268
-0.1119152158498764
-0.1558564305305481
-0.0965324267745018
-0.2065933793783188
-0.05620316416025162
-0.1635354608297348
0.08465947955846786
-0.0854717567563057
0.04713697358965874
-0.025153424590826035
-0.05265754461288452
-0.13837967813014984
0.11939822882413864
0.12175875902175903
0.026560600847005844
-0.25302013754844666
0.11047077924013138
0.07337266206741333
-0.08164718747138977
0.18055063486099243
0.08163665980100632
-0.17748014628887177
-0.036455024033784866
0.07233436405658722
-0.16237305104732513
-0.03126661852002144
-0.17708484828472137
0.05791289359331131
-0.13105981051921844
-0.1063866913318634
0.10455860942602158
-0.10358156263828278
-0.04033765196800232
-0.06810618937015533
0.11967375874519348
0.07475847005844116
0.04828237369656563
-0.004595733247697353
0.1266680806875229
0.016439083963632584
-0.24422045052051544
0.05262897536158562
-0.1681261658668518
0.03963594138622284
-0.020029887557029724
0.062035299837589264
0.06188790127635002
-0.10290198773145676
0.03306509554386139
0.06574232876300812
0.03658214583992958
-0.0071878982707858086
0.04570421949028969
0.06316956877708435
-0.08585907518863678
0.21637874841690063
-0.050065264105796814
-0.0696784108877182
-0.08514753729104996
0.1728980541229248
0.1956847459077835
-0.06212975084781647
-0.15104402601718903
0.04330427944660187
0.06704338639974594
0.25170278549194336
0.019301284104585648
0.03708602860569954
-0.059594038873910904
0.10101727396249771
-0.0395471565425396
-0.04026857018470764
0.1475924402475357
-0.16173729300498962
-0.06283032894134521
0.03622167557477951
0.13697147369384766
0.00021540044690482318
-0.20001424849033356
-0.298238068819046
-0.03874005749821663
0.03298215940594673
0.17701447010040283
-0.19557449221611023
-0.0896873027086258
-0.07703915983438492
0.16044843196868896
0.09329430013895035
-0.013727923855185509
0.07493863999843597
0.06416075676679611
0.2075660526752472
-0.20696525275707245
-0.056605610996484756
0.2619212865829468
-0.08750146627426147
-0.2710588872432709
0.16058439016342163
0.09358713030815125
0.025894230231642723
-0.0377875491976738
-0.011370453983545303
0.09752076119184494
-0.07057534158229828
0.0744268074631691
0.09363330900669098
-0.02786344662308693
0.0018283288227394223
-0.15789465606212616
-0.07924448698759079
-0.0007426891243085265
0.19250044226646423
0.01099937129765749
0.2233314961194992
-0.003769712522625923
0.05403202399611473
0.05339996889233589
-0.15465222299098969
-0.558079183101654
0.07221438735723495
0.1548726111650467
0.010428651235997677
0.06411553919315338
0.15375344455242157
0.007697947323322296
0.08106755465269089
-0.19854338467121124
0.10603661090135574
0.1180875152349472
0.10314787179231644
-0.0863114595413208
0.22881793975830078
-0.07215627282857895
-0.12013699859380722
0.004159423988312483
-0.05374784395098686
0.017641207203269005
0.035075992345809937
-0.045174382627010345
-0.012787631712853909
-0.2111530303955078
-0.06337554007768631
-0.3091045618057251
-0.2590368390083313
-0.016960542649030685
-0.0313488133251667
0.016709357500076294
0.16203783452510834
0.07612529397010803
0.08795695006847382
-0.34590253233909607
-0.08659757673740387
0.0989341288805008
0.08236756175756454
-0.17564769089221954
0.09993528574705124
0.0723237544298172
0.16530071198940277
-0.17291387915611267
0.1206623837351799
-0.011463492177426815
0.17041189968585968
0.006264588329941034
0.007552238181233406
-0.37991228699684143
0.001521591329947114
-0.14945320785045624
0.10663195699453354
-0.08848302811384201
0.16284194588661194
-0.014965713955461979
0.15731428563594818
-0.12315085530281067
-0.04432247579097748
0.17799122631549835
-0.17792177200317383
-0.1490582525730133
-0.09079836308956146
-0.04259446635842323
0.08058663457632065
0.13252292573451996
0.023394683375954628
0.1836262047290802
0.19569724798202515
-0.03204667195677757
0.1729709357023239
-0.031976085156202316
-0.004234079737216234
-0.10270377993583679
-0.07656817883253098
-0.07127529382705688
-0.003925653174519539
-0.0836632251739502
0.13804307579994202
0.0006909953663125634
-0.04716760292649269
-0.10129804909229279
-0.15025867521762848
0.1497330218553543
-0.09424799680709839
0.08583435416221619
-0.19970421493053436
-0.06394927203655243
0.042175471782684326
0.20898576080799103
-0.08494753390550613
-0.07267402112483978
-0.05988610163331032
0.11300560086965561
-0.029425768181681633
-0.16572502255439758
0.1039351150393486
0.022641900926828384
0.1083652451634407
-0.33181729912757874
-0.3285084068775177
-0.22022496163845062
0.14409200847148895
-0.21103590726852417
0.09601449966430664
0.1454155594110489
0.10439705848693848
0.03876163065433502
-0.1319156140089035
0.10917850583791733
-0.10525723546743393
0.06846193969249725
-0.03392660245299339
0.03857302665710449
-0.08460168540477753
0.0668550655245781
0.05027114972472191
0.11719480901956558
-0.011492578312754631
-0.22529035806655884
0.1600664258003235
-0.09516792744398117
-0.1861559897661209
-0.12263348698616028
0.05494312196969986
-0.006879410240799189
-0.2547692656517029
-0.11738941818475723
-0.08476103842258453
-0.24392807483673096
-0.00360918533988297
0.17379476130008698
-0.3364567458629608
0.09984168410301208
0.1378769725561142
0.11702188849449158
0.05290650948882103
0.051291413605213165
-0.041463129222393036
-0.12473581731319427
-0.024773163720965385
0.1032857894897461
-0.13114534318447113
-0.1938418447971344
-0.29454612731933594
-0.09249936789274216
-0.036331161856651306
0.13709934055805206
-0.09125995635986328
-0.200003519654274
-0.11444442719221115
-0.0944366529583931
0.11269180476665497
0.08413831144571304
0.10280302166938782
-0.0007243852596729994
0.23980961740016937
0.06836353987455368
0.07267820835113525
-0.20388375222682953
0.03129776939749718
-0.16020241379737854
0.0049872747622430325
0.16404469311237335
0.15475600957870483
-0.13631141185760498
0.11149781942367554
0.10853329300880432
0.1846177726984024
0.2026527225971222
0.04109838977456093
-0.08502708375453949
-0.07977781444787979
-0.017041156068444252
0.08157693594694138
0.14816096425056458
-0.08215925842523575
-0.12232548743486404
-0.04256802424788475
-0.08711849898099899
-0.06586217135190964
-0.22767479717731476
-0.29177528619766235
-0.02628740482032299
0.10051419585943222
-0.019560907036066055
0.1702011525630951
0.17653152346611023
-0.1784161925315857
-0.08606728166341782
-0.1436777412891388
-0.11974866688251495
-0.04250847175717354
-0.3044418692588806
-0.17960041761398315
-0.0037260940298438072
-0.2534356713294983
0.053184762597084045
0.020089559257030487
0.13123184442520142
-0.0890263095498085
0.12379802763462067
0.1788751482963562
0.06917157024145126
0.02806505560874939
-0.10608164966106415
-0.10123533010482788
0.202498659491539
-0.05467991903424263
0.05776263773441315
0.2115512192249298
0.16760589182376862
0.014626424759626389
-0.1924852877855301
-0.021167032420635223
-0.13342753052711487
-0.13921001553535461
0.15138408541679382
-0.021364573389291763
0.04661465808749199
0.22577141225337982
-0.11819629371166229
-0.16044622659683228
0.11622240394353867
0.14292369782924652
0.0664026215672493
-0.026875361800193787
0.048379503190517426
-0.02670411951839924
0.1255897730588913
-0.025327596813440323
0.20529770851135254
-0.25801897048950195
0.08760638535022736
-0.07272535562515259
-0.13941624760627747
-0.14311529695987701
0.17866232991218567
-0.013530591502785683
0.052467238157987595
-0.00341874361038208
0.18232618272304535
-0.08160921931266785
-0.13599276542663574
0.026459133252501488
-0.14657142758369446
0.18734797835350037
0.052296943962574005
0.1481560915708542
0.036528293043375015
0.04075852409005165
0.26667320728302
-0.021217340603470802
0.1294921487569809
-0.13774548470973969
0.05317901447415352
0.1192370057106018
0.02339526265859604
0.13008920848369598
0.05584926903247833
-0.06979420781135559
0.10898766666650772
0.012119169346988201
-0.14015111327171326
0.07534283399581909
-0.06986430287361145
0.04986949637532234
-0.18084487318992615
0.0011102586286142468
-0.024133505299687386
-0.05425294116139412
0.018159925937652588
0.06060606241226196
-0.0415525920689106
0.01614048331975937
0.22433356940746307
0.15903475880622864
0.07799653708934784
-0.03920068219304085
0.25253936648368835
0.09981663525104523
0.14647434651851654
-0.06737065315246582
-0.20177309215068817
-0.09039235860109329
-0.2359624207019806
0.06677119433879852
-0.08873080462217331
-0.10251063108444214
0.21168303489685059
-0.03363823518157005
0.10022137314081192
-0.09576521813869476
0.2272263616323471
0.0795845240354538
-0.1285545378923416
-0.04854234680533409
0.14075911045074463
0.10127522051334381
-0.239638552069664
0.026332972571253777
-0.17542564868927002
-0.02578209899365902
0.048938263207674026
-0.13635365664958954
-0.08966318517923355
0.09907069802284241
-0.4221874177455902
0.3024542033672333
0.17488226294517517
0.22235214710235596
0.04194959998130798
-0.1330360323190689
-0.19328626990318298
0.05829827859997749
0.004673633724451065
-0.10292886942625046
-0.031230809167027473
0.033277496695518494
0.018633106723427773
0.12486044317483902
0.11378482729196548
-0.014080910943448544
0.10570906847715378
0.10472670197486877
0.1870274692773819
0.09016454219818115
-0.019542744383215904
0.059434786438941956
0.1892455369234085
0.03955601900815964
0.15462379157543182
0.07560786604881287
0.1178155317902565
-0.044622525572776794
0.22997994720935822
0.09918791800737381
-0.021088799461722374
-0.17472462356090546
-0.1256529837846756
-0.11406884342432022
0.18436621129512787
-0.09808909147977829
0.12973859906196594
-0.10536568611860275
-0.04767323285341263
0.06078208610415459
0.1719895601272583
0.19391241669654846
-0.013649173080921173
-0.0007666685269214213
0.20122145116329193
0.07879761606454849
-0.05394735932350159
-0.052999578416347504
0.1344037652015686
-0.03068588115274906
0.0997454822063446
0.12060783058404922
0.013924741186201572
0.005554954055696726
-0.04941124841570854
-0.04475115239620209
0.15697218477725983
0.10854444652795792
0.011299296282231808
-0.3812312185764313
0.10163731127977371
-0.12960515916347504
0.01976216956973076
-0.0823107436299324
0.04526194557547569
-0.030417555943131447
-0.024661557748913765
-0.03236784785985947
0.212577223777771
0.022230928763747215
0.029486633837223053
-0.1380423903465271
-0.004431512672454119
0.012536273337900639
0.11889387667179108
0.09704882651567459
0.015383310616016388
-0.17256395518779755
0.11238227039575577
0.04459672421216965
-0.0725458636879921
0.14456088840961456
-0.06108364835381508
-0.03149144724011421
0.14108142256736755
-0.05690642073750496
0.21457692980766296
0.12506996095180511
-0.08760897815227509
0.08561818301677704
-0.13872411847114563
0.18314442038536072
-0.04690009355545044
0.04844079166650772
-0.019099850207567215
-0.014429357834160328
-0.1486068218946457
0.14265495538711548
-0.16112428903579712
-0.12994220852851868
-0.31022247672080994
-0.2598436176776886
-0.1962415724992752
0.19703443348407745
0.0018687767442315817
0.12122009694576263
0.2091134488582611
-0.035952821373939514
-0.020181890577077866
0.11262035369873047
0.08053754270076752
-0.07688460499048233
0.13615195453166962
0.0371842086315155
0.1835814118385315
-0.18015527725219727
-0.1544920951128006
0.15377146005630493
0.2882266044616699
0.03116031549870968
-0.09268369525671005
0.12366964668035507
0.15129080414772034
0.04327422380447388
-0.044408634305000305
0.048658668994903564
0.1381569355726242
0.06895964592695236
0.08292040973901749
0.14481221139431
-0.17622153460979462
0.1483236849308014
0.11356540769338608
-0.14898386597633362
-0.06771491467952728
0.027870237827301025
-0.047687921673059464
-0.1749887466430664
-0.04683678597211838
-0.10971006751060486
0.06491308659315109
0.19159284234046936
-0.009164286777377129
-0.174263134598732
0.211613267660141
-0.07300855964422226
-0.12131331861019135
0.1263064593076706
0.0002695495495572686
-0.09901167452335358
-0.06830254197120667
0.038013212382793427
0.04004816710948944
-0.15446172654628754
0.036314718425273895
0.05276872217655182
0.24422650039196014
0.03569158911705017
-0.2700797915458679
0.025788798928260803
0.0014421922387555242
0.1690812110900879
0.0040308889001607895
-0.03645290434360504
0.05648180842399597
-0.04353118687868118
-0.07759305089712143
-0.11457133293151855
0.005589575041085482
0.43483129143714905
-0.16080060601234436
0.24696478247642517
-0.13750414550304413
-0.16168400645256042
-0.05358606576919556
0.04232500493526459
-0.26318904757499695
-0.2378935068845749
0.019369062036275864
-0.13927333056926727
-0.008808864280581474
0.02983878366649151
0.33999988436698914
-0.062479693442583084
0.0998498946428299
0.17060156166553497
-0.03646139055490494
-0.04958426207304001
-0.1172911748290062
0.26365718245506287
-0.004936695098876953
-0.05181926116347313
0.21820339560508728
0.20552825927734375
0.013924960978329182
0.03756063058972359
-0.02493821084499359
0.17869152128696442
0.01505983341485262
-0.14320693910121918
-0.06527294963598251
0.12114500254392624
-0.09434353560209274
-0.33881571888923645
0.1294040083885193
0.11862872540950775
-0.2787685990333557
0.33800360560417175
-0.0021838624961674213
-0.030651696026325226
-0.04056479409337044
-0.3774851858615875
-0.21218518912792206
0.05585066229104996
0.16354098916053772
-0.08028284460306168
0.005113475956022739
0.14906853437423706
0.17301350831985474
-0.3159452974796295
0.1396082639694214
-0.0898037776350975
-0.24809621274471283
0.049509067088365555
-0.2019748091697693
0.23502270877361298
-0.15805591642856598
-0.29572561383247375
-0.20472536981105804
-0.09046273678541183
0.020848384127020836
0.12295296788215637
0.14690159261226654
0.34483176469802856
0.19321906566619873
-0.1090221032500267
-0.1448565125465393
0.255990594625473
-0.16924598813056946
0.22078993916511536
0.13484147191047668
0.15143021941184998
-0.040473420172929764
-0.06908589601516724
-0.021359195932745934
-0.0022252441849559546
-0.03458782285451889
-0.025794265791773796
-0.36559468507766724
0.09533074498176575
0.11814964562654495
0.13285556435585022
0.17211879789829254
-0.1303931474685669
-0.05386989191174507
-0.2660871744155884
-0.10698307305574417
-0.018254965543746948
0.09926889836788177
0.08124078065156937
0.017627613618969917
-0.10655470937490463
0.05703238025307655
-0.1325167566537857
0.09912092238664627
-0.034885019063949585
0.10803523659706116
0.006272862199693918
-0.16954390704631805
-0.06847146898508072
-0.1324162781238556
0.0681944265961647
-0.15489110350608826
0.03470705449581146
0.04956758767366409
0.12531735002994537
-0.22720929980278015
-0.1823197454214096
-0.09880993515253067
0.12146905064582825
-0.11111512035131454
0.08152865618467331
-0.08441267907619476
0.04500359669327736
-0.1882098913192749
-0.10447203367948532
0.13438090682029724
-0.24365392327308655
0.03111901320517063
-0.0951940193772316
-0.19475260376930237
0.10804858058691025
-0.07595153152942657
0.11579422652721405
-0.12182269990444183
0.05723629519343376
-0.11359278857707977
-0.10361194610595703
-0.05761998891830444
0.027132609859108925
0.08466843515634537
0.12502503395080566
-0.0128145357593894
-0.17235124111175537
-0.1164037361741066
0.10325957089662552
-0.17649723589420319
-0.015575867146253586
0.13474127650260925
-0.17037039995193481
-0.0006389428745023906
-0.20440958440303802
-0.13432778418064117
-0.11610075831413269
0.10470954328775406
0.12789003551006317
0.16097451746463776
-0.05790079012513161
-0.05142809823155403
-0.2497544288635254
-0.12479244917631149
-0.06809062510728836
0.058573730289936066
0.012284764088690281
-0.16045871376991272
0.014306043274700642
0.10200603306293488
-0.11776593327522278
-0.1286373734474182
-0.07433943450450897
-0.10699313879013062
-0.06607617437839508
0.1568211168050766
0.019993333145976067
-0.14487265050411224
-0.11210819333791733
-0.13336586952209473
-0.04085780680179596
-0.18443600833415985
-0.17169496417045593
0.18346494436264038
-0.09378951787948608
-0.005046326667070389
0.029930206015706062
0.08408639580011368
-0.1188206672668457
-0.0948789045214653
-0.08643089979887009
0.12900084257125854
-0.11124549806118011
-0.1081051304936409
-0.041500989347696304
-0.08888482302427292
0.06163344904780388
-0.12309979647397995
-0.007752548437565565
0.14585979282855988
-0.03406677022576332
-0.045181918889284134
-0.03050101175904274
-0.16916315257549286
-0.14526395499706268
0.05622975528240204
-0.11048607528209686
-0.1109125167131424
0.14982736110687256
-0.20835302770137787
-0.0802522823214531
-0.09069129824638367
-0.15726742148399353
-0.011263319291174412
0.21193796396255493
-0.0852803885936737
-0.0818730890750885
0.0008145729079842567
-0.17129561305046082
0.12615858018398285
-0.041457775980234146
0.17901533842086792
0.11434891819953918
-0.14724428951740265
0.081429123878479
-0.16204550862312317
-0.1912604719400406
-0.11526628583669662
-0.11424271017313004
-0.09436462819576263
0.02481110394001007
0.0842246487736702
0.15417124330997467
-0.19424223899841309
-0.015028213150799274
0.13978298008441925
0.09798146039247513
-0.10110782831907272
0.0969167947769165
0.011801612563431263
-0.13303381204605103
-0.11317943036556244
-0.09465625137090683
-0.014085624366998672
-0.18588832020759583
0.18026430904865265
-0.052366334944963455
-0.03202969953417778
0.13356390595436096
-0.014555206522345543
-0.233005553483963
0.11409243941307068
-0.023372581228613853
0.20714746415615082
0.04423947259783745
-0.11647289991378784
-0.19393759965896606
0.3648652136325836
0.12299713492393494
0.14380550384521484
0.03920629620552063
-0.026017561554908752
-0.13384313881397247
-0.01922720856964588
0.21378223598003387
0.13857045769691467
-0.09385931491851807
-0.06103696674108505
-0.021692777052521706
-0.010949571616947651
0.2644827961921692
-0.05972882732748985
0.051201917231082916
-0.1293679028749466
-0.09507770091295242
0.1767658144235611
0.05564698949456215
-0.14784082770347595
0.08526118844747543
-0.059620682150125504
-0.027726907283067703
-0.19451960921287537
-0.08788575977087021
-0.06599752604961395
-0.15601010620594025
0.01286647655069828
0.08283690363168716
0.03379705175757408
-0.1541299968957901
-0.10222815722227097
0.24890853464603424
-0.004086118657141924
0.11137440800666809
-0.09763294458389282
0.08580029010772705
-0.010588633827865124
-0.15271590650081635
-0.2963457703590393
0.07965961843729019
0.09017788618803024
-0.28624263405799866
0.23305712640285492
-0.23257814347743988
-0.03400295227766037
0.038795940577983856
-0.03953733295202255
0.03301851451396942
-0.27236902713775635
0.034183889627456665
-0.06685416400432587
0.06292558461427689
-0.061494141817092896
-0.20324282348155975
-0.3774624764919281
-0.2453766018152237
0.040473807603120804
0.10716313123703003
-0.08334621787071228
-0.007283330895006657
0.18852704763412476
-0.053553368896245956
0.1606682538986206
-0.08274701237678528
-0.16737958788871765
0.10812417417764664
-0.2209223061800003
0.1697644740343094
0.12528133392333984
0.02722766064107418
-0.12297041714191437
-0.01075390912592411
-0.25074151158332825
-0.031109722331166267
-0.09560169279575348
0.23672395944595337
0.005325044505298138
0.2528500556945801
0.12567488849163055
0.16102334856987
-0.40030962228775024
-0.07718679308891296
-0.13102689385414124
-0.09247612953186035
0.03438630700111389
0.09836388379335403
0.019479239359498024
0.09050562232732773
-0.13925430178642273
-0.09413231909275055
-0.20780305564403534
0.11674889177083969
0.26824212074279785
0.059700001031160355
0.07734164595603943
-0.02046402357518673
-0.07480695843696594
0.1013958528637886
-0.1302596628665924
-0.13438929617404938
0.25911056995391846
0.20585431158542633
-0.10277848690748215
0.11570298671722412
-0.14946165680885315
0.11674521863460541
-0.10144992917776108
0.041283659636974335
0.07237336784601212
0.25868484377861023
-0.07355647534132004
-0.1290288120508194
-0.159681037068367
0.10408198833465576
-0.1097802147269249
-0.18958812952041626
-0.15695258975028992
0.07114464789628983
0.01949167065322399
-0.07977834343910217
-0.10941429436206818
-0.04165991023182869
0.18904931843280792
-0.031236976385116577
-0.062489449977874756
0.0027230889536440372
-0.15870417654514313
0.19780072569847107
0.0711653009057045
0.014128481969237328
0.14872318506240845
0.03501259163022041
-0.1401316225528717
-0.024731498211622238
0.22297918796539307
0.20128889381885529
-0.22803720831871033
0.00472670653834939
-0.025232020765542984
-0.08195402473211288
0.248263880610466
-0.06428759545087814
0.10604987293481827
-0.21166014671325684
-0.04417232796549797
0.06976745277643204
-0.04359268769621849
-0.13718266785144806
-0.01839449442923069
0.19871729612350464
-0.15815512835979462
-0.3125206232070923
-0.20397543907165527
-0.09190154075622559
-0.10095355659723282
0.11752791702747345
0.1615276336669922
-0.04535955935716629
-0.17507441341876984
-0.30019885301589966
0.10793925821781158
0.0047709885984659195
-0.08653479069471359
0.16052478551864624
0.20626138150691986
-0.029552342370152473
-0.026696687564253807
0.06812957674264908
-0.08218991011381149
0.11013967543840408
-0.013049731031060219
0.2146235704421997
-0.05782467499375343
-0.19622842967510223
0.02422480657696724
-0.14592806994915009
-0.015860576182603836
-0.00861339084804058
0.10473190993070602
0.21644359827041626
-0.12296079099178314
0.0940953940153122
0.12818807363510132
-0.1638670116662979
0.03500556945800781
0.1771813929080963
0.06578653305768967
0.1479310244321823
0.10895954817533493
0.19901004433631897
0.11367996037006378
0.29113858938217163
0.16669254004955292
0.08481933921575546
-0.060373324900865555
-0.19489187002182007
-0.08925475180149078
0.19590157270431519
0.08549939841032028
-0.1959075778722763
-0.1148807480931282
-0.028803693130612373
0.1708235740661621
-0.14728663861751556
0.1365155130624771
0.2928966283798218
0.23605480790138245
-0.1403932422399521
0.22012712061405182
-0.2606884241104126
-0.008412242867052555
0.03575443848967552
-0.08934564888477325
-0.15139159560203552
0.2565363049507141
0.06634154170751572
-0.1618146002292633
-0.17166809737682343
-0.053776293992996216
-0.037340279668569565
0.055051788687705994
-0.017325840890407562
0.07073060423135757
0.16154339909553528
0.011540244333446026
0.06822611391544342
0.22880679368972778
-0.0984741821885109
-0.13834305107593536
0.19714854657649994
0.1386755406856537
0.020096296444535255
0.15864643454551697
-0.24213722348213196
-0.10948322713375092
0.2853405177593231
-0.23903869092464447
0.0395309180021286
0.2580748498439789
0.007815002463757992
-0.08391492068767548
-0.068285271525383
0.01733822003006935
-0.011838733218610287
0.0934077799320221
-0.18168531358242035
0.17922164499759674
0.1974128633737564
-0.0937798023223877
0.20051582157611847
0.12907253205776215
0.0003697325009852648
0.08127198368310928
-0.1421370655298233
-0.03857467323541641
0.21387359499931335
-0.08351142704486847
-0.2244352549314499
-0.07254350930452347
0.015113858506083488
-0.20214396715164185
0.12658989429473877
0.021757926791906357
-0.2569332718849182
-0.04865967109799385
-0.04501282051205635
-0.07933956384658813
0.18333840370178223
-0.003503049723803997
-0.22219529747962952
0.09234139323234558
0.07305074483156204
-0.11629877984523773
-0.021518182009458542
-0.05589844286441803
0.28395015001296997
-0.018368352204561234
-0.006756892427802086
0.05003031715750694
0.26135075092315674
-0.1841346025466919
0.1591583788394928
0.18389102816581726
-0.07826748490333557
0.1548580676317215
0.0745159387588501
-0.09014031291007996
-0.1688244491815567
0.23709695041179657
0.06017031893134117
-0.27176257967948914
-0.14549122750759125
0.2742028534412384
-0.20072662830352783
0.009848068468272686
0.002059181686490774
-0.1020994707942009
0.16799749433994293
0.03866182267665863
0.023677168413996696
0.16099196672439575
0.23646177351474762
0.006348902825266123
0.053459636867046356
0.08687641471624374
0.013072904199361801
-0.006028329953551292
-0.10841653496026993
0.1789821833372116
-0.15797555446624756
0.12193142622709274
0.04652886092662811
-0.04401334002614021
0.19319523870944977
-0.06687109172344208
0.02855231612920761
0.06769445538520813
0.1615648865699768
-0.01589076593518257
0.031875211745500565
-0.01320587657392025
0.23372550308704376
0.07428662478923798
0.07872097194194794
0.13156740367412567
-0.10979573428630829
-0.015771999955177307
0.0006358353421092033
0.1920710653066635
0.15652388334274292
0.25789377093315125
0.003891788423061371
0.12760572135448456
0.16423176229000092
-0.22367040812969208
0.029355501756072044
-0.16585102677345276
-0.03873761370778084
-0.008689594455063343
-0.006385087501257658
-0.007350984960794449
-0.03131312504410744
-0.07232891023159027
0.014697116799652576
-0.03151627257466316
-0.06905557960271835
0.19021178781986237
-0.09321519732475281
-0.11471796035766602
-0.03404988348484039
-0.023536086082458496
0.08578892052173615
-0.10899613797664642
-0.029194269329309464
0.12053035199642181
0.021813232451677322
0.011769847944378853
-0.04931812733411789
-0.27861711382865906
0.029682058840990067
-0.12738822400569916
0.11920423060655594
0.20954743027687073
0.03968359902501106
0.0749754086136818
-0.11212073266506195
0.1007026806473732
0.14881214499473572
-0.04222886264324188
-0.049074526876211166
-0.10321638733148575
0.13075311481952667
0.13016001880168915
0.007852562703192234
0.006320340558886528
-0.08603113144636154
0.0030982443131506443
0.20182543992996216
-0.1091144010424614
0.1566508561372757
-0.17305094003677368
0.027671370655298233
0.1821548342704773
-0.06792047619819641
0.01975378207862377
0.25405025482177734
-0.25939086079597473
0.0813460648059845
-0.08703001588582993
0.06826824694871902
-0.015114611946046352
-0.06398113816976547
-0.009784458205103874
0.1409018188714981
-0.03765731304883957
-0.04456478729844093
0.1172955185174942
-0.01230220589786768
0.2784702777862549
-0.23426389694213867
0.06448347866535187
0.14736676216125488
-0.030360214412212372
0.009916413575410843
0.06616117805242538
-0.09703982621431351
0.07704044133424759
0.14235135912895203
-0.25857478380203247
-0.2492590993642807
-0.035387951880693436
-0.1499970555305481
-0.2003496289253235
0.04698030278086662
-0.07338832318782806
0.2268761396408081
0.1918109655380249
-0.20770037174224854
0.03226885199546814
-0.20486395061016083
-0.017018677666783333
-0.09907657653093338
0.13131925463676453
-0.0968896821141243
0.12135598808526993
-0.13220229744911194
0.07460974156856537
0.10916340351104736
0.03694949299097061
-0.08820071071386337
-0.15282593667507172
-0.21468546986579895
-0.27902063727378845
-0.16981032490730286
0.11374200880527496
0.04448004439473152
0.05781656131148338
-0.2087584137916565
-0.2533300220966339
-0.09527366608381271
0.10298683494329453
-0.13990148901939392
0.10569256544113159
0.01908421330153942
0.06927957385778427
0.18311606347560883
-0.13584467768669128
-0.026730025187134743
-0.1084328144788742
0.026510942727327347
-0.09034781903028488
-0.11659319698810577
-0.07325161248445511
-0.37294185161590576
0.11849264800548553
0.06619694828987122
0.1760588437318802
0.07434498518705368
-0.3190170228481293
0.0021474251989275217
-0.12350666522979736
-0.06608479470014572
0.17889271676540375
0.055603984743356705
-0.12140847742557526
0.2009304016828537
0.17218121886253357
-0.07741312682628632
-0.17584004998207092
-0.0746665745973587
-0.20227240025997162
0.05646313726902008
0.1293828785419464
0.07589619606733322
-0.12441305071115494
-0.001629900885745883
0.006247378885746002
-0.08790101855993271
0.17009305953979492
0.15393199026584625
-0.009007890708744526
0.20567931234836578
0.02831443026661873
-0.0007163146510720253
0.008699257858097553
0.020574964582920074
-0.12287551909685135
-0.0029329750686883926
0.11452308297157288
-0.33471956849098206
-0.009355593472719193
0.012588094919919968
0.006578538101166487
-0.07241740822792053
-0.09974928200244904
0.04729245603084564
0.257839560508728
0.21955087780952454
0.003642634255811572
-0.2865639328956604
0.068863146007061
-0.030373461544513702
-0.2572081983089447
-0.08968573808670044
0.22004389762878418
-0.24045848846435547
0.012793682515621185
0.12401215732097626
0.12673796713352203
0.2044152021408081
0.10851991176605225
0.07482384145259857
0.06482753157615662
-0.20267878472805023
-0.05298801511526108
0.32921847701072693
-0.15681031346321106
-0.1805708408355713
-0.3393375277519226
-0.10596206039190292
0.16592271625995636
-0.11490947008132935
-0.07956615090370178
-0.15112747251987457
-0.06954430788755417
-0.18490421772003174
0.14716921746730804
-0.01192315760999918
0.22019298374652863
0.12382359802722931
-0.2051224410533905
0.07087314873933792
-0.07821042090654373
-0.11366939544677734
-0.032938774675130844
-0.14445830881595612
0.03757314011454582
0.16020579636096954
0.07503998279571533
0.09455385059118271
-0.21355374157428741
0.10596991330385208
0.008350102230906487
0.11532982438802719
-0.2316986620426178
-0.0582088977098465
-0.089925616979599
0.024777628481388092
0.07461334764957428
0.12924697995185852
-0.10098154842853546
0.029383892193436623
0.07168278843164444
0.21171285212039948
0.1945933848619461
-0.31336843967437744
0.08290421962738037
0.20777124166488647
0.09543512016534805
0.015395129099488258
0.2374185174703598
0.36448678374290466
0.11323708295822144
0.09125606715679169
-0.14231590926647186
0.15229015052318573
0.172511488199234
-0.022388415411114693
0.11592812836170197
0.09658075869083405
-0.08498959243297577
0.014346376992762089
0.07199779897928238
0.11572817713022232
0.024185046553611755
-0.0649070143699646
-0.11190755665302277
0.02507658302783966
0.08321095257997513
0.2559094727039337
0.18590575456619263
-0.07536295801401138
0.15141795575618744
-0.3235858678817749
0.01362733356654644
-0.1070876270532608
-0.07092299312353134
0.1978897601366043
-0.058063555508852005
0.06598322093486786
-0.33935943245887756
-0.00902435090392828
-0.21880324184894562
0.23910750448703766
0.07929017394781113
-0.2543932795524597
0.029028115794062614
0.17033754289150238
-0.12167824059724808
-0.18763983249664307
0.1975841522216797
0.10006885975599289
0.25579866766929626
-0.21735639870166779
-0.30791833996772766
0.05039466172456741
-0.010456865653395653
0.19124116003513336
-0.23529022932052612
-0.09270346909761429
0.21342654526233673
-0.06751114130020142
-0.14650830626487732
0.19926908612251282
-0.18170548975467682
0.11209069937467575
-0.15113453567028046
-0.2560507655143738
0.4313817322254181
0.18008558452129364
-0.1763288825750351
0.1662410944700241
0.22475410997867584
0.03974928706884384
0.09547869861125946
-0.08032172173261642
-0.025327986106276512
-0.20718587934970856
-0.0016816520364955068
0.002748471684753895
0.03824421018362045
0.3869583308696747
-0.1806648075580597
-0.11754071712493896
0.1828460544347763
-0.08572420477867126
0.2563134431838989
0.16351157426834106
0.09164193272590637
-0.04747786000370979
0.06745075434446335
-0.029983647167682648
0.16132159531116486
0.03362039849162102
0.04420652613043785
0.11003132909536362
-0.12926796078681946
-0.09903829544782639
0.17049717903137207
0.24372997879981995
-0.17552761733531952
0.009526425041258335
-0.08827638626098633
-0.13766320049762726
0.10510909557342529
-0.008569314144551754
0.016913603991270065
-0.10535548627376556
0.0060560558922588825
-0.18719054758548737
0.1005392074584961
0.1118241474032402
0.2964933514595032
-0.19539210200309753
-0.1254614144563675
0.11354438215494156
0.039405256509780884
-0.14596159756183624
0.038156554102897644
0.1592104136943817
-0.030155707150697708
0.2079313099384308
3.362621646374464e-05
0.10661643743515015
0.18370409309864044
0.33011120557785034
-0.0047737290151417255
0.19802846014499664
-0.13338594138622284
-0.016818303614854813
-0.11264549195766449
-0.103875070810318
-0.09290424734354019
-0.05060482397675514
-0.0843110978603363
0.020120985805988312
0.05773217976093292
0.04221313074231148
0.05424943566322327
-0.08413741737604141
-0.17047345638275146
0.1777561604976654
0.12140554189682007
0.2284054011106491
0.03665052354335785
0.19888725876808167
0.024103425443172455
-0.15995998680591583
0.18102651834487915
0.2687910497188568
0.07854960113763809
-0.1168874129652977
0.0773567259311676
0.11199924349784851
-0.0487697534263134
0.04782208055257797
-0.00201623048633337
-0.17940516769886017
0.19581665098667145
-0.039454370737075806
-0.07292856276035309
-0.05425861105322838
0.009454612620174885
-0.09302591532468796
0.17673128843307495
-0.08755358308553696
0.34498435258865356
0.16673989593982697
0.11558753997087479
0.0911053791642189
0.07219206541776657
-0.1860584169626236
0.03865506872534752
-0.2586090564727783
0.11880189925432205
0.09111594408750534
0.1692245453596115
0.2247745245695114
-0.011386719532310963
-0.1373530477285385
-0.12515132129192352
-0.052825234830379486
-0.10014085471630096
0.10335386544466019
-0.21972151100635529
0.10272357612848282
-0.12187808007001877
-0.01597469672560692
0.12942364811897278
-0.13359041512012482
0.018517546355724335
0.12130197137594223
0.036580368876457214
-0.07848630845546722
0.10519561171531677
-0.25429683923721313
-0.029161084443330765
-0.22276373207569122
-0.17862112820148468
0.23116637766361237
-0.06900086998939514
0.026739954948425293
0.051177799701690674
-0.07028350234031677
-0.1675611436367035
-0.15248960256576538
0.20016396045684814
-0.09385836869478226
-0.046927742660045624
0.08931358903646469
-0.15828295052051544
-0.05343202129006386
0.011192116886377335
-0.0013381621101871133
0.04987135902047157
-0.1566966325044632
-0.0045349933207035065
-0.10013169795274734
-0.11121495068073273
0.23314732313156128
-0.21707786619663239
0.062113162130117416
0.28782030940055847
-0.0701521560549736
0.06047392264008522
0.12631756067276
0.029774678871035576
-0.10733269155025482
-0.09946350753307343
0.030804134905338287
0.1612960547208786
0.04817570000886917
0.08778408169746399
0.07711079716682434
0.08229079842567444
-0.04788520559668541
0.11259490251541138
-0.08588995784521103
-0.053282398730516434
0.11841286718845367
-0.060610827058553696
0.07803532481193542
-0.10363118350505829
0.05111536756157875
0.26474881172180176
-0.06178676337003708
0.025377850979566574
-0.14102979004383087
0.054780248552560806
0.1478276252746582
0.008632362820208073
-0.07763957977294922
-0.10782366991043091
-0.08518220484256744
-0.1855752319097519
0.17306947708129883
-0.009736516512930393
0.027259565889835358
0.0379171259701252
0.09167232364416122
-0.10885484516620636
-0.14052723348140717
0.1634472757577896
-0.10397348552942276
-0.02142537757754326
0.05342111736536026
-0.03704099357128143
-0.13026124238967896
-0.08020207285881042
0.09306152164936066
-0.06612083315849304
0.16277959942817688
-0.18873079121112823
0.0016032604034990072
0.1149175614118576
-0.23405905067920685
-0.15111374855041504
-0.07089626044034958
-0.1852361410856247
-0.18851587176322937
0.01639724336564541
-0.09257986396551132
-0.03333389386534691
-0.02911514975130558
0.06764131039381027
-0.0043817609548568726
-0.02928527258336544
-0.17500057816505432
-0.2191169261932373
0.03210029751062393
-0.22700080275535583
0.0911722257733345
0.12503761053085327
0.1563022881746292
0.026824239641427994
-0.13702905178070068
-0.28379714488983154
-0.03124748170375824
0.04347735270857811
0.15212994813919067
0.07565603405237198
0.10466808080673218
-0.05254090204834938
-0.13059115409851074
-0.2398148626089096
-0.1670684665441513
-0.13453364372253418
-0.1253514587879181
0.041789405047893524
-0.0011626608902588487
-0.15714754164218903
0.152307391166687
-0.22488807141780853
0.18492354452610016
-0.010260202921926975
0.20791368186473846
0.17526639997959137
0.017812198027968407
0.148173987865448
0.04586060717701912
0.074517160654068
0.21824313700199127
-0.015965528786182404
-0.2911292016506195
0.21823951601982117
0.028598405420780182
-0.08535365015268326
-0.1387178897857666
-0.09806306660175323
0.1889619678258896
0.16398248076438904
-0.07964835315942764
-0.008226074278354645
0.18562549352645874
0.039421677589416504
-0.0793602243065834
-0.15429475903511047
0.11274787038564682
-0.02588297426700592
0.10949239879846573
-0.10995376110076904
0.07112579047679901
0.04641379043459892
-0.048439040780067444
0.13209015130996704
-0.1617773175239563
-0.08509258925914764
0.13989026844501495
-0.07064908742904663
0.10642454773187637
0.05580388009548187
-0.04790796339511871
0.0396391898393631
0.14161644876003265
-0.04702098295092583
-0.17270193994045258
0.009763890877366066
0.16816960275173187
-0.15898293256759644
-0.028995752334594727
-0.04230109229683876
0.029330356046557426
0.15706482529640198
0.10060414671897888
0.07928026467561722
-0.002266388386487961
0.04580134153366089
0.04217758774757385
0.03170904889702797
0.03504030779004097
0.127703458070755
0.05884420499205589
-0.01834850385785103
-0.20199863612651825
0.05248081684112549
-0.0045697432942688465
-0.0291901882737875
0.10724030435085297
-0.13474881649017334
0.11358421295881271
0.006970263086259365
-0.1709602326154709
0.15977180004119873
0.12090884894132614
-0.013112206943333149
0.33281558752059937
-0.10721774399280548
0.06480131298303604
0.149309903383255
-0.09129271656274796
-0.11250026524066925
-0.13769987225532532
0.1689120978116989
0.04424242675304413
-0.08800621330738068
0.06070093438029289
0.17691902816295624
0.21330954134464264
0.018804527819156647
0.09677322953939438
-0.12051372975111008
0.27298516035079956
0.09055736660957336
0.07570140808820724
-0.011439535766839981
0.02712358348071575
-0.09587552398443222
0.1388554871082306
0.12166183441877365
-0.06757113337516785
-0.12747818231582642
0.007470209617167711
0.03183053061366081
-0.10840156674385071
0.05080565810203552
-0.13644810020923615
0.16295811533927917
-0.052252888679504395
0.09494379907846451
-0.13674432039260864
0.03324121981859207
0.11894792318344116
0.184129536151886
-0.15354348719120026
0.3080073595046997
-0.0842551440000534
0.13527622818946838
-0.01965227536857128
-0.03787987306714058
-0.16719180345535278
-0.2032647579908371
-0.3923991918563843
0.11218588799238205
0.15795396268367767
0.02462305687367916
0.032771870493888855
-0.01007904764264822
-0.17338977754116058
0.0741802230477333
0.24201014637947083
-0.21318165957927704
-0.05802665650844574
0.0061728330329060555
0.06035991013050079
-0.047729749232530594
-0.20601177215576172
-0.041168857365846634
-0.08242740482091904
0.17622314393520355
0.07793836295604706
-0.2267327904701233
0.09096848219633102
0.029335476458072662
-0.23608453571796417
-0.009920741431415081
0.1468345820903778
0.17281053960323334
0.0815863236784935
0.16833645105361938
0.03846558928489685
0.09344498813152313
0.1786080002784729
0.03296046331524849
-0.08066846430301666
0.150649756193161
-0.17434972524642944
-0.07494161278009415
-0.0057496181689202785
-0.014437749050557613
0.10357993096113205
-0.11223059892654419
0.19901949167251587
0.05542014166712761
-0.07505472749471664
0.0419204942882061
-0.05312950164079666
-0.09023221582174301
-0.2342914193868637
0.14549678564071655
0.16870969533920288
0.11554399132728577
-0.032520607113838196
0.03952067345380783
0.12766185402870178
-0.2104978710412979
-0.12255743145942688
0.1860528290271759
0.0905490294098854
-0.23065288364887238
-0.20166702568531036
0.10159783810377121
-0.10756023228168488
-0.25012606382369995
0.11006169021129608
0.06258483231067657
-0.07332883030176163
-0.27450528740882874
0.07126996666193008
0.05927916616201401
0.040683563798666
-0.07819193601608276
-0.23441049456596375
0.2965036630630493
0.06131521239876747
-0.23796765506267548
0.12197734415531158
0.21839183568954468
0.028131064027547836
0.11424817144870758
0.06568490713834763
-0.1713780164718628
0.10707259178161621
-0.1812695562839508
-0.15812133252620697
-0.020554974675178528
-0.15953433513641357
-0.0732186958193779
0.2846757471561432
-0.26344215869903564
0.11942533403635025
-0.069656141102314
-0.2516390383243561
0.20746764540672302
0.023318571969866753
0.08155980706214905
-0.1372794210910797
0.13234348595142365
-0.21462133526802063
0.03387271240353584
-0.16477686166763306
0.15677723288536072
0.190630704164505
0.23440848290920258
0.11125215888023376
-0.030899768695235252
0.19814592599868774
-0.20464302599430084
0.02999361790716648
0.09717683494091034
-0.32997995615005493
-0.06647781282663345
0.05162613093852997
0.11391382664442062
0.12518253922462463
0.11516125500202179
0.1695990115404129
0.10436424612998962
-0.17259520292282104
0.05965374782681465
0.058917514979839325
0.18094873428344727
0.2625958323478699
-0.15882164239883423
-0.11375849694013596
-0.12018021196126938
0.10628578811883926
-0.36720961332321167
-0.19807353615760803
-0.10418326407670975
0.005591131746768951
-0.1703529953956604
0.07026254385709763
-0.04226002097129822
0.11310314387083054
-0.026654986664652824
-0.22935354709625244
-0.13965478539466858
-0.048932064324617386
0.1933121532201767
-0.2508065700531006
-0.407670259475708
-0.18621312081813812
-0.10342419147491455
0.15997251868247986
-0.1306956708431244
0.023576239123940468
0.1432783454656601
-0.08621187508106232
-0.1783033311367035
0.30705246329307556
-0.19696764647960663
-0.004527196288108826
-0.0801418200135231
-0.38035789132118225
0.11698786914348602
0.11704718321561813
0.1628611981868744
0.09241693466901779
0.26210421323776245
-0.2566818594932556
0.0867733284831047
-0.19889713823795319
-0.17439433932304382
0.11020204424858093
-0.2208222597837448
-0.09423144906759262
-0.036880530416965485
-0.12672092020511627
-0.028797568753361702
-0.2040437012910843
0.19214829802513123
-0.11965525895357132
-0.012876632623374462
0.06305389851331711
0.18404915928840637
-0.1850084811449051
-0.10461118072271347
0.05219797044992447
-0.14520685374736786
-0.06842200458049774
0.09813221544027328
0.07590354233980179
0.015524974092841148
0.1639576405286789
0.01449821051210165
0.05167670547962189
-0.002833358012139797
0.07397142052650452
0.12506647408008575
-0.028478119522333145
0.09988555312156677
0.09508521854877472
0.033121198415756226
0.13851763308048248
-0.12416137754917145
0.15471132099628448
-0.04602178558707237
-0.027095366269350052
-0.06959329545497894
0.029860898852348328
0.029460979625582695
0.009056465700268745
-0.06856860220432281
-0.06574717164039612
0.036034680902957916
-0.009392059408128262
0.05932631343603134
-0.12246749550104141
-0.11673148721456528
0.1011996939778328
0.12020695954561234
-0.11036089807748795
0.13401393592357635
-0.009001431055366993
-0.1520548164844513
-0.206538125872612
-0.15213415026664734
-0.1533939689397812
0.1700371354818344
-0.0012922085588797927
0.1412666290998459
0.20271049439907074
-0.08525014668703079
0.18634319305419922
0.04933101311326027
-0.20489995181560516
-0.09731125086545944
-0.1942441612482071
-0.0498926006257534
-0.07842905074357986
0.026353707537055016
-0.10308820009231567
-0.09314671903848648
-0.11078718304634094
0.20410113036632538
-0.05650106072425842
0.09190966188907623
0.11458708345890045
0.17573580145835876
0.17418071627616882
0.11427528411149979
-0.01748715341091156
0.08467619866132736
0.22497762739658356
-0.10269922018051147
0.10254927724599838
-0.1466703712940216
-0.20592299103736877
0.1109645813703537
0.026698090136051178
-0.16803786158561707
-0.016477223485708237
-0.17093555629253387
-0.01473111379891634
-0.07460851967334747
0.18477027118206024
-0.11273377388715744
0.02916131727397442
0.15480256080627441
0.15122075378894806
-0.009901252575218678
-0.14649169147014618
-0.028062164783477783
0.04230384901165962
0.014123362489044666
-0.11971414089202881
-0.10305029898881912
-0.07265403121709824
-0.0028356926050037146
-0.022753851488232613
0.06456293910741806
-0.06740888953208923
-0.09129063785076141
0.22260884940624237
0.16771511733531952
0.2203691154718399
-0.17879517376422882
-0.06413126736879349
-0.04910515621304512
-0.12615413963794708
-0.013163021765649319
0.22971899807453156
0.07549427449703217
0.04377055913209915
-0.0767023041844368
-0.07838703691959381
0.007180808577686548
0.23955200612545013
0.0011725053191184998
0.16552680730819702
0.2071593701839447
0.16951051354408264
-0.030950186774134636
-0.18480074405670166
-0.19507890939712524
-0.22093835473060608
-0.12771503627300262
-0.07960119843482971
-0.004253649152815342
-0.17415626347064972
-0.02185746282339096
-0.1577988862991333
0.031594954431056976
0.12200403958559036
0.0010353325633332133
0.213596373796463
-0.3147861659526825
-0.07161086797714233
0.005673882085829973
0.1143789142370224
-0.038989003747701645
0.07939068973064423
0.0373246967792511
0.02651718445122242
-0.13699132204055786
0.34671109914779663
-0.20230160653591156
-0.00014803328667767346
0.016244569793343544
0.0166484247893095
-0.01256265677511692
0.23097093403339386
-0.13155411183834076
-0.13654889166355133
-0.04304470866918564
0.16015644371509552
-0.17103424668312073
-0.25305259227752686
0.22030119597911835
-0.17324063181877136
0.14033086597919464
-0.10566789656877518
-0.025466715916991234
-0.2900563180446625
-0.09687508642673492
-0.06628256291151047
-0.19583427906036377
0.12251996994018555
-0.016191428527235985
-0.10070484131574631
-0.23080326616764069
0.08130212128162384
-0.2254980355501175
-0.08861309289932251
-0.09421359747648239
-0.058959271758794785
-0.17641910910606384
0.118235744535923
-0.07225531339645386
-0.1287437081336975
0.036311205476522446
-0.14978009462356567
0.011254681274294853
0.0457913838326931
-0.18336671590805054
-0.15933825075626373
-0.28245413303375244
0.07437827438116074
-0.20358796417713165
0.008470425382256508
-0.01744183897972107
-0.20709039270877838
-0.07758062332868576
0.14498062431812286
0.03894440457224846
-0.027048109099268913
-0.09544714540243149
0.1717454046010971
0.06893212348222733
0.036836713552474976
0.2210540473461151
0.16403985023498535
-0.12704016268253326
0.15374056994915009
-0.06156007573008537
-0.21510083973407745
-0.33835670351982117
-0.12144274264574051
0.026662608608603477
-0.07147872447967529
0.06372003257274628
-0.20380641520023346
-0.18460819125175476
0.1711205691099167
-0.0676378458738327
-0.17674770951271057
0.11075714975595474
-0.01200935896486044
0.2123212069272995
0.050484441220760345
0.16503722965717316
-0.362274169921875
0.006804295815527439
-0.022162174805998802
0.13656416535377502
0.0690704807639122
0.16644012928009033
0.12469951808452606
-0.20541894435882568
0.023805992677807808
-0.09821659326553345
0.14282186329364777
0.10737358033657074
0.16771218180656433
0.20190145075321198
-0.021082209423184395
0.13242469727993011
0.09155838191509247
-0.27468520402908325
0.0707901120185852
0.215859055519104
0.002916094847023487
0.12734468281269073
0.11015214771032333
-0.2777658998966217
0.10159102827310562
0.0017059779493138194
-0.09601838886737823
0.04413747414946556
-0.038844380527734756
0.06188204512000084
-0.04131342098116875
-0.04889311641454697
-0.02525348961353302
-0.02515992522239685
-0.23181851208209991
-0.04698055610060692
0.14662760496139526
-0.08795304596424103
0.001798492157831788
-0.17494721710681915
-0.02611808106303215
-0.11299384385347366
0.10153289884328842
-0.10582994669675827
0.11466084420681
0.040190525352954865
-0.10168789327144623
0.08511772006750107
-0.07427480816841125
-0.09868918359279633
-0.13062776625156403
0.10930240899324417
0.09358440339565277
0.05468067526817322
0.08032265305519104
0.11916937679052353
-0.04506945610046387
-0.08064483106136322
-0.2241559773683548
0.17333267629146576
0.0724039226770401
0.065666563808918
-0.1207524910569191
-0.008849969133734703
-0.08953309804201126
-0.1349083036184311
0.0453675203025341
0.010889441706240177
-0.13968341052532196
-0.11932341009378433
0.14506056904792786
-0.05535666644573212
0.019515210762619972
0.001971595687791705
-0.13879649341106415
-0.18776607513427734
0.02825460582971573
0.0670517086982727
0.06790164858102798
0.09965415298938751
-0.02695324830710888
0.12705762684345245
0.08248330652713776
-0.15891289710998535
-0.13825421035289764
0.06520283222198486
-0.10850197821855545
0.011702454648911953
0.038399748504161835
0.0704718604683876
-0.07883066684007645
0.10156436264514923
-0.15061818063259125
-0.02115871012210846
-0.09746633470058441
-0.029073549434542656
0.030389752238988876
0.02392083778977394
-0.10367409884929657
0.07842321693897247
-0.15666040778160095
0.05871559679508209
-0.019792167469859123
-0.1375177949666977
0.07061663269996643
-0.06775805354118347
-0.1248142346739769
-0.15065082907676697
-0.0423915795981884
-0.07977846264839172
-0.23364222049713135
0.10399871319532394
-0.08187372982501984
0.09409208595752716
-0.17665278911590576
0.10692013800144196
0.07857200503349304
-0.1811404526233673
-0.09523177146911621
0.07752084732055664
-0.1523015946149826
0.11505867540836334
-0.16119220852851868
-0.03448903560638428
-0.07454400509595871
-0.033170655369758606
-0.056185174733400345
0.05431845039129257
-0.08102546632289886
0.003030843799933791
0.10208232700824738
-0.18191950023174286
-0.06710559874773026
-0.11681543290615082
0.059577155858278275
-0.0760987177491188
0.0878324881196022
0.05090910941362381
-0.00961484108120203
0.10675526410341263
-0.04665931686758995
-0.012627645395696163
-0.03210858628153801
-0.12452542036771774
-0.13292385637760162
0.05059768259525299
-0.19064591825008392
0.08113914728164673
0.04868767037987709
-0.0021527959033846855
0.1450733244419098
-0.03166503459215164
-0.1503882259130478
-0.16235972940921783
-0.05905996635556221
-0.1770210564136505
0.009553645737469196
-0.1602311134338379
-0.18113134801387787
0.09722954034805298
0.03841567039489746
0.02685602568089962
0.13001766800880432
0.021310873329639435
-0.09569238871335983
0.10112956911325455
-0.037984639406204224
-0.07124640792608261
-0.056326813995838165
0.024765338748693466
0.04357548803091049
0.13839486241340637
0.041031159460544586
0.09057426452636719
-0.15253357589244843
-0.10979220271110535
-0.1606183648109436
0.09377655386924744
-0.009449970908463001
-0.20579618215560913
-0.19795392453670502
0.10816400498151779
-0.12978634238243103
-0.25811848044395447
-0.03027653880417347
-0.09603504091501236
-0.11729484051465988
0.0990637019276619
-0.05857769399881363
-0.06462925672531128
0.11869268864393234
0.042264994233846664
-0.050142738968133926
-0.25656604766845703
0.15836991369724274
0.022535182535648346
-0.12024708837270737
-0.025479374453425407
-0.025676080957055092
-0.0414724238216877
-0.0022743591107428074
0.07659066468477249
0.014395857229828835
-0.050369661301374435
-0.10416252911090851
-0.10653061419725418
-0.021426068618893623
0.3056616485118866
0.21570992469787598
-0.41389405727386475
-0.05346756428480148
0.23580022156238556
-0.19278109073638916
-0.13237214088439941
0.12661057710647583
0.0942852795124054
-0.1996941864490509
-0.28479570150375366
-0.08093250542879105
-0.009988871403038502
0.13836415112018585
0.10127894580364227
-0.09027771651744843
0.20298145711421967
0.05628135800361633
-0.15296636521816254
0.07425571978092194
0.0629127100110054
-0.2265872359275818
0.11817333102226257
0.23576407134532928
-0.03676339238882065
0.08932372182607651
-0.06721961498260498
0.00821243692189455
0.12283510714769363
-0.15470468997955322
0.07016454637050629
0.1340213567018509
-0.17722934484481812
0.15024836361408234
-0.20067907869815826
-0.03763420879840851
0.15346179902553558
0.14893373847007751
-0.043118253350257874
-0.22213737666606903
0.09695229679346085
0.26012417674064636
0.156653493642807
0.179134339094162
-0.3457179069519043
0.054689642041921616
-0.15241096913814545
0.07907665520906448
-0.12766925990581512
-0.030192093923687935
-0.031032856553792953
-0.030842648819088936
0.0509488545358181
-0.2963763475418091
0.010944483801722527
-0.24977761507034302
0.2532137930393219
-0.0056442562490701675
0.11162004619836807
0.07165411859750748
0.08215738832950592
-0.14105935394763947
-0.01477047149091959
-0.09976242482662201
0.04488879069685936
-0.044480882585048676
0.010642956010997295
-0.09796694666147232
-0.006643302738666534
0.0005510516348294914
-0.09726061671972275
0.2241552174091339
0.02476433478295803
-0.17598211765289307
0.2590819001197815
0.07570648938417435
-0.2957422435283661
-0.10227034240961075
-0.014377132058143616
0.037590283900499344
-0.02421671710908413
-0.0077690803445875645
-0.04239121451973915
-0.03845232352614403
-0.08772923052310944
-0.0031265520956367254
-0.07482907176017761
0.0010231365449726582
-0.030526859685778618
0.008092071861028671
0.05654999986290932
-0.11576429754495621
0.03799460455775261
0.025730878114700317
0.19454488158226013
0.030074607580900192
-0.23627765476703644
-0.15486054122447968
-0.3369868993759155
0.00044278104905970395
0.17195488512516022
-0.17941218614578247
0.1572241187095642
0.07175710052251816
-0.1018548309803009
-0.11726102232933044
0.039599936455488205
0.16101303696632385
0.007258033845573664
0.020547376945614815
-0.0022484806831926107
-0.22067780792713165
-0.18962302803993225
-0.25818365812301636
-0.21896053850650787
0.12355843186378479
-0.08537407964468002
0.13135717809200287
-0.04127151891589165
0.059330664575099945
-0.09557925909757614
0.15359316766262054
-0.18472085893154144
0.18769116699695587
-0.1455785483121872
-0.03659338131546974
0.057900842279195786
-0.19879651069641113
0.09686660021543503
0.18582120537757874
0.193144291639328
-0.09548591077327728
-0.14198485016822815
-0.09808672964572906
0.008059414103627205
0.19028881192207336
0.026456883177161217
-0.07735360413789749
0.2876451909542084
-0.02589419111609459
0.10962598770856857
-0.0035726886708289385
0.2004256248474121
0.03774770721793175
-0.12064533680677414
0.1915312260389328
0.1795157939195633
-0.07939814776182175
0.15686257183551788
0.0714254230260849
-0.021222572773694992
-0.14143113791942596
0.010675160214304924
-0.1260189712047577
-0.011157229542732239
0.08936689049005508
0.11264703422784805
-0.04411683976650238
-0.058012720197439194
-0.004406969994306564
0.04911227524280548
0.029967162758111954
0.21461531519889832
-0.04028412699699402
0.18605807423591614
-0.02924325503408909
0.15446235239505768
0.0661955326795578
-0.004214124288409948
0.0022538078483194113
-0.1868726760149002
-0.08454818278551102
-0.013561173342168331
-0.06812841445207596
0.04054735228419304
0.13486544787883759
0.04090005159378052
-0.26740384101867676
-0.1090499609708786
-0.11141620576381683
-0.08082328736782074
0.05881796032190323
-0.13183537125587463
0.09755612909793854
0.07113765925168991
-0.0469701923429966
-0.04476901516318321
0.024858389049768448
-0.05961401015520096
0.02181660197675228
0.13734474778175354
0.021961096674203873
0.04731392115354538
-0.0014199665747582912
-0.15832939743995667
-0.19294574856758118
-0.18927881121635437
-0.0016824183985590935
0.1059262678027153
-0.4230138063430786
0.07489853352308273
-0.11022114753723145
0.107081338763237
-0.14951884746551514
-0.058682531118392944
-0.10091715306043625
0.10190381109714508
0.018520537763834
-0.23535485565662384
-0.09808163344860077
0.002775860484689474
-0.13396960496902466
0.02283134125173092
-0.08475188910961151
0.21059176325798035
-0.13654038310050964
-0.045400332659482956
0.17217221856117249
0.1519012749195099
0.04626346006989479
-0.013044659048318863
-0.1147879883646965
-0.01877703331410885
-0.1593068689107895
-0.06712472438812256
0.10624944418668747
-0.041723016649484634
-0.136954665184021
0.01812707632780075
0.1958778351545334
-0.2481393814086914
0.11386808007955551
-0.1304849237203598
-0.07135440409183502
0.13769157230854034
-0.02565782703459263
0.04524094611406326
-0.18716342747211456
-0.02897750400006771
0.10415136069059372
0.06927245855331421
0.14237353205680847
-0.33775052428245544
-0.059250358492136
0.05169069766998291
0.1886998564004898
0.21116355061531067
-0.08284255862236023
-0.05358442664146423
0.10321398824453354
-0.1810779720544815
-0.004636949859559536
0.3031594753265381
-0.2519609034061432
0.20875883102416992
0.05703868344426155
-0.2696005702018738
0.0154000548645854
0.2538145184516907
0.07960636913776398
-0.07195539027452469
0.14711293578147888
0.14318527281284332
0.029068870469927788
-0.0372939370572567
-0.14909467101097107
0.19568803906440735
-0.05400813743472099
0.08042064309120178
-0.03186603635549545
-0.005047561135143042
0.15783628821372986
-0.09353823214769363
-0.1470751017332077
0.12520845234394073
0.0973409116268158
0.13716350495815277
-0.03491528332233429
0.18175934255123138
0.21070808172225952
0.11210127919912338
-0.02464216947555542
-0.37348219752311707
0.11888666450977325
0.11611390113830566
-0.13434657454490662
0.04847427085042
0.06760720908641815
-0.23691660165786743
0.24858048558235168
-0.19701604545116425
0.06256403774023056
0.08710744231939316
0.23028583824634552
0.24791592359542847
0.12616384029388428
-0.11784209311008453
-0.08386087417602539
0.031044185161590576
-0.18651853501796722
0.017782829701900482
0.0023078536614775658
-0.03313957154750824
0.1798400580883026
-0.0018550548702478409
-0.049551986157894135
-0.3082903325557709
-0.3288233280181885
-0.08334288746118546
0.27228304743766785
-0.156708762049675
0.10474865883588791
0.10724636167287827
0.02782178297638893
-0.30297189950942993
0.051802415400743484
0.019645869731903076
-0.09055137634277344
-0.2142646610736847
0.1802992820739746
-0.2327345460653305
0.1952531784772873
-0.17172177135944366
-0.16932366788387299
-0.1769755631685257
0.07702741771936417
0.07417482882738113
0.05980061739683151
-0.11277475953102112
0.2782204747200012
-0.2794467508792877
0.03473276272416115
-0.1759759783744812
0.13405169546604156
0.005158494226634502
-0.09215962141752243
0.15456023812294006
-0.24375127255916595
-0.06408073753118515
0.0018158566672354937
-0.16792210936546326
0.1002393439412117
0.028971733525395393
0.07168777287006378
0.1966516375541687
-0.04394359886646271
0.00167104322463274
0.16091474890708923
-0.14411196112632751
0.08495387434959412
0.10416367650032043
0.010514234192669392
-0.03624429181218147
0.05839095264673233
0.03595534339547157
0.06729252636432648
0.05496463179588318
0.1330028474330902
0.008116940967738628
0.09968378394842148
-0.19248980283737183
0.009446212090551853
0.08743564784526825
-0.03929508104920387
-0.05311017110943794
-0.0031810470391064882
-0.04523678496479988
-0.22794951498508453
0.07404385507106781
-0.12622448801994324
-0.1644326001405716
-0.19449317455291748
-0.012329677119851112
0.10077622532844543
-0.07635766267776489
-0.1214831992983818
0.01561962254345417
0.003742252243682742
-0.17264960706233978
0.05720478296279907
0.06300263106822968
0.026571160182356834
0.10792512446641922
0.025731470435857773
0.12695899605751038
-0.14429809153079987
0.041308607906103134
0.0016064868541434407
-0.0413789227604866
0.048662737011909485
0.08456262946128845
0.12054454535245895
-0.008937966078519821
0.026148611679673195
-0.007358979433774948
-0.12257058173418045
-0.014246425591409206
0.011156226508319378
0.10591421276330948
-0.03570637106895447
-0.1168738603591919
0.025909891352057457
0.03774995356798172
-0.018717851489782333
0.09086757898330688
-0.07049718499183655
0.05049454793334007
-0.06594671308994293
0.1357356756925583
0.05680553615093231
-0.007132989354431629
-0.004429441411048174
0.040312107652425766
0.054281771183013916
-0.02670419216156006
-0.1546943336725235
-0.03784779831767082
0.11441108584403992
-0.05448690429329872
0.032021939754486084
0.04238284379243851
0.1371615082025528
-0.15648673474788666
-0.18176119029521942
0.08067260682582855
0.12110891938209534
-0.19586654007434845
-0.18078769743442535
-0.019824089482426643
0.09404273331165314
0.03389200568199158
0.08896701037883759
0.13121461868286133
-0.06352206319570541
-0.19883334636688232
0.089292973279953
-0.04945307970046997
0.03330773860216141
-0.1856849193572998
0.12105904519557953
0.016268940642476082
-0.0015480020083487034
-0.003210770897567272
-0.16342946887016296
-0.05737066641449928
-0.19529998302459717
-0.15787561237812042
0.13254818320274353
-0.010404451750218868
-0.14695432782173157
-0.15779726207256317
-0.1802998185157776
-0.13545486330986023
-0.17164194583892822
-0.1786678582429886
-0.17409087717533112
-0.1255195587873459
-0.051805444061756134
0.06255250424146652
-0.051727354526519775
0.07845712453126907
0.14639946818351746
0.04245688021183014
-0.19928373396396637
-0.06608172506093979
-0.19004644453525543
-0.14608661830425262
0.09038275480270386
0.09782800823450089
0.10885351896286011
0.04508253559470177
0.1099390760064125
-0.008237114176154137
-0.19851131737232208
-0.13360704481601715
-0.11922134459018707
-0.06027095392346382
-0.14045299589633942
0.01786886714398861
-0.010412761010229588
0.05898633599281311
0.00789262168109417
-0.07058335840702057
0.01881086267530918
0.06714166700839996
0.08319605886936188
-0.14993882179260254
0.06594684720039368
0.11573914438486099
-0.21309921145439148
0.0368855819106102
0.290477454662323
0.09396643936634064
0.0774957537651062
-0.04676857218146324
-0.16372516751289368
0.10139676183462143
0.04647880792617798
0.14111445844173431
0.01510557159781456
-0.0505962036550045
0.0589030385017395
-0.11101924628019333
0.028698692098259926
-0.10607630014419556
-0.030134208500385284
-0.034366052597761154
-0.30329370498657227
-0.21133629977703094
-0.1747417449951172
-0.055669479072093964
0.0010037439642474055
-0.0043502687476575375
0.07716786116361618
0.06982377916574478
0.06252087652683258
0.047634951770305634
0.1683005541563034
-0.18117083609104156
0.056549519300460815
0.006553737446665764
0.05810313671827316
0.0027236195746809244
-0.17471027374267578
-0.11654586344957352
0.1139080747961998
-0.03089413233101368
0.05619819834828377
0.16806620359420776
-0.0013330904766917229
-0.1400241106748581
0.034898605197668076
-0.12870492041110992
-0.06461015343666077
-0.2694801092147827
0.046451639384031296
-0.20066700875759125
-0.13635312020778656
-0.1432390809059143
0.17176154255867004
-0.15430866181850433
-0.19457010924816132
0.18917270004749298
0.12356790155172348
-0.1170748770236969
0.08156119287014008
-0.16090260446071625
-0.0964718610048294
-0.011139552108943462
-0.15751896798610687
-0.1376858502626419
-0.2797704041004181
-0.04419940337538719
-0.1269647181034088
0.23375551402568817
-0.14536090195178986
0.011842625215649605
-0.45294758677482605
-0.06745534390211105
0.13713756203651428
-0.11129559576511383
0.07806627452373505
-0.17857375741004944
0.12432651221752167
-0.049866899847984314
0.050559353083372116
-0.2241331785917282
-0.022045791149139404
-0.13952907919883728
-0.15464171767234802
-0.12163209170103073
-0.04763949289917946
0.08685212582349777
-0.04150726646184921
-0.1772909164428711
0.1959054172039032
0.06227920576930046
0.0460800863802433
0.035202592611312866
0.12848743796348572
0.19585198163986206
-0.05993048474192619
-0.004667056258767843
0.008414502255618572
-0.141628697514534
0.014450378715991974
0.015981802716851234
0.11861465871334076
0.06595255434513092
-0.19781343638896942
-0.17115145921707153
0.019005000591278076
0.18835437297821045
-0.09759506583213806
0.06554389744997025
0.027333565056324005
0.11512084305286407
-0.10180123150348663
-0.11234890669584274
-0.19352170825004578
-0.029787566512823105
0.11690885573625565
-0.19240368902683258
-0.07454172521829605
-0.0023218034766614437
-0.03297154977917671
-0.1830010861158371
0.17667996883392334
0.08005841076374054
0.045547664165496826
-0.15659824013710022
-0.06221809610724449
0.09669976681470871
0.04454219341278076
0.1917826235294342
0.015306543558835983
0.024013914167881012
-0.25121134519577026
-0.14020101726055145
0.18778468668460846
-0.11985732614994049
-0.4180383086204529
0.10670305043458939
-0.06664516776800156
-0.130805104970932
0.00948207639157772
-0.08729678392410278
0.013851196505129337
0.07843554764986038
-0.12311886250972748
0.16697409749031067
0.059162624180316925
-0.05495269596576691
-0.2949253022670746
-0.17569679021835327
0.04707939922809601
-0.07386992871761322
0.07394955307245255
-0.014371057972311974
0.07299796491861343
-0.0012671890435740352
0.038862504065036774
-0.08548030257225037
-0.1593366116285324
-0.17585931718349457
-0.1897794008255005
0.11804323643445969
-0.1953555941581726
0.15646104514598846
-0.03585187345743179
0.15691836178302765
-0.18420763313770294
0.09615766257047653
0.04220793396234512
-0.01807216927409172
0.22748057544231415
0.05594430863857269
-0.1827622354030609
-0.24274009466171265
0.041785962879657745
0.16573293507099152
0.11418390274047852
-0.03333042189478874
-0.03142600879073143
-0.08258725702762604
0.18549102544784546
-0.07714375108480453
0.2682285010814667
0.028757525607943535
-0.16052234172821045
-0.16010423004627228
0.26221615076065063
-0.01761035993695259
0.053017109632492065
0.09963012486696243
-0.07176263630390167
0.110313281416893
-0.01727360486984253
0.09353787451982498
-0.03520526736974716
-0.1304209977388382
-0.2107854038476944
-0.24299666285514832
0.007165044080466032
0.13233697414398193
-0.22619307041168213
-0.19376792013645172
-0.029474535956978798
-0.055717501789331436
-0.03892984986305237
-0.19007770717144012
0.1267378330230713
-0.05653996765613556
-0.0777611956000328
-0.16273386776447296
0.02085196040570736
0.046486422419548035
-0.10116814076900482
-0.004835477098822594
0.22781555354595184
0.09299132972955704
0.029312266036868095
-0.11531373858451843
-0.1289031058549881
0.24023319780826569
0.0644969716668129
0.0627518817782402
0.08701653778553009
-0.1394234597682953
0.09473337978124619
-0.08531355112791061
-0.06526140868663788
0.12912465631961823
-0.213534876704216
-0.09063155204057693
-0.06524129211902618
0.11139895021915436
0.18878284096717834
0.10459248721599579
-0.17644819617271423
0.09972409904003143
0.1921522617340088
-0.27499234676361084
0.18560442328453064
0.06227870285511017
-0.052395399659872055
-0.14014209806919098
0.14900684356689453
0.011252062395215034
-0.08128773421049118
0.0029864883981645107
0.010060985572636127
-0.01557217538356781
0.051117099821567535
-0.09017335623502731
0.1886330246925354
-0.1417119801044464
-0.13541407883167267
0.03880508616566658
-0.12170666456222534
0.07178369164466858
0.09314373135566711
-0.10179699957370758
-0.19018076360225677
-0.021529728546738625
-0.19552066922187805
-0.1143261268734932
0.09989573806524277
0.13496272265911102
-0.2766842246055603
-0.1912139654159546
0.19620351493358612
-0.02193797379732132
-0.13467976450920105
0.020751705393195152
-0.17443957924842834
-0.06814826279878616
0.15072153508663177
0.11084219068288803
0.11027848720550537
-0.07758752256631851
0.0935322642326355
-0.09266139566898346
0.12156388908624649
0.11232701689004898
0.11199826002120972
-0.12104661017656326
-0.2181892842054367
0.17281286418437958
-0.2510419189929962
0.004844378679990768
0.02237003482878208
-0.10873754322528839
-0.29787883162498474
0.10754508525133133
0.1983969807624817
-0.0904625654220581
0.024653637781739235
0.19287948310375214
-0.0491759292781353
0.10181407630443573
0.2096201479434967
0.15649966895580292
0.22580891847610474
0.05179733410477638
0.19436417520046234
-0.10550360381603241
0.29294297099113464
-0.042115990072488785
0.05332222953438759
-0.04580407589673996
-0.21465855836868286
0.09165049344301224
0.10113824903964996
0.18899084627628326
-0.10126187652349472
-0.06610910594463348
-0.10463093221187592
0.12108072638511658
0.006297830957919359
0.019910821691155434
-0.33420130610466003
-0.1574210673570633
0.03373605012893677
-0.12433259189128876
0.08020483702421188
-0.13276377320289612
0.04533638060092926
-0.06028440594673157
-0.03692077845335007
-0.12002349644899368
0.10325002670288086
-0.12634466588497162
0.10994523018598557
0.09261833876371384
0.14839023351669312
0.05368219316005707
0.06170275807380676
-0.13568399846553802
-0.12708869576454163
-0.12935619056224823
-0.08763709664344788
-0.10562286525964737
-0.02583291195333004
-0.05672818794846535
0.20281338691711426
-0.11067743599414825
-0.09891188144683838
0.10841728001832962
-0.1307082176208496
0.1345979869365692
-0.17846009135246277
-0.05119715631008148
0.03128090500831604
-0.12561066448688507
0.1468784511089325
-0.06484265625476837
-0.003986493218690157
0.08975771069526672
-0.1469338834285736
-0.12481985986232758
-0.14983078837394714
-0.22886791825294495
0.13104397058486938
-0.27700814604759216
0.1183842122554779
0.018008938059210777
0.13860557973384857
0.08104275912046432
-0.002846037968993187
-0.18793724477291107
0.0993015244603157
-0.14640459418296814
0.03785452991724014
-0.13489843904972076
-0.1653873473405838
-0.1112171858549118
0.14732633531093597
0.09646419435739517
0.16391664743423462
0.2112225443124771
0.14019516110420227
0.08343244343996048
0.1272568702697754
0.013224130496382713
-0.168442964553833
0.03962316736578941
-0.16427981853485107
0.037150003015995026
0.24714674055576324
-0.015135539695620537
-0.07843098044395447
-0.001793809817172587
-0.06375392526388168
-0.015863018110394478
-0.019030669704079628
-0.05816292017698288
0.19353488087654114
-0.301242470741272
0.1335107833147049
-0.0896088182926178
0.022871272638440132
-0.19151054322719574
-0.05480194091796875
-0.22755324840545654
-0.09244202822446823
0.1631515622138977
-0.05466612055897713
-0.15011955797672272
-0.1168576329946518
0.17414692044258118
-0.3193301856517792
-0.0063497889786958694
-0.1780211478471756
0.11968633532524109
-0.23939450085163116
0.0034581772051751614
-0.023209158331155777
-0.097903311252594
-0.04424816370010376
0.006496551912277937
0.02540692314505577
0.08603912591934204
0.13375310599803925
0.11845509707927704
0.2219986915588379
0.0991203710436821
-0.09282659739255905
-0.020108040422201157
-0.1501835584640503
0.1705576330423355
0.01597510650753975
-0.06179927662014961
-0.15894368290901184
0.12672021985054016
-0.18214602768421173
0.21050167083740234
0.11951048672199249
-0.03736696392297745
0.14662151038646698
-0.17324431240558624
0.23057982325553894
0.008989742957055569
0.09259793907403946
0.3045778274536133
-0.08505136519670486
-0.08567748963832855
0.20521648228168488
0.01785467565059662
-0.10481546074151993
0.051150742918252945
0.029932525008916855
-0.15104126930236816
0.10351462662220001
-0.04306976497173309
0.01739524118602276
0.20039644837379456
0.16990749537944794
0.22326767444610596
0.09232770651578903
0.006967333611100912
-0.013676831498742104
0.1418660283088684
0.14524680376052856
0.02018941566348076
0.03913193196058273
-0.03941454365849495
0.12667438387870789
-0.0830470398068428
-0.07850513607263565
-0.27583885192871094
-0.31995144486427307
0.13053323328495026
0.04766213521361351
0.09674311429262161
-0.025071797892451286
-0.13840198516845703
-0.037146128714084625
-0.006295953411608934
0.1807933747768402
0.06957343220710754
-0.11495266109704971
-0.0019304245943203568
-0.0823691263794899
0.07346569746732712
0.012393071316182613
0.02839834801852703
0.1302018016576767
-0.18671977519989014
0.1379290223121643
0.017434418201446533
0.09773142635822296
0.11046522855758667
-0.18584619462490082
0.10464064031839371
0.17345204949378967
0.09148067981004715
0.0686633288860321
0.12432453781366348
0.041462481021881104
0.03004745952785015
0.10267473012208939
0.052857208997011185
0.13872326910495758
0.15534324944019318
0.10162900388240814
0.08082914352416992
-0.054373208433389664
-0.10654685646295547
0.23485758900642395
0.05235401913523674
0.06292685866355896
0.007496339734643698
-0.22503715753555298
0.007181728258728981
-0.19729553163051605
0.16052035987377167
0.21593813598155975
-0.20421025156974792
-0.06448186188936234
-0.3334820568561554
0.16695725917816162
-0.1236141100525856
0.09483679383993149
0.17639482021331787
0.10450331121683121
-0.21254807710647583
0.10979078710079193
0.13602381944656372
0.03661220148205757
-0.07578203082084656
0.19138728082180023
-0.07906410843133926
-0.05254189670085907
-0.30714356899261475
0.1296962946653366
0.014521363191306591
0.038372889161109924
0.018052449449896812
-0.015022310428321362
0.3088786005973816
-0.020269790664315224
-0.07019855827093124
-0.04991941154003143
0.04235925152897835
0.06420886516571045
-0.04196031764149666
-0.06151634827256203
0.235921710729599
-0.2342015951871872
0.027333827689290047
-0.15294499695301056
-0.347542941570282
0.007031803019344807
0.00969829224050045
0.0043393392115831375
-0.020351678133010864
-0.3398022949695587
-0.045225612819194794
0.04763568565249443
-0.05730733275413513
0.1992839127779007
-0.2012006938457489
-0.0426955372095108
0.09540856629610062
-0.10679787397384644
-0.21341697871685028
-0.2060176581144333
-0.05694246664643288
0.19977161288261414
-0.07301565259695053
-0.27605557441711426
0.05204358696937561
-0.005802767816931009
-0.17974764108657837
0.05599648877978325
-0.1578153371810913
-0.013502798043191433
-0.3617989122867584
0.05292581766843796
-0.1499064862728119
-0.03529402241110802
0.1923149973154068
-0.23819489777088165
-0.19484713673591614
-0.2565290629863739
0.0022361690644174814
0.26366105675697327
-0.269331693649292
0.0004415324074216187
-0.008454336784780025
0.009848066605627537
0.24313147366046906
-0.06211850419640541
-0.008962909691035748
-0.12928345799446106
-0.07488255947828293
-0.3982987701892853
-0.06955993175506592
-0.1868407428264618
0.14419713616371155
-0.1970258504152298
0.11508776992559433
-0.3053746223449707
-0.1992875039577484
-0.08584317564964294
-0.15701554715633392
0.14786623418331146
-0.15806150436401367
0.1742524951696396
-0.06190269812941551
0.10707499086856842
0.07022421061992645
-0.14159488677978516
0.2980668246746063
0.12300822883844376
-0.27015113830566406
-0.12994951009750366
0.16480228304862976
-0.06680455803871155
0.1336459219455719
-0.07649482786655426
0.22786815464496613
-0.016850413754582405
-0.3668138086795807
0.011291088536381721
-0.1980493664741516
-0.026904962956905365
-0.005125325173139572
-0.040837910026311874
-0.1752345710992813
0.0298631452023983
-0.09258003532886505
-0.14139814674854279
0.11830203980207443
0.003141834167763591
-0.19130399823188782
0.0781029462814331
0.10196249186992645
0.07527396082878113
0.06817074120044708
0.051333606243133545
-0.008658511564135551
-0.15126441419124603
0.0024329139851033688
-0.0034572123549878597
-0.07632209360599518
0.15046913921833038
-0.13569636642932892
0.040065597742795944
-0.16186675429344177
0.07460115849971771
0.08932401984930038
0.10680197179317474
0.18669572472572327
0.13632188737392426
-0.10327266901731491
-0.11219344288110733
0.09888727962970734
0.06333553791046143
-0.009701836854219437
0.004007116425782442
-0.12481335550546646
0.01374823972582817
0.023762362077832222
-0.05086877569556236
-0.229552760720253
0.18222299218177795
0.12198145687580109
-0.10786256939172745
-0.03874979913234711
-0.06376753002405167
0.1897471398115158
0.0830940306186676
0.09125009179115295
-0.1622915267944336
-0.22059805691242218
0.07909420132637024
-0.011546283960342407
-0.09644687920808792
-0.07151540368795395
-0.051123395562171936
-0.06077822297811508
0.2118852734565735
-0.08319488912820816
-0.08412095904350281
-0.08905007690191269
0.08047996461391449
-0.129546120762825
-0.13548626005649567
-0.1663689762353897
0.13301920890808105
0.15592889487743378
0.12092820554971695
0.15373575687408447
0.035623811185359955
-0.002302443142980337
-0.060172855854034424
0.008509278297424316
-0.030477141961455345
0.03331169858574867
-0.07154655456542969
0.1988149881362915
-0.02504272758960724
-0.008642219938337803
0.05315488204360008
0.008381666615605354
-0.14351090788841248
-0.019749920815229416
0.043593306094408035
0.0618591271340847
-0.043556395918130875
0.13216114044189453
-0.2230481207370758
0.1912994235754013
-0.08211653679609299
-0.09366415441036224
0.10472756624221802
-0.055081434547901154
0.09835078567266464
-0.0881778746843338
-0.04264989122748375
0.12704476714134216
0.14299453794956207
-0.12138055264949799
0.16681358218193054
0.004266324453055859
-0.21411281824111938
-0.11746172606945038
-0.4964850842952728
0.02245071902871132
0.05223562940955162
0.184644415974617
0.1846419870853424
0.03930703550577164
0.058660708367824554
0.007376367691904306
-0.04415692016482353
0.026863690465688705
0.08580874651670456
-0.20269900560379028
-0.026303645223379135
0.07495687156915665
-0.11959950625896454
-0.2603799104690552
0.08346179127693176
-0.19113163650035858
-0.016641538590192795
0.14999164640903473
0.152461975812912
0.060361333191394806
-0.271083801984787
0.05368901044130325
-0.11882887035608292
0.18846040964126587
-0.047844551503658295
0.15873146057128906
7.612203626194969e-05
0.054548874497413635
-0.03456467017531395
0.02966325171291828
0.046365149319171906
0.12805606424808502
0.111046202480793
0.001473918091505766
0.005484315566718578
-0.16566655039787292
-0.10206600278615952
-0.06953155249357224
-0.13632245361804962
0.038181524723768234
-0.0910954624414444
-0.02754376456141472
0.05112134665250778
0.01975211501121521
-0.13037057220935822
-0.061312656849622726
-0.15416420996189117
0.2979964315891266
-0.035636961460113525
0.050387315452098846
0.19651983678340912
0.12316820025444031
-0.11588800698518753
-0.101756751537323
0.05682789161801338
-0.2870394289493561
0.15624505281448364
0.06068440154194832
-0.16372831165790558
-0.13047361373901367
-0.07535261660814285
-0.19791433215141296
-0.027483081445097923
0.05701030045747757
-0.025778241455554962
-0.02008511871099472
0.11673737317323685
-0.14600412547588348
0.009851275943219662
0.019067728891968727
-0.3189840018749237
0.041352756321430206
-0.20789222419261932
0.09892105311155319
-0.07895492762327194
-0.09489789605140686
0.14005927741527557
-0.05209130048751831
-0.23839446902275085
0.02093435265123844
0.12344495207071304
-0.060691919177770615
-0.1455410122871399
-0.06363464891910553
0.17029070854187012
-0.09044893831014633
0.010395236313343048
0.15436293184757233
-0.0657782033085823
-0.021505797281861305
-0.00767136923968792
0.12559449672698975
-0.13891027867794037
-0.03296254575252533
-0.043696846812963486
-0.06354868412017822
0.06548269093036652
-0.14185519516468048
0.19942007958889008
0.05894206091761589
-0.0291157104074955
-0.08169792592525482
-0.21717578172683716
-0.23804013431072235
0.02264065481722355
0.1259235292673111
-0.11645913869142532
0.06223670765757561
0.007703023962676525
0.0048445044085383415
-0.3095724284648895
0.22242586314678192
-0.01545927207916975
-0.2785029411315918
-0.09149489551782608
-0.2489628791809082
-0.015599353238940239
0.12744151055812836
-0.07386750727891922
-0.03597632423043251
-0.12353457510471344
-0.19511844217777252
-0.044022783637046814
-0.0016040297923609614
0.3449845314025879
0.020703570917248726
-0.03929267078638077
0.053648289293050766
0.1397380381822586
-0.021654831245541573
0.06326640397310257
-0.017550703138113022
-0.12213679403066635
0.0006546586519107223
0.004562068730592728
-0.11126220971345901
0.001492363284341991
-0.05144732818007469
0.1689203530550003
0.12501908838748932
0.11169508844614029
-0.14780652523040771
-0.056768033653497696
0.06423944979906082
0.16145208477973938
-0.0024740363005548716
-0.10441519320011139
-0.0067306566052138805
-0.00627425592392683
-0.230121910572052
0.07466284930706024
-0.2072930783033371
-0.012367681600153446
-0.07297679036855698
0.08629635721445084
0.10479089617729187
0.007773535326123238
0.021028371527791023
0.041388459503650665
-0.12349063158035278
-0.04186070337891579
0.00837568286806345
-0.1748882532119751
0.14503732323646545
0.07551353424787521
-0.03321952745318413
0.10060347616672516
-0.18689513206481934
-0.12032104283571243
-0.008809184655547142
-0.10950679332017899
-0.003662634640932083
0.17933432757854462
0.017965469509363174
-0.014768778346478939
0.11773677915334702
-0.11175663024187088
-0.20908769965171814
-0.14136584103107452
0.003915602806955576
0.01697678491473198
0.18453523516654968
0.03173834830522537
0.07987738400697708
-0.007899194024503231
0.16489580273628235
0.09376901388168335
-0.07638981938362122
0.0018881232244893909
0.08409400284290314
-0.0056154243648052216
0.08119729906320572
-0.31148993968963623
-0.08618660271167755
0.15539269149303436
0.02903638407588005
-0.13659629225730896
-0.0704755187034607
-0.0834333673119545
-0.04086225852370262
-0.1378685086965561
0.09446796774864197
-0.09226887673139572
0.04333776980638504
0.02537732571363449
-0.013368269428610802
-0.31061041355133057
0.018404070287942886
0.31591057777404785
-0.1747039407491684
0.010237340815365314
-0.11158999055624008
0.2745038568973541
0.09072619676589966
0.06425555795431137
0.2151048183441162
-0.00821030605584383
-0.23633374273777008
-0.12440025806427002
-0.12752439081668854
-0.11656957864761353
0.07474245131015778
0.10561385005712509
-0.09809491038322449
0.0016481666825711727
-0.06535071134567261
0.09267988055944443
-0.06900043040513992
-0.021307632327079773
0.2457219958305359
-0.05449160560965538
0.11578711122274399
-0.06488005071878433
0.05493463948369026
0.1145842894911766
-0.22740016877651215
0.10216637700796127
0.15163275599479675
-0.16902992129325867
0.017352068796753883
-0.057855624705553055
0.2209482043981552
0.016034308820962906
0.1338481605052948
0.02490341290831566
0.19608299434185028
0.11553657799959183
0.0033165186177939177
-0.09320350736379623
0.05129241570830345
0.019045470282435417
0.04951375722885132
-0.04287460073828697
-0.1666284054517746
-0.15540137887001038
-0.19763606786727905
-0.24501259624958038
-0.2039259523153305
0.022214703261852264
0.028299430385231972
0.02380341663956642
-0.06693031638860703
0.04533631354570389
-0.012005857191979885
-0.24579086899757385
-0.11717932671308517
0.09192575514316559
-0.01786172203719616
-0.2769353985786438
0.03246835619211197
-0.10505800694227219
0.17418047785758972
0.06118073686957359
-0.17826204001903534
-0.08722646534442902
-0.15367098152637482
-0.023043081164360046
0.05219036713242531
-0.30983588099479675
-0.19413435459136963
-0.06134031340479851
0.03349517658352852
0.0032359110191464424
0.02882026508450508
-0.056125808507204056
0.025814907625317574
-0.0040502301417291164
-0.15155324339866638
-0.0026284349150955677
0.07925476878881454
-0.007326837163418531
-0.03108067996799946
0.1300015151500702
0.012068644165992737
-0.08934183418750763
0.21558742225170135
-0.1631455272436142
0.10498358309268951
-0.13992621004581451
0.07190092653036118
0.030694179236888885
0.20081764459609985
-0.045922938734292984
-0.07596278190612793
0.14614959061145782
0.41548824310302734
-0.2865670323371887
-0.2604678273200989
0.0692143663764
-0.1096271499991417
0.12045703083276749
-0.20400847494602203
-0.09771241247653961
0.27814149856567383
0.06449200212955475
-0.20127367973327637
0.18618354201316833
-0.24893274903297424
0.007465312723070383
-0.23557229340076447
0.05759032443165779
-0.0631546601653099
0.029334787279367447
0.13072864711284637
0.19767649471759796
-0.15958479046821594
0.04452504590153694
-0.1164248138666153
-0.274128258228302
-0.025515252724289894
-0.0012599681504070759
0.050548478960990906
-0.08646635711193085
0.15991057455539703
0.005669343285262585
-0.1442677080631256
-0.08493846654891968
-0.15024055540561676
0.05153407156467438
0.03552351891994476
-0.17646785080432892
0.2590900659561157
0.13532119989395142
-0.09074684232473373
-0.1325414478778839
-0.243032306432724
0.10264847427606583
-0.31645333766937256
0.11875806748867035
-0.09419387578964233
0.0254086684435606
0.07099650055170059
-0.4061639904975891
-0.08784620463848114
0.01701556146144867
0.01871284283697605
0.32972779870033264
-0.14080916345119476
0.010519920848309994
-0.32009443640708923
-0.47732213139533997
-0.08883681148290634
0.09605412185192108
0.03304440528154373
-0.08485407382249832
-0.21096599102020264
0.1726486086845398
0.23477455973625183
-0.3490647077560425
-0.02914705127477646
-0.23328076303005219
-0.14826802909374237
0.13249439001083374
-0.03292950987815857
0.10385175049304962
-0.21443597972393036
-0.3062860667705536
-0.059173986315727234
0.022357095032930374
-0.0735262855887413
-0.09212431311607361
0.12054943293333054
0.3673042058944702
0.16181257367134094
-0.41851335763931274
-0.33159351348876953
0.27790915966033936
-0.1604386270046234
0.21030986309051514
0.1715197116136551
-0.05145546793937683
0.04327857121825218
-0.049625884741544724
-0.22648292779922485
-0.00535585405305028
0.11590951681137085
0.006758308038115501
-0.5670180320739746
-0.011512919329106808
0.06076265498995781
0.18520328402519226
0.27899494767189026
-0.001971596386283636
0.09971988946199417
-0.2847912609577179
0.0005832596216350794
-0.1549571305513382
0.31081563234329224
0.014737080782651901
-0.28546470403671265
-0.27312931418418884
-0.02395075000822544
-0.06577081978321075
-0.01608106680214405
0.0419425293803215
0.02293386124074459
-0.04413294419646263
-0.10031554847955704
-0.2800731658935547
0.13698060810565948
-0.030645746737718582
-0.03880027309060097
-0.18694230914115906
0.10282588005065918
0.21933302283287048
-0.41849270462989807
-0.11150277405977249
0.12905311584472656
-7.451049168594182e-05
0.03606998175382614
0.029948366805911064
-0.03924192860722542
0.2056989222764969
-0.2367722988128662
-0.11633370071649551
0.021028872579336166
-0.0007922581280581653
0.2672158181667328
0.0811411663889885
0.003283571917563677
-0.22113384306430817
-0.2282739281654358
0.18930424749851227
-0.023693550378084183
-0.11263399571180344
-0.12157810479402542
0.02401133067905903
0.06564884632825851
0.04985097050666809
0.04437575116753578
0.1054508239030838
-0.2622988820075989
-0.13460950553417206
0.03835887834429741
-0.06991272419691086
0.10443565249443054
-0.13729096949100494
-0.15251922607421875
-0.21836678683757782
-0.16909417510032654
-0.08976387232542038
0.07361377775669098
-0.21792559325695038
0.28632089495658875
-0.2551051378250122
-0.17801393568515778
0.34050869941711426
-0.03255203738808632
-0.10393428057432175
0.18731588125228882
-0.15320177376270294
-0.1811959147453308
-0.2372022420167923
0.12586453557014465
-0.17304298281669617
-0.09828916937112808
-0.12573878467082977
-0.006467628292739391
-0.1159338653087616
-0.18522489070892334
-0.05512508749961853
-0.13985678553581238
0.04460771754384041
0.15382927656173706
0.14421439170837402
0.1283697932958603
0.19400553405284882
0.015030168928205967
-0.25766605138778687
0.0320892296731472
-0.12199095636606216
0.04248557239770889
-0.13843372464179993
-0.024708285927772522
-0.1640501767396927
0.06043928861618042
0.008877807296812534
-0.03351374715566635
-0.04644182324409485
-0.038956210017204285
0.14390254020690918
0.010153635405004025
0.0928526222705841
-0.14649632573127747
-0.19588980078697205
-0.1763242930173874
-0.06588616967201233
0.05817932263016701
0.05491700395941734
0.3764403462409973
0.1380029022693634
0.055044304579496384
0.0705164298415184
0.05428574979305267
-0.15373773872852325
-0.09334298223257065
0.14798468351364136
-0.08102785050868988
-0.20012500882148743
0.10483693331480026
0.21762745082378387
-0.09018610417842865
-0.03370100259780884
-0.1740092635154724
0.116449736058712
0.01389723177999258
-0.13876739144325256
0.17409013211727142
-0.0249634962528944
0.13151539862155914
-0.10700513422489166
-0.2197418063879013
0.008473425172269344
-0.17066270112991333
-0.07638878375291824
3.138597821816802e-05
0.050592951476573944
-0.0851791575551033
0.12739479541778564
0.12538696825504303
-0.18191412091255188
-0.05218445509672165
0.07955935597419739
0.12764917314052582
-0.10374625027179718
-0.15737305581569672
-0.08510401099920273
-0.08252431452274323
0.03154046833515167
0.059164904057979584
-0.0997484102845192
-0.2099265158176422
0.14545293152332306
-0.013156676664948463
-0.07340700924396515
-0.019567551091313362
-0.06435403227806091
0.1027388796210289
0.009574993513524532
0.056941840797662735
-0.1651541143655777
-0.014826493337750435
-0.13162240386009216
-0.03637084737420082
0.006292408797889948
-0.03240809217095375
0.1027553528547287
0.10511407256126404
-0.1485348641872406
0.04593612998723984
0.11131654679775238
0.07719527184963226
0.05026682838797569
0.020074769854545593
0.10058051347732544
0.1659824401140213
0.09330388158559799
-0.1107163280248642
-0.08726353198289871
-0.05558272823691368
-0.048414841294288635
-0.06755153089761734
-0.1217767596244812
0.031726568937301636
0.17286498844623566
-0.08279284834861755
0.07209646701812744
-0.20663069188594818
0.003935644868761301
-0.017473086714744568
0.13121025264263153
-0.19050247967243195
0.07697723060846329
0.08281754702329636
0.042109642177820206
-0.33813491463661194
0.15370163321495056
-0.17757922410964966
0.11186622083187103
-0.07311038672924042
0.08479111641645432
0.11703699827194214
0.0820741206407547
-0.11663202196359634
-0.05542737990617752
-0.005730236414819956
0.06760836392641068
0.16201090812683105
-0.26419439911842346
-0.010034711100161076
0.11705410480499268
-0.052293673157691956
-0.1447620540857315
-0.1535128504037857
-0.08348442614078522
-0.1575537770986557
-0.02903299406170845
-0.0028019000310450792
-0.07346511632204056
-0.2969790995121002
0.09058219939470291
0.03492521122097969
-0.12954524159431458
0.08619904518127441
-0.07738816738128662
-0.07915058732032776
0.04526541382074356
0.10690926760435104
-0.1788710057735443
0.01229790598154068
-0.09955751895904541
-0.2516767084598541
0.0862693339586258
0.0799420103430748
-0.07245400547981262
-0.19024285674095154
-0.3324372470378876
-0.16286849975585938
0.09873180091381073
0.1050257608294487
0.08542810380458832
0.023626739159226418
0.06352923065423965
0.011991027742624283
-0.1310104876756668
0.08327876776456833
0.06199046969413757
0.07134182006120682
-0.015851769596338272
-0.18387150764465332
0.17616602778434753
-0.09314528107643127
0.1403249055147171
-0.19496096670627594
0.14439460635185242
0.1359802931547165
-0.15940704941749573
0.1507015973329544
0.12896929681301117
0.17433398962020874
-0.13340330123901367
0.08600293844938278
0.2331935614347458
-0.13736090064048767
-0.16105888783931732
0.07445167005062103
0.004633922129869461
0.05622177571058273
-0.044122181832790375
-0.21439629793167114
-0.08209440112113953
0.15874497592449188
-0.09987300634384155
0.06317348033189774
0.06147826462984085
-0.03928056359291077
-0.20776431262493134
-0.0942111387848854
-0.008456746116280556
-0.23248344659805298
-0.17058764398097992
-0.00713985413312912
-0.13558776676654816
-0.03198869898915291
-0.04281685873866081
0.11311287432909012
0.14381487667560577
0.04213181510567665
0.06775100529193878
-0.03289936110377312
-0.11410730332136154
0.1770242303609848
0.01925498992204666
-0.08555188775062561
0.08864981681108475
0.14060620963573456
-0.14821021258831024
0.13244402408599854
-0.12431728839874268
-0.07071099430322647
0.015905801206827164
-0.11919014155864716
0.011655648238956928
-0.11633375287055969
0.018405327573418617
0.007463869638741016
0.13669665157794952
-0.10323544591665268
-0.0640047937631607
-0.2081262171268463
0.09777919203042984
0.05151522159576416
-0.04593955725431442
-0.03518211469054222
-0.12179695069789886
0.12176722288131714
-0.15305671095848083
0.07062413543462753
-0.057821404188871384
-0.2730330526828766
0.03413663059473038
0.1200416162610054
-0.057607416063547134
-0.21863658726215363
0.15958404541015625
-0.06039171293377876
0.053526852279901505
0.15977828204631805
0.027000792324543
-0.0031611816957592964
0.14894159138202667
0.19511312246322632
0.17064332962036133
-0.018042100593447685
0.03638162836432457
0.21824529767036438
0.003988964948803186
0.07993846386671066
0.025892890989780426
-0.12218289822340012
0.15812095999717712
-0.052934058010578156
0.1214313954114914
0.04808640480041504
-0.054432373493909836
-0.03276635706424713
0.01646490953862667
-0.05261971056461334
-0.013924358412623405
0.15345871448516846
-0.052129074931144714
-0.04048505797982216
0.09426090121269226
0.18172824382781982
-0.24346859753131866
0.16690464317798615
0.035976260900497437
-0.03960960730910301
0.08258144557476044
-0.12642121315002441
0.27826136350631714
0.09823846817016602
-0.027900410816073418
0.21913865208625793
0.163238525390625
-0.14702950417995453
0.25755712389945984
0.20728810131549835
0.13901114463806152
-0.03937342017889023
-0.2110876590013504
0.1168099194765091
-0.3457261919975281
-0.22989895939826965
-0.048636943101882935
0.07949874550104141
-0.00754915876314044
0.16046252846717834
-0.0408993624150753
0.061310701072216034
0.03583691641688347
0.014385707676410675
-0.12789760529994965
-0.05109265074133873
-0.2442604899406433
-0.031376976519823074
0.0533064566552639
0.00968909077346325
-0.1791514903306961
-0.08238513022661209
-0.14506667852401733
-0.1610131710767746
0.07980284839868546
0.2876097857952118
-0.33471041917800903
0.11900769919157028
-0.05719937011599541
-0.047720618546009064
-0.05396287888288498
-0.09884616732597351
-0.12454856932163239
-0.0005812197341583669
-0.0835571363568306
-0.044439930468797684
0.06350770592689514
-0.14524848759174347
-0.10896773636341095
0.08662713319063187
0.12575267255306244
0.02770174667239189
-0.04122735932469368
0.21722623705863953
0.17231254279613495
0.16462306678295135
-0.034445133060216904
0.00985163263976574
0.09724149107933044
0.10567673295736313
-0.00707133486866951
0.25855553150177
-0.11133015155792236
-0.04419928044080734
-0.12405875325202942
0.05829830467700958
0.06173800677061081
-0.053824059665203094
0.010953545570373535
0.11156447231769562
-0.29063835740089417
-0.1564394235610962
0.1399499773979187
0.047912247478961945
-0.05637376010417938
0.01969568245112896
-0.2286207377910614
-0.09670538455247879
-0.055307094007730484
0.10552342236042023
-0.10933856666088104
0.043100930750370026
0.08740409463644028
0.06761160492897034
0.14531706273555756
0.029922720044851303
0.19362542033195496
-0.08828598260879517
0.11908010393381119
-0.0403585284948349
-0.08362072706222534
0.008971982635557652
0.012080058455467224
-0.0515277199447155
0.1596701443195343
-0.014698309823870659
0.01581900380551815
0.05476381629705429
-0.05122531205415726
0.1393895447254181
-0.09965784847736359
-0.0010323779424652457
-0.05479082465171814
-0.07224137336015701
0.18495681881904602
-0.1323823779821396
0.015682462602853775
0.03838281333446503
0.16676929593086243
0.002262735040858388
-0.05555083975195885
-0.0794004425406456
-0.11875003576278687
0.08741157501935959
-0.03360555320978165
-0.04468939080834389
0.2849162220954895
-0.0628109946846962
0.12958793342113495
0.17018049955368042
0.07100922614336014
0.1432313621044159
0.04004235193133354
-0.10993417352437973
0.1702318638563156
0.023920200765132904
-0.037422142922878265
-0.08039575815200806
0.2025149017572403
0.13621419668197632
-0.058171458542346954
-0.12055502086877823
0.19890835881233215
-0.12919048964977264
0.017410006374120712
-0.07941190153360367
0.17580226063728333
0.21632899343967438
-0.02615777589380741
0.11714020371437073
0.05710957199335098
0.05761595815420151
-0.18736431002616882
-0.14814314246177673
0.21487237513065338
0.1315537840127945
-0.03728435933589935
0.17521867156028748
0.08447152376174927
0.07568720728158951
-0.05231977626681328
0.10004550963640213
-0.03575414791703224
0.101568803191185
-0.1593458205461502
-0.08349692076444626
0.11838829517364502
-0.17903415858745575
-0.11198793351650238
0.03903067111968994
0.1002846360206604
-0.0912366434931755
0.13129949569702148
0.19733479619026184
0.19321446120738983
-0.29313769936561584
0.014438627287745476
-0.13204650580883026
0.0730556920170784
0.09430507570505142
0.1407715231180191
-0.07109212130308151
0.2255077064037323
0.010064017958939075
-0.08889900892972946
0.12012827396392822
0.058121245354413986
-0.10580503195524216
0.00035793817369267344
-0.016673650592565536
0.10249608010053635
0.19155991077423096
0.06158022582530975
0.10340059548616409
0.07210113108158112
-0.23722486197948456
-0.13451753556728363
-0.04887755960226059
-0.11062990128993988
0.1390260010957718
-0.09687501937150955
0.15689195692539215
0.13279186189174652
-0.2522236704826355
0.0842081606388092
0.12593604624271393
-0.09776253253221512
-0.08911056071519852
0.09570595622062683
0.12356357276439667
-0.1316516250371933
-0.07398118823766708
-0.107002392411232
0.1346321552991867
-0.09089066833257675
0.13529908657073975
-0.1289723813533783
-0.1325441300868988
0.10318233072757721
0.0017755312146618962
-0.01972266100347042
-0.035022079944610596
0.12084650993347168
-0.008988789282739162
0.1605284959077835
-0.3483554720878601
-0.20181985199451447
0.007952933199703693
-0.02576787956058979
-0.1179385557770729
-0.0014161221915856004
0.1422618180513382
0.19624613225460052
0.06529133021831512
-0.27003565430641174
-0.03165469318628311
-0.07924207299947739
0.03397929295897484
0.045671798288822174
0.21901728212833405
-0.1007632166147232
-0.0821928158402443
-0.07639938592910767
-0.1309238076210022
0.024333199486136436
0.08202604949474335
-0.06273648142814636
0.07056308537721634
0.06069624796509743
-0.11836814880371094
-0.2441759556531906
-0.00020819004566874355
0.059970468282699585
0.17605124413967133
-0.06749319285154343
-0.13733457028865814
-0.11646009236574173
0.09198424220085144
-0.060761965811252594
-0.009723364375531673
0.10063022375106812
0.06277450174093246
-0.15506526827812195
0.09772272408008575
0.15354003012180328
-0.1756787896156311
0.04951559752225876
-0.1314004361629486
-0.10263627022504807
-0.13758167624473572
-0.3825123906135559
0.09971951693296432
-0.15184320509433746
0.05995731055736542
0.046364642679691315
-0.25894322991371155
-0.15664607286453247
-0.1040840893983841
0.23924027383327484
-0.07761243730783463
0.2134152054786682
-0.12355731427669525
0.30618271231651306
-0.09241731464862823
0.14735449850559235
-0.2744005024433136
0.1363159567117691
-0.12186775356531143
-0.13028398156166077
0.20756864547729492
-0.16701143980026245
0.16592460870742798
0.1418386995792389
0.008873797953128815
0.17779582738876343
-0.013377444818615913
0.3014974296092987
0.17830945551395416
0.16608816385269165
-0.051691409200429916
0.025786928832530975
0.10746459662914276
0.03642481565475464
-0.19935384392738342
0.27187374234199524
0.13620245456695557
-0.23541481792926788
0.06784730404615402
-0.16853272914886475
0.010990231297910213
0.11115137487649918
0.04158305376768112
0.17125703394412994
0.10511906445026398
0.03474833816289902
-0.12662307918071747
-0.06827245652675629
0.14666174352169037
0.04926532879471779
-0.11711647361516953
0.04473864287137985
0.09994423389434814
-0.26097366213798523
0.028425676748156548
0.14613747596740723
0.04244980588555336
-0.036086998879909515
0.023546287789940834
-0.20114077627658844
0.012817030772566795
0.19389644265174866
0.16149041056632996
-0.17651571333408356
-0.1228964552283287
-0.11605192720890045
-0.11963818967342377
0.05213010311126709
0.1650121957063675
0.037016935646533966
-0.17110037803649902
0.11786238104104996
-0.1632777452468872
-0.030499866232275963
0.04118947684764862
-0.11462321877479553
-0.14807379245758057
0.07089724391698837
0.03850741311907768
-0.047233711928129196
-0.1384587436914444
0.2999933958053589
0.008334118872880936
0.044459883123636246
0.1586391180753708
0.14770962297916412
-0.049068063497543335
0.0037528432440012693
0.26839911937713623
0.03445519134402275
0.17228099703788757
0.030228352174162865
0.011375052854418755
-0.08263256400823593
0.004970459267497063
0.08344020694494247
0.10621017962694168
-0.1379450410604477
0.2861192524433136
-0.1845998764038086
0.12674832344055176
0.19440345466136932
0.057682376354932785
-0.16190147399902344
0.056137122213840485
0.13248354196548462
-0.02868283912539482
0.2669515013694763
0.056226782500743866
-0.0016465290682390332
0.04521391913294792
-0.2305680215358734
0.12271281331777573
0.11215575039386749
-0.052293870598077774
0.031200047582387924
-0.05137689784169197
-0.12093792110681534
0.11399414390325546
0.14147953689098358
0.033216845244169235
-0.28834110498428345
-0.102145254611969
0.21320314705371857
-0.02781723067164421
0.03032774291932583
0.08246287703514099
0.07294584810733795
0.19525738060474396
0.006009501405060291
-0.06646671891212463
-0.12866908311843872
0.11461357772350311
0.2253817915916443
-0.04077833518385887
0.11501654982566833
-0.0836259052157402
0.130907341837883
0.11414831131696701
-0.04449448734521866
-0.1541414111852646
-0.034671299159526825
-0.07364882528781891
-0.09279454499483109
-0.10688615590333939
0.07522493600845337
-0.038675855845212936
0.1644304394721985
0.21479184925556183
-0.12803511321544647
0.038191184401512146
0.0019994068425148726
-0.08673873543739319
-0.21290305256843567
-0.02600398100912571
0.2173709273338318
-0.15904375910758972
-0.11012092977762222
-0.007765989750623703
-0.000675731513183564
0.07771041244268417
-0.14381583034992218
-0.11692189425230026
0.009014414623379707
-0.3879583775997162
-0.07794000953435898
-0.22792378067970276
-0.07368560880422592
0.12152053415775299
0.1827787607908249
-0.22741450369358063
-0.140207901597023
0.17991048097610474
0.07760472595691681
0.15565863251686096
-0.3695480525493622
-0.04873798042535782
0.1375979781150818
0.11149436980485916
0.04974747821688652
0.14230839908123016
-0.02500578761100769
0.08936850726604462
0.1462516039609909
0.03160953149199486
-0.04683559760451317
0.1505654752254486
-0.0582130067050457
-0.07082187384366989
-0.18724270164966583
-0.11250228434801102
0.049393679946660995
0.27968770265579224
-0.17751143872737885
0.07310362160205841
-0.25565341114997864
0.15372736752033234
0.224099263548851
-0.03990253061056137
-0.15655076503753662
-0.19375008344650269
-0.0718739777803421
-0.03584057092666626
-0.1984395831823349
-0.07665535807609558
-0.08748876303434372
-0.141254261136055
-0.22132040560245514
-0.04390525445342064
-0.14922566711902618
-0.19616034626960754
-0.011748595163226128
-0.027880381792783737
0.05968226119875908
0.306635320186615
-0.08549143373966217
-0.10862069576978683
0.07044873386621475
0.28447332978248596
-0.12800414860248566
-0.05689123645424843
-0.14848385751247406
-0.3540920317173004
0.06781818717718124
0.07391911000013351
0.04420764744281769
-0.09822256118059158
-0.07877916842699051
-0.09015125781297684
0.06946956366300583
0.17623628675937653
0.12000289559364319
-0.21901839971542358
-0.12232840806245804
-0.049628522247076035
0.22102314233779907
0.1786588579416275
0.10608163475990295
0.2624622881412506
0.22613611817359924
-0.25068193674087524
0.004661759361624718
0.20235967636108398
0.23097734153270721
-0.011203189380466938
-0.04568290710449219
0.01852012798190117
0.13416995108127594
-0.05200452730059624
0.16001859307289124
-0.3009837865829468
-0.04876309633255005
0.14032451808452606
-0.2772061228752136
0.06927384436130524
0.12651193141937256
-0.0011010090820491314
0.057580046355724335
0.07280859351158142
-0.10660182684659958
-0.0996682420372963
0.1682618260383606
0.03496216610074043
-0.20444074273109436
0.270773321390152
-0.0949302539229393
-0.18377263844013214
-0.08167219161987305
-0.00219246675260365
-0.09682860225439072
-0.09653312712907791
-0.0011836199555546045
-0.22645658254623413
0.0028832959942519665
0.05045277625322342
-0.15794190764427185
0.12674842774868011
-0.21997536718845367
0.04494014009833336
-0.047978587448596954
-0.001616908237338066
-0.30710574984550476
-0.2388865053653717
-0.12048931419849396
0.028708839789032936
-0.17918820679187775
-0.19703896343708038
-0.1711205393075943
0.0058013577945530415
-0.19487296044826508
-0.20302267372608185
0.06297673285007477
0.04898812994360924
0.049347151070833206
0.09684693068265915
0.2841489613056183
-0.1124332994222641
-0.028461046516895294
-0.08263910561800003
0.11373981088399887
-0.20793361961841583
-0.038258202373981476
-0.05130407586693764
-0.2674039602279663
-0.20872297883033752
0.27661412954330444
-0.05401131883263588
0.11824700236320496
0.23633629083633423
-0.0036506212782114744
0.10428567230701447
-0.2062641829252243
-0.09432608634233475
0.2063312977552414
-0.20232950150966644
-0.015955926850438118
-0.08145562559366226
0.06626002490520477
0.1439775824546814
-0.033391401171684265
-0.04341604560613632
-0.05711965635418892
-0.06503317505121231
-0.05184808373451233
-0.07475887984037399
0.04473274201154709
0.13705496490001678
-0.16560302674770355
-0.15266403555870056
0.09171783179044724
-0.06092572957277298
0.09622635692358017
-0.18722812831401825
-0.2080651968717575
-0.15407218039035797
0.00651037460193038
-0.16871879994869232
-0.18954674899578094
0.05413441359996796
0.020685266703367233
-0.08226262778043747
0.016834408044815063
-0.1310998499393463
0.1687220335006714
-0.12252075970172882
-0.13845625519752502
-0.05039734020829201
-0.27285921573638916
0.19014793634414673
0.08490730077028275
-0.11529391258955002
-0.011389447376132011
0.01940823718905449
-0.29815787076950073
0.1739838570356369
-0.17594747245311737
0.2808396816253662
0.07764742523431778
0.09569830447435379
-0.06925579160451889
0.06653806567192078
-0.032844237983226776
0.17315933108329773
0.22471366822719574
0.07970824837684631
0.02271755039691925
-0.11296465247869492
-0.3693335950374603
0.016815925016999245
-0.12231673300266266
0.042537059634923935
-0.12134954333305359
0.19343793392181396
0.06801562011241913
0.015565347857773304
0.02896934188902378
-0.08813934028148651
-0.032297853380441666
-0.232988178730011
-0.23110166192054749
-0.16515417397022247
0.1867767572402954
-0.14182034134864807
-0.02774178981781006
-0.15077471733093262
-0.06946279853582382
0.06019299104809761
-0.006938836071640253
0.08178427815437317
-0.034482087939977646
-0.012695850804448128
0.04980864375829697
0.20381565392017365
0.08953385055065155
-0.060936860740184784
-0.03462925925850868
0.07099758833646774
-0.1260727345943451
-0.1636982262134552
0.0313253290951252
-0.2134699523448944
-0.08438422530889511
-0.004624018911272287
0.1229422315955162
0.2322385311126709
0.00744183175265789
-0.10357784479856491
0.07548484951257706
0.1623677909374237
-0.1410112828016281
-0.08693946152925491
0.10445240885019302
-0.3096004128456116
0.11110513657331467
-0.0883186012506485
-0.14538352191448212
0.1642579734325409
-0.01615873910486698
0.03402690961956978
0.0188574381172657
0.02625321038067341
0.1748109757900238
-0.1739276647567749
-0.005482272710651159
-0.11959280073642731
0.07119478285312653
-0.10959901660680771
0.12510384619235992
0.18611600995063782
0.06958619505167007
0.08854984492063522
-0.1212187334895134
-0.08519042283296585
0.026430418714880943
-0.21851196885108948
-0.1080445796251297
-0.04082781821489334
0.16383427381515503
0.1175178810954094
0.21999621391296387
0.08718481659889221
0.12166811525821686
-0.2590637505054474
0.10941039770841599
-0.07392015308141708
0.06936795264482498
-0.03853682428598404
-0.04292941093444824
0.0414644330739975
0.2429184466600418
-0.14347203075885773
0.03055601380765438
0.07516828179359436
-0.16585147380828857
-0.13643917441368103
-0.09431975334882736
0.288654088973999
-0.07891552895307541
-0.00890844315290451
0.10395163297653198
0.1410292237997055
0.010050025768578053
0.2242204248905182
0.1724882572889328
0.09264174848794937
-0.11832661926746368
0.055404726415872574
-0.16523683071136475
0.059334833174943924
-0.11043267697095871
0.04921998083591461
0.12508337199687958
-0.195509672164917
-0.05151355266571045
0.050485700368881226
0.03442688658833504
-0.063407763838768
-0.014748979359865189
0.13601572811603546
0.1297929435968399
-0.07906211167573929
0.0059415604919195175
0.19295500218868256
-0.27559661865234375
-0.04053212329745293
-0.1441226303577423
0.16554540395736694
0.017910342663526535
-0.038050536066293716
0.10375650972127914
-0.008991234935820103
0.045291222631931305
-0.07376120239496231
0.003421235829591751
0.07250939309597015
-0.12830881774425507
-0.15621201694011688
0.1652648001909256
0.07974504679441452
-0.25924891233444214
0.2644827365875244
0.12547360360622406
-0.014969360083341599
0.0798005610704422
0.08245765417814255
-0.14794398844242096
-0.20164790749549866
0.02129044570028782
0.08105254173278809
0.1128559559583664
-0.07451014220714569
0.12142755091190338
-0.02072659321129322
0.2164519876241684
-0.11199934035539627
0.011631475761532784
-0.22359701991081238
-0.045360904186964035
0.15385502576828003
-0.036227405071258545
0.118780218064785
-0.26870810985565186
-0.19946514070034027
-0.22096021473407745
0.09567931294441223
0.07076007127761841
0.04500517621636391
0.09473022073507309
-0.034907206892967224
-0.18789711594581604
0.05523337051272392
-0.07018810510635376
-0.008743178099393845
-0.08307278156280518
-0.11154573410749435
-0.09268644452095032
0.07741840183734894
0.19848445057868958
-0.13082312047481537
-0.05414259806275368
0.12528999149799347
-0.037074219435453415
0.029484806582331657
-0.06054327264428139
1.3325014151632786e-05
0.24817782640457153
-0.12941598892211914
-0.16086110472679138
0.08094757795333862
-0.23095867037773132
0.09028460830450058
-0.028177818283438683
0.09847604483366013
0.10651052743196487
-0.16645710170269012
-0.10686787962913513
-0.1638202965259552
0.2869797646999359
-0.03985708951950073
-0.11811389029026031
0.01815512590110302
0.03751175478100777
-0.2029632031917572
0.07006634771823883
-0.19867968559265137
-0.15257041156291962
-0.05509370192885399
-0.0742906853556633
-0.05188420042395592
-0.02887480892241001
-0.07178761810064316
-0.029329577460885048
-0.23526600003242493
-0.09818737953901291
0.045948006212711334
0.028038058429956436
-0.07970210909843445
-0.11794353276491165
-0.2675257623195648
-0.3547961711883545
-0.14045965671539307
0.20884530246257782
0.01818997599184513
-0.079999178647995
0.058699410408735275
-0.12583503127098083
-0.1969415694475174
-0.2737443745136261
-0.22505441308021545
0.061180662363767624
0.13566707074642181
-0.2411823272705078
-0.3325554132461548
-0.15958455204963684
0.11315321177244186
-0.028982941061258316
-0.1474541574716568
-0.21149754524230957
0.1617460399866104
-0.12399549782276154
-0.14932246506214142
-0.36499178409576416
-0.04312655329704285
0.03483618050813675
-0.007693649269640446
-0.026779450476169586
0.20703499019145966
-0.22077623009681702
0.14973053336143494
-0.16081586480140686
-0.106508269906044
0.11565263569355011
0.18172459304332733
0.14930319786071777
0.012736576609313488
-0.09091596305370331
0.1992965191602707
-0.1654530018568039
-0.17799757421016693
0.20485520362854004
0.01209883950650692
-0.05262809619307518
0.17816385626792908
-0.29073211550712585
-0.2369079738855362
-0.17675209045410156
-0.32164546847343445
0.07950033992528915
-0.06704910099506378
0.011179549619555473
-0.22578178346157074
0.03899772837758064
-0.007743692956864834
-0.06556735932826996
-0.13217736780643463
0.01007035467773676
-0.1568986475467682
0.1319132298231125
0.08375376462936401
0.06354781240224838
0.06962359696626663
-0.29737234115600586
-0.16921527683734894
-0.13129252195358276
-0.13706481456756592
0.04485142230987549
-0.0037879629526287317
-0.24060894548892975
-0.06185784190893173
0.05408524349331856
0.12027952820062637
-0.0034123025834560394
-0.11664804071187973
0.003935082349926233
0.09364204853773117
-0.14420659840106964
-0.14426623284816742
0.11878718435764313
0.053815945982933044
-0.10688580572605133
-0.20321759581565857
-0.07089325785636902
-0.191144660115242
0.026901617646217346
0.09948284178972244
0.013726098462939262
-0.21515147387981415
-0.04862028732895851
-0.2676270604133606
0.0020826791878789663
-0.10053933411836624
-0.15203827619552612
0.23230332136154175
0.07833600044250488
-0.07196325808763504
0.09585174918174744
-0.1099354699254036
0.11501000076532364
-0.0604231134057045
-0.09776683151721954
0.3291153311729431
-0.07635486125946045
-0.13243645429611206
0.021150056272745132
0.0405174195766449
0.06743811070919037
-0.07049576193094254
0.021454833447933197
-0.00016709038754925132
-0.08462871611118317
0.06367093324661255
-0.18978770077228546
-0.2252899706363678
0.13439974188804626
-0.4047915041446686
0.062176406383514404
-0.20249979197978973
-0.07357636094093323
-0.014433584176003933
0.013395270332694054
0.07769265025854111
0.13750934600830078
0.10378805547952652
-0.09003864973783493
0.18303106725215912
-0.17922283709049225
0.20671655237674713
-0.1943453997373581
0.036505140364170074
0.15536272525787354
-0.10250452160835266
-0.010569984093308449
-0.21971121430397034
0.21858662366867065
0.012123314663767815
-0.33610957860946655
-0.06392931193113327
0.19017194211483002
-0.05112798139452934
0.16487430036067963
-0.2756437659263611
0.22370119392871857
-0.1627189666032791
-0.10796736925840378
0.07570254057645798
-0.16592608392238617
-0.31038233637809753
0.22430019080638885
0.16609448194503784
-0.009129827842116356
0.009074282832443714
0.24031800031661987
0.17649023234844208
-0.023586589843034744
0.07703626900911331
-0.03987919166684151
-0.15136118233203888
0.1603364497423172
-0.0321243554353714
0.01902313344180584
-0.29273590445518494
-0.269743412733078
-0.0042983549647033215
-0.2917521297931671
-0.08303537219762802
0.13977617025375366
-0.08538592606782913
0.00220667477697134
-0.010001961141824722
0.1672896295785904
0.14383570849895477
0.08616174012422562
0.08419829607009888
0.01033154409378767
0.4257299602031708
0.3195221424102783
-0.042724449187517166
-0.0065384190529584885
-0.3700385093688965
0.05650020390748978
-0.19241081178188324
-0.043481696397066116
0.09790780395269394
0.03229163587093353
-0.09811773896217346
-0.08124963194131851
-0.06363455206155777
0.034724533557891846
-0.18576975166797638
-0.3273153007030487
-0.011029891669750214
-0.06754066050052643
0.05690490081906319
0.017446914687752724
-0.029837287962436676
-0.08481189608573914
-0.19080783426761627
0.09822027385234833
0.17996574938297272
-0.022466659545898438
-0.1844935268163681
-0.10028591752052307
-0.15250663459300995
-0.08802874386310577
-0.22023899853229523
-0.35833603143692017
0.11330463737249374
0.16607676446437836
-0.2066594362258911
0.11069639772176743
-0.18319487571716309
-0.03342288359999657
0.15447783470153809
-0.06402084976434708
0.12506216764450073
-0.02790052816271782
0.10611416399478912
0.08872587233781815
-0.019180329516530037
0.3772340416908264
0.07252228260040283
-0.004035037010908127
-0.09307841211557388
-0.07075349241495132
-0.2791876792907715
0.01725113019347191
0.18653318285942078
-0.03806641697883606
-0.2221221625804901
-0.05314970016479492
-0.007232334930449724
0.17005792260169983
0.1757565140724182
-0.09183991700410843
0.09023342281579971
0.32597315311431885
0.04773830249905586
-0.0011811796575784683
-0.0777372270822525
-0.04663541167974472
0.06843531131744385
-0.03707694262266159
0.23492009937763214
0.025544464588165283
0.20375296473503113
0.13748160004615784
-0.043667130172252655
0.15209510922431946
0.0770643875002861
-0.18439726531505585
0.08539150655269623
0.14609016478061676
-0.22187532484531403
0.06734336167573929
-0.07644709199666977
0.1300240159034729
0.04775743931531906
0.1741398125886917
-0.05189094319939613
0.17413567006587982
-0.23480769991874695
0.08317211270332336
0.0032393736764788628
0.15686888992786407
-0.07159911841154099
-0.19899439811706543
-0.04096734896302223
-0.19783176481723785
-0.08527988195419312
-0.1109033152461052
0.010336249135434628
-0.0019930817652493715
0.05430084839463234
0.09419412910938263
-0.04914293438196182
-0.04374046251177788
-0.09872696548700333
0.1266952008008957
0.010638359934091568
-0.03676753118634224
-0.12537382543087006
0.04962284490466118
0.04335793852806091
0.18355852365493774
-0.07746873050928116
-0.005798564292490482
-0.043041497468948364
-0.10049273073673248
-0.06668359041213989
0.02218146063387394
-0.049109455198049545
-0.004038303624838591
-0.10982255637645721
-0.004582344088703394
0.06704931706190109
-0.003565190127119422
0.03691313415765762
-0.157342329621315
0.027437929064035416
0.07366082817316055
0.11128835380077362
0.04959367588162422
0.0819096565246582
0.0855037122964859
0.09258408844470978
-0.02993272803723812
-0.019948922097682953
-0.06179932877421379
0.14238028228282928
-0.11509306728839874
0.20879076421260834
-0.11235647648572922
-0.18955110013484955
0.1654389202594757
0.14855748414993286
0.0998077243566513
0.12810389697551727
0.1444055438041687
0.03565075993537903
-0.06438786536455154
0.3237921893596649
-0.024533530697226524
-0.2230626791715622
0.06598548591136932
-0.29835718870162964
-0.21677333116531372
0.12948209047317505
0.09453383833169937
-0.2673754096031189
-0.01691853441298008
-0.1586659699678421
0.18103556334972382
-0.2940064072608948
-0.3150588870048523
0.09103375673294067
0.045492589473724365
-0.028491739183664322
-0.2873450517654419
0.010338022373616695
-0.06212502345442772
-0.14058135449886322
-0.11626134067773819
0.05595032498240471
0.18507616221904755
-0.21984320878982544
-0.13122226297855377
-0.17819735407829285
0.07049083709716797
-0.059798166155815125
0.019951386377215385
-0.017274903133511543
0.21074935793876648
0.2015872597694397
0.04154941067099571
-0.08635597676038742
0.16686134040355682
-0.011072137393057346
-0.11065880954265594
-0.013343178667128086
-0.057903122156858444
0.13419465720653534
0.01139006670564413
-0.13351640105247498
0.02125157229602337
0.21714380383491516
-0.037750232964754105
-0.013837793841958046
0.29792705178260803
-0.02112787961959839
-0.27200254797935486
-0.0877644419670105
0.1550571471452713
-0.07439225167036057
-0.3072112500667572
0.005196433514356613
-0.06459184736013412
0.018674319609999657
-0.03657005354762077
0.07792675495147705
-0.05419401079416275
0.07014573365449905
-0.04173532873392105
0.021433213725686073
-0.055290866643190384
0.0014547541504725814
0.03810253366827965
0.005799819715321064
0.10123100876808167
0.10081516951322556
0.008560298942029476
-0.08221510797739029
0.056370384991168976
-0.24310365319252014
0.11199858784675598
-0.007456309627741575
-0.1324271857738495
0.030244192108511925
0.054274093359708786
0.11639195680618286
-0.10372058302164078
-0.02802627719938755
-0.2469160407781601
-0.14138875901699066
0.1537420004606247
-0.07863127440214157
0.23883064091205597
0.09282059222459793
-0.09703882783651352
-0.03308487683534622
-0.14316195249557495
-0.14177685976028442
-0.20572137832641602
-0.09456171840429306
0.13592012226581573
-0.010363129898905754
-0.2972545921802521
0.02389129437506199
0.3434399962425232
-0.1312265843153
0.02139250934123993
0.06839665025472641
0.18718869984149933
-0.01514041144400835
0.009082043543457985
-0.06300006061792374
-0.10876954346895218
-0.10456079989671707
0.1538214236497879
-0.13471761345863342
-0.1005852073431015
-0.028951801359653473
0.000610245275311172
-0.3999418616294861
-0.05935070663690567
-0.1558780074119568
-0.09827995300292969
-0.13764508068561554
-0.060974400490522385
0.10896766185760498
0.11578425765037537
-0.2044612318277359
-0.0317838154733181
0.20907633006572723
0.09442386031150818
-0.23978613317012787
-0.16253098845481873
0.08254881948232651
-0.3015197217464447
0.15866830945014954
-0.1709262877702713
0.07771028578281403
0.07921813428401947
0.1702580451965332
0.2092919945716858
-0.006790806073695421
-0.06629469245672226
0.1908293515443802
-0.04950365796685219
0.06699496507644653
0.11154128611087799
0.15760722756385803
-0.12504813075065613
0.09039270877838135
-0.0568743534386158
0.06338778138160706
-0.275495707988739
0.06697367131710052
-0.012224102392792702
0.08125701546669006
-0.05197994038462639
0.14738987386226654
-0.1449616253376007
-0.11109847575426102
-0.14895904064178467
0.037470266222953796
0.0027942226734012365
0.031998515129089355
-0.23586851358413696
0.08020588010549545
-0.026163913309574127
0.08731384575366974
0.1270548552274704
-0.10565066337585449
-0.16487862169742584
0.11123082041740417
-0.12552271783351898
0.26359254121780396
-0.2555192708969116
0.2544102966785431
-0.3167617917060852
0.02734859101474285
-0.08457639813423157
0.08439631760120392
-0.11277919262647629
0.01250421442091465
-0.1293671578168869
-0.05150867998600006
0.1057940423488617
-0.1985677033662796
-0.08772233873605728
-0.1563500314950943
0.17122511565685272
-0.06968899816274643
-0.05778876692056656
-0.11468210816383362
-0.07715246826410294
0.13783933222293854
-0.17869490385055542
-0.21686653792858124
0.026159770786762238
-0.16407522559165955
0.058528315275907516
-0.17995406687259674
-0.10422557592391968
-0.3058360815048218
0.2183474451303482
-0.10985902696847916
0.0005113000515848398
0.14243990182876587
0.17382286489009857
0.1388060301542282
-0.17470602691173553
-0.08556331694126129
0.05135148763656616
-0.14927318692207336
0.007003673352301121
-0.1575976461172104
-0.07814400643110275
-0.040970221161842346
-0.0402749739587307
-0.005795193370431662
-0.06114352494478226
0.022437749430537224
0.27401575446128845
-0.3483850955963135
0.10604019463062286
0.11983967572450638
-0.12914054095745087
-0.028684942051768303
0.33821871876716614
-0.2687600553035736
0.06803056597709656
0.11494436115026474
0.11862528324127197
-0.09111838042736053
0.11918064951896667
0.18494665622711182
-0.18399609625339508
0.3764790892601013
0.18899428844451904
-0.011057374067604542
0.18645396828651428
-0.25031206011772156
-0.03406407684087753
-0.2174256145954132
-0.14457038044929504
-0.19727922976016998
0.1674720048904419
0.012429959140717983
-0.15091122686862946
0.04346456006169319
-0.013831110671162605
0.04018634185194969
0.0755905956029892
-0.025568323209881783
-0.22392867505550385
0.00973115861415863
0.44092726707458496
-0.3625042736530304
0.13437142968177795
0.33477428555488586
-0.07740872353315353
0.26539474725723267
-0.023152818903326988
-0.09495175629854202
-0.31489652395248413
0.12603874504566193
-0.16123923659324646
-0.21368944644927979
-0.003424057736992836
-0.01701829582452774
-0.04226218909025192
0.15418694913387299
0.1196102648973465
0.024963099509477615
-0.054257553070783615
-0.14901092648506165
0.48927974700927734
-0.0025488403625786304
0.13088472187519073
-0.16274133324623108
0.023538555949926376
-0.06807699799537659
0.0755569264292717
0.1634882092475891
0.10843706876039505
0.1835738867521286
-0.15221749246120453
0.18187077343463898
0.017570892348885536
-0.19469021260738373
-0.23220880329608917
-0.002492185914888978
-0.06298419833183289
0.007034591399133205
-0.055691588670015335
0.08749870210886002
-0.07361285388469696
0.15487273037433624
-0.06963005661964417
0.14531025290489197
0.0940554141998291
0.22463101148605347
0.08800163120031357
0.00886419415473938
0.09379293024539948
0.1394728571176529
-0.16324467957019806
0.10710082203149796
-0.15888004004955292
0.32461732625961304
-0.17457439005374908
-0.3421999514102936
0.13791601359844208
-0.04425797984004021
0.011262885294854641
-0.1344464123249054
0.28807318210601807
-0.07959087193012238
0.18511150777339935
-0.24301229417324066
-0.03536815568804741
0.02420753240585327
0.14750449359416962
-0.03916357457637787
-0.3274797201156616
0.13686172664165497
0.13001300394535065
-0.01559682097285986
-2.490673796273768e-05
0.17669649422168732
0.1784939467906952
0.174917072057724
-0.12868988513946533
-0.022399423643946648
-0.03650100156664848
-0.05819357931613922
0.01954391784965992
0.24316570162773132
-0.008361282758414745
0.027898181229829788
-0.14145901799201965
-0.08845316618680954
-0.09307846426963806
0.12379369884729385
-0.11481069028377533
0.033548757433891296
0.03917323425412178
0.14860373735427856
0.06631378084421158
0.01454968098551035
0.1539570540189743
-0.024108851328492165
-0.018942181020975113
0.08028619736433029
-0.04346435144543648
0.28041553497314453
-0.1331339329481125
-0.07967234402894974
0.23629124462604523
0.04189233109354973
0.10658544301986694
-0.014899322763085365
-0.1259981244802475
0.029045166447758675
0.062187496572732925
-0.12165158987045288
0.02398943156003952
0.13989730179309845
-0.025393441319465637
-0.025382868945598602
0.14988820254802704
0.044524896889925
-0.13396748900413513
0.15434004366397858
-0.13295795023441315
0.0076879109255969524
0.09831922501325607
0.06988053768873215
0.14347578585147858
0.029277989640831947
-0.1388726383447647
0.15403039753437042
0.264919638633728
-0.032071031630039215
0.16449078917503357
0.23049099743366241
-0.11901463568210602
-0.11245235800743103
0.2537345290184021
0.0738665834069252
0.023518003523349762
-0.2052791565656662
0.10953661799430847
-0.011030086316168308
-0.27950459718704224
-0.003652838058769703
0.10930688679218292
0.04172603413462639
-0.06386980414390564
-0.02280845120549202
0.06863801926374435
-0.04048965871334076
-0.006770291365683079
0.10048316419124603
-0.018972575664520264
-0.2902379035949707
0.21283839643001556
0.12966646254062653
0.2086455225944519
0.07981694489717484
-0.05711999163031578
0.019991206005215645
-0.1478772759437561
-0.08232375979423523
-0.19072885811328888
0.1325642615556717
-0.010168137960135937
-0.12361767888069153
-0.09098783880472183
-0.07133590430021286
0.1862511932849884
0.06168133020401001
-0.07027000188827515
-0.02213326096534729
0.08821994066238403
0.07127288728952408
-0.30382198095321655
0.005022583529353142
-0.1806812882423401
-0.14988376200199127
-0.004771230276674032
-0.11308684945106506
-0.018800882622599602
0.13015516102313995
-0.332714319229126
0.25785019993782043
0.11469406634569168
-0.03309347480535507
-0.03858640789985657
-0.018081946298480034
0.07522169500589371
0.19642899930477142
0.03843327611684799
0.10628107935190201
-0.15673406422138214
-0.040517792105674744
-0.007843316532671452
0.07821418344974518
0.25492149591445923
-0.03813665360212326
0.058225903660058975
-0.04218337684869766
0.210221067070961
0.16838280856609344
0.05824366584420204
-0.03677067160606384
0.027538442984223366
-0.09273155778646469
0.14454255998134613
0.046739090234041214
-0.10163979977369308
-0.16237357258796692
0.18068602681159973
-0.1355605572462082
-0.17769870162010193
-0.025230908766388893
0.0373774953186512
0.08000164479017258
-0.18487416207790375
-0.13926255702972412
-0.08196576684713364
0.10944700986146927
0.1446431279182434
-0.000985241960734129
0.01028326153755188
0.04539767652750015
-0.09576161950826645
-0.02684059552848339
0.03596222400665283
0.1847333014011383
-0.018908459693193436
-0.05596237629652023
0.09279942512512207
-0.11075447499752045
0.25879573822021484
-0.14982695877552032
-0.07648205012083054
-0.2182578593492508
-0.13180585205554962
0.1014057993888855
-0.013821275904774666
-0.0730239525437355
0.15322940051555634
-0.00422390503808856
-0.07816038280725479
0.030981572344899178
-0.06925483793020248
0.02542640082538128
0.20011581480503082
-0.1756538450717926
0.031241150572896004
-0.006033627782016993
-0.010077827610075474
0.0011016115313395858
-0.10168943554162979
-0.12343066930770874
0.0474124550819397
0.17099079489707947
-0.11188313364982605
0.09983925521373749
0.06391049176454544
0.17143726348876953
0.01017041690647602
-0.09338830411434174
-0.01566825620830059
-0.15950356423854828
0.10132016986608505
0.07027158886194229
-0.18480563163757324
-0.047940757125616074
-0.034530047327280045
0.06889213621616364
-0.18042047321796417
-0.161343052983284
-0.08882715553045273
0.1636732965707779
-0.04891268163919449
-0.019080692902207375
0.028607463464140892
-0.002917545847594738
0.1689162403345108
0.12486627697944641
0.09172967076301575
-0.09182845801115036
0.3321585953235626
0.28927162289619446
-0.1339612454175949
0.09207603335380554
0.0013369539519771934
0.1585007756948471
-0.013496256433427334
0.11231828480958939
-0.007952386513352394
0.10728848725557327
-0.24020172655582428
-0.030281011015176773
-0.2829863131046295
-0.13899092376232147
-0.15143893659114838
0.13288547098636627
-0.04922380670905113
0.05757257714867592
-0.017026150599122047
-0.11633497476577759
-0.0481218583881855
-0.21940627694129944
-0.2194008082151413
-0.05788765847682953
0.048053283244371414
-0.06687643378973007
0.09933056682348251
0.05184820294380188
-0.0014623227762058377
-0.022338205948472023
0.20725193619728088
-0.18029238283634186
-0.14713719487190247
-0.051116157323122025
0.02616172283887863
0.022563660517334938
0.10634921491146088
-0.035947613418102264
-0.03465156629681587
0.10971328616142273
0.15624666213989258
0.06538452953100204
-0.11673266440629959
0.09992404282093048
-0.057970330119132996
0.05549151077866554
0.07030016928911209
0.14925245940685272
-0.008935668505728245
-0.17649610340595245
0.03486531227827072
0.2044547200202942
0.22416912019252777
0.15978556871414185
-0.11800045520067215
-0.12687312066555023
-0.021858112886548042
0.21192723512649536
-0.000531576806679368
-0.09155694395303726
0.14788579940795898
-0.15237554907798767
-0.14574182033538818
0.2781081795692444
-0.019614994525909424
-0.1861015260219574
0.06853247433900833
-0.10061240941286087
0.06954210251569748
0.0074250586330890656
0.015914535149931908
0.06672263890504837
0.16102372109889984
-0.02863280475139618
-0.02599712461233139
0.04590389132499695
-0.03624183312058449
-0.02532118372619152
0.09211552143096924
-0.19994156062602997
0.0055860490538179874
-0.2292724847793579
-0.04675193130970001
0.027904989197850227
0.04732122644782066
-0.1202300637960434
0.024253642186522484
0.17445281147956848
-0.2955469489097595
-0.031448908150196075
-0.23994016647338867
-0.10136017948389053
0.027367377653717995
-0.15840834379196167
-0.11665445566177368
0.06659404188394547
0.08747325837612152
0.10616341978311539
-0.09567967802286148
0.05569404363632202
0.15046675503253937
-0.07303494960069656
0.027584070339798927
-0.13465534150600433
0.006869284901767969
-0.17301695048809052
-0.04694434627890587
0.24033865332603455
-0.037553463131189346
-0.1288277953863144
0.19785140454769135
0.015125609003007412
-0.12154574692249298
0.15768654644489288
-0.1078910380601883
-0.1207454651594162
-0.18084265291690826
0.11487635225057602
0.24954719841480255
0.16334187984466553
0.19508209824562073
0.03237704932689667
-0.026781702414155006
0.07153511047363281
-0.021029861643910408
-0.040329210460186005
0.07469331473112106
0.022851135581731796
0.016097750514745712
-0.1187032014131546
-0.06442757695913315
0.020772986114025116
0.17816516757011414
-0.09832924604415894
0.0870651826262474
-0.060282737016677856
0.1983768194913864
0.15311412513256073
0.12311220169067383
-0.000958523596636951
-0.10408218950033188
-0.030247313901782036
-0.013763309456408024
0.2132706493139267
0.05780667066574097
0.19508732855319977
-0.03707236424088478
0.03609228506684303
-0.08669484406709671
0.2437037080526352
0.2859189808368683
0.18052248656749725
-0.16502104699611664
-0.07279840856790543
0.11771900206804276
0.08068656921386719
-0.07905925065279007
-0.0653589516878128
0.24575494229793549
-0.10579006373882294
-0.23595188558101654
-0.10672446340322495
0.058080047369003296
-0.0786164253950119
0.12211385369300842
-0.1700659841299057
-0.029013119637966156
0.0841105654835701
0.04161730408668518
0.1091819629073143
-0.0036379077937453985
0.03869781643152237
-0.1208074688911438
0.03155899792909622
-0.08145115524530411
0.09396273642778397
0.19539053738117218
0.003617270849645138
-0.22702062129974365
-0.1336253434419632
0.23662547767162323
0.044624388217926025
-0.20055709779262543
-0.07067972421646118
-0.09963523596525192
0.46670615673065186
-0.06563384085893631
-0.4012759327888489
0.1788623183965683
0.09960667043924332
0.09541601687669754
0.0023401854559779167
0.07559021562337875
0.33617204427719116
-0.13434891402721405
-0.006768686696887016
-0.05148002505302429
-0.21767672896385193
0.17642219364643097
-0.23828189074993134
0.14262455701828003
0.07690370082855225
-0.030476415529847145
0.06407594680786133
0.013181471265852451
-0.0896005928516388
0.09112066775560379
-0.10678835213184357
-0.10229912400245667
0.07002893090248108
-0.04047958180308342
0.007065571378916502
0.0009152553975582123
0.22373446822166443
0.22590528428554535
-0.11649925261735916
0.03793075680732727
-0.3692179024219513
0.36712363362312317
-0.025141634047031403
0.017307700589299202
0.12976130843162537
-0.07869550585746765
-0.1135760098695755
0.09827341139316559
-0.2048514187335968
-0.007105646654963493
-0.3367806077003479
-0.1332860291004181
-0.03201691806316376
0.17625120282173157
-0.11339689046144485
-0.40079519152641296
-0.007814455777406693
-0.053743042051792145
0.04339415207505226
0.23174414038658142
-0.07199554145336151
-0.02512485720217228
-0.20204678177833557
-0.33678242564201355
0.08145465701818466
0.267526775598526
-0.13971702754497528
-0.003405319293960929
0.08733315765857697
0.3456507623195648
0.07224155217409134
-0.09414675086736679
-0.029593411833047867
-0.1885528415441513
-0.17030052840709686
0.051389846950769424
-0.14104999601840973
0.257785439491272
-0.10640323907136917
-0.17950382828712463
-0.1444658637046814
-0.09643430262804031
0.1663922369480133
-0.20407767593860626
0.20279303193092346
0.07236022502183914
0.1805311143398285
-0.27523666620254517
-0.17546416819095612
0.2961115837097168
-0.16641677916049957
0.09909826517105103
-0.17678526043891907
0.06015973910689354
-0.3411484658718109
-0.09183260798454285
-0.06659475713968277
-0.10864531993865967
0.03305554762482643
0.19077157974243164
-0.5250140428543091
0.2151949405670166
-0.053529608994722366
0.09624026715755463
-0.06237926334142685
0.018723471090197563
-0.009894941933453083
-0.37561699748039246
-0.029616396874189377
0.22596164047718048
0.37192338705062866
-0.21447217464447021
-0.3805726170539856
-0.2577585279941559
0.14559590816497803
0.23419131338596344
0.0021291333250701427
-0.07393387705087662
0.11269058287143707
-0.07481773942708969
0.07077758759260178
-0.20705600082874298
0.19358323514461517
-0.06306353211402893
0.16971658170223236
0.047746676951646805
0.07509132474660873
0.17921163141727448
-0.0032499961089342833
-0.08240123838186264
-0.08624400943517685
0.11362636834383011
0.2149970680475235
-0.015876175835728645
0.10737193375825882
-0.039523039013147354
-0.08469133079051971
0.005883951671421528
0.05981585010886192
-0.14801262319087982
0.05998406559228897
-0.19084902107715607
0.05959482863545418
-0.11390689760446548
0.30605435371398926
0.17124967277050018
-0.12606704235076904
0.171466663479805
-0.10005051642656326
0.18043111264705658
0.2900291383266449
-0.01959373988211155
0.05841105058789253
0.09850605577230453
0.10899783670902252
0.13175758719444275
0.13752366602420807
0.044041041284799576
-0.10476341098546982
0.033851686865091324
0.09085766226053238
-0.049754273146390915
0.15648770332336426
0.15537554025650024
-0.13127389550209045
0.19007503986358643
0.232003852725029
0.13540972769260406
-0.16235870122909546
-0.30708014965057373
0.365438312292099
0.18706326186656952
-0.12366966158151627
0.01976006105542183
0.04224549978971481
-0.24452678859233856
-0.035743288695812225
0.04073049873113632
-0.13865846395492554
-0.1376471072435379
0.0595092810690403
0.07913898676633835
-0.003348770085722208
-0.11626668274402618
-0.00951309408992529
-0.17207932472229004
-0.12753702700138092
-0.15291601419448853
0.21969714760780334
0.11094579845666885
-0.0428512804210186
0.17606177926063538
-0.20129169523715973
-0.044954970479011536
0.14746853709220886
-0.08586249500513077
-0.06946258246898651
0.1202407032251358
0.2442789524793625
0.3272590935230255
-0.025075821205973625
0.13541024923324585
0.017151664942502975
-0.1295870542526245
0.1354600042104721
0.15006741881370544
0.04090156406164169
0.048225268721580505
-0.27738088369369507
-0.1390179842710495
-0.017519181594252586
-0.2067110538482666
-0.11330444365739822
-0.10346975922584534
0.08324983716011047
0.1568983793258667
0.13592217862606049
-0.059050802141427994
0.15054161846637726
-0.26417651772499084
0.07032273709774017
-0.21149328351020813
0.07313751429319382
0.11291033029556274
0.16192732751369476
-0.10188332200050354
-0.023293765261769295
-0.10092086344957352
0.09359398484230042
-0.08653208613395691
0.18206869065761566
0.24074003100395203
0.14092259109020233
0.05609428510069847
0.207869753241539
-0.14166590571403503
-0.05544588714838028
-0.024485994130373
0.05842815339565277
-0.0019330567447468638
-0.07269912213087082
-0.0018645012751221657
-0.007153981830924749
0.01317057479172945
-0.15564244985580444
0.2821957468986511
-0.059000227600336075
-0.17352528870105743
0.19896842539310455
0.17474515736103058
-0.17901304364204407
0.18539562821388245
0.11210017651319504
-0.3115314841270447
-0.33300668001174927
-0.1602824628353119
0.26909181475639343
0.3340151906013489
-0.055416930466890335
0.07085401564836502
0.1443876028060913
-0.12272582203149796
-0.009463638998568058
0.14516842365264893
-0.1361464560031891
-0.07524424046278
0.07293935865163803
0.010425698012113571
0.1371297687292099
0.17671598494052887
-0.16909238696098328
-0.06296943128108978
-0.08769819885492325
-0.048216842114925385
-0.05874888226389885
0.1551932841539383
-0.16668318212032318
0.06343657523393631
-0.09900466352701187
0.07151808589696884
0.11702705174684525
0.008265222422778606
-0.20929838716983795
-0.1092880517244339
-0.17973917722702026
0.024000078439712524
0.21705763041973114
0.02208716608583927
0.06252555549144745
0.2106586992740631
-0.12946805357933044
0.09781212359666824
-0.077434241771698
-0.037882380187511444
-0.12483437359333038
-0.03779656067490578
0.014940676279366016
-0.008902189321815968
0.20790743827819824
0.05510331317782402
0.05656256526708603
-0.1514272540807724
0.04539980739355087
-0.15724773705005646
-0.06889232248067856
0.1867414265871048
0.14374449849128723
-0.03958745300769806
0.01134780514985323
0.20226219296455383
0.13047614693641663
0.16030646860599518
-0.041434645652770996
-0.08563655614852905
0.1814739853143692
0.14438575506210327
0.055030547082424164
0.008101426064968109
0.21420234441757202
-0.15986274182796478
-0.028934111818671227
-0.08641938120126724
0.1488807648420334
0.16444247961044312
-0.19707649946212769
-0.2242150604724884
-0.13891541957855225
0.08545524626970291
-0.1695852428674698
0.18404540419578552
-0.28997257351875305
0.05382725968956947
-0.023104501888155937
0.22661563754081726
0.19202424585819244
0.08592912554740906
-0.02195769175887108
0.14401565492153168
-0.07248377054929733
0.09382382035255432
0.034831125289201736
0.20879174768924713
-0.16089512407779694
0.13922812044620514
-0.11943180859088898
0.01553873997181654
-0.2952007055282593
-0.024213267490267754
0.004764066077768803
-0.03440028056502342
0.15097343921661377
0.025576623156666756
-0.02572692558169365
-0.05031004920601845
0.009105542674660683
-0.12056910991668701
0.12442880123853683
0.0813780203461647
-0.17268827557563782
-0.04294707998633385
-0.12533439695835114
0.11119289696216583
-0.1357850879430771
-0.21404920518398285
-0.16719302535057068
0.14653564989566803
0.17965050041675568
0.06714096665382385
-0.15675225853919983
0.21546335518360138
-0.2179231196641922
-0.07975399494171143
-0.13088296353816986
-0.015035927295684814
-0.09796957671642303
-0.07849784195423126
-0.028315095230937004
-0.2266480177640915
0.0596267506480217
-0.2759173512458801
0.09183312952518463
0.0026437013875693083
0.1698983758687973
-0.030803371220827103
0.02267756685614586
-0.06886058300733566
0.025831809267401695
0.1807701587677002
0.09297064691781998
-0.13230668008327484
0.0516154021024704
0.0753527358174324
0.19080175459384918
0.07536237686872482
-0.14838705956935883
-0.023143664002418518
-0.22625087201595306
0.18346039950847626
-0.03962060064077377
-0.1796799749135971
-0.08203691244125366
0.2452206313610077
-0.2670532464981079
-0.19778770208358765
0.2000320702791214
-0.200800359249115
0.010312953032553196
0.0492352657020092
-0.02115742303431034
-0.12204746901988983
0.10377143323421478
-0.06281368434429169
-0.0812743529677391
0.06085999682545662
0.1272968351840973
-0.14018870890140533
-0.21366699039936066
0.008073797449469566
0.17357054352760315
-0.1426110714673996
0.02872539684176445
-0.1533021181821823
-0.2584652900695801
-0.15635308623313904
0.01462998241186142
-0.05552826076745987
-0.10584210604429245
0.2650371491909027
0.1753917783498764
0.1580476015806198
-0.06985689699649811
0.0775890201330185
0.075152188539505
-0.1692577302455902
0.052075523883104324
-0.00016308945487253368
0.09074639528989792
0.028002437204122543
0.11216583847999573
0.011002033948898315
-0.05033278837800026
0.10743258148431778
-0.08299218118190765
0.11065682023763657
0.12285272777080536
0.16198348999023438
0.13583537936210632
0.04938368499279022
-0.0031446076463907957
-0.07481230795383453
0.05160001292824745
0.15370877087116241
0.09912644326686859
0.11018870025873184
0.07289599627256393
0.1434687077999115
-0.038627929985523224
-0.17881624400615692
-0.06769833713769913
-0.26793500781059265
0.03576458990573883
-0.19220922887325287
-0.022451456636190414
0.05832909420132637
0.014733854681253433
0.07877545058727264
-0.14651794731616974
-0.0265339482575655
0.17113269865512848
-0.011983710341155529
0.07877351343631744
-0.12380018085241318
-0.062381114810705185
0.08049924671649933
-0.12788569927215576
-0.435131311416626
-0.1244397908449173
0.18204398453235626
0.11510013043880463
-0.07217873632907867
-0.0638928934931755
-0.09828945994377136
0.08387278020381927
0.1906675100326538
0.058650270104408264
0.09175024181604385
-0.11147379130125046
0.1378515213727951
0.01684148795902729
-0.06303144246339798
-0.15233197808265686
-0.10047807544469833
0.10735630989074707
0.029032791033387184
-0.1511775553226471
-0.12561176717281342
0.038394033908843994
-0.19670504331588745
0.18813423812389374
0.12238556146621704
0.040592294186353683
0.13482874631881714
-0.09311188012361526
-0.10897216200828552
0.16433994472026825
0.10901083797216415
-0.0005761745269410312
0.07929998636245728
0.1437091827392578
-0.02141498401761055
0.08591479063034058
0.05851435661315918
0.19604657590389252
-0.01082242839038372
0.016359955072402954
0.14071772992610931
-0.009129364043474197
-0.1430557817220688
0.04045487940311432
0.17837677896022797
-0.030759036540985107
-0.0132825318723917
-0.20397703349590302
-0.10865695029497147
0.19300992786884308
0.19898611307144165
-0.04905238747596741
0.1983110010623932
-0.14388452470302582
-0.02186974696815014
-0.035228755325078964
0.08019304275512695
-0.0722237229347229
0.05280006304383278
0.024453354999423027
0.07848627865314484
0.08532815426588058
0.21675702929496765
0.18136994540691376
-0.11968410015106201
-0.04974710941314697
0.19682514667510986
-0.11628644913434982
-0.16028949618339539
0.02879001386463642
0.17033922672271729
0.17269298434257507
-0.09144715219736099
-0.08617988973855972
-0.09032459557056427
0.01646881178021431
0.26170113682746887
-0.03412042185664177
0.15050707757472992
-0.07170350104570389
-0.1628248244524002
-0.34878790378570557
-0.11610770225524902
-0.08312501758337021
-0.038693394511938095
-0.012786257080733776
0.06742361932992935
0.14322549104690552
-0.022591091692447662
-0.13885313272476196
0.07829626649618149
0.16904786229133606
-0.2291824370622635
-0.08422709256410599
-0.10671600699424744
0.11309383064508438
0.16408412158489227
-0.08793981373310089
0.12859520316123962
0.05206507816910744
0.02421574667096138
-0.17898477613925934
-0.13200263679027557
-0.0161398034542799
0.018191291019320488
-0.12334122508764267
0.0019899271428585052
-0.1088014766573906
-0.08504533767700195
0.1521337330341339
-0.0998694971203804
-0.043550435453653336
-0.03755661100149155
0.27189555764198303
-0.20036625862121582
-0.11640599370002747
-0.10826688259840012
-0.1692289263010025
0.05659959465265274
-0.09547634422779083
0.05014510825276375
0.07233289629220963
-0.29986223578453064
-0.16934950649738312
-0.12810346484184265
0.15618771314620972
-0.16909603774547577
-0.1115293875336647
0.15027377009391785
-0.026044314727187157
-0.1505214124917984
-0.18001054227352142
-0.16823755204677582
-0.1314181238412857
-0.11115574836730957
-0.04729042947292328
0.04743506386876106
-0.07438264042139053
-0.10106934607028961
0.13457563519477844
0.11627146601676941
0.06996079534292221
0.054014381021261215
0.2573584318161011
0.07205614447593689
0.20803311467170715
0.05218837037682533
0.10532224178314209
0.0940156802535057
-0.154512420296669
-0.11110448092222214
0.34051966667175293
-0.2341049611568451
-0.1568092554807663
-0.14306630194187164
-0.011166941374540329
-0.017945032566785812
0.25655239820480347
-0.052406396716833115
-0.014873216859996319
0.20068202912807465
0.10475494712591171
-0.21203137934207916
0.2223789393901825
0.0662037581205368
-0.0008948509348556399
-0.006681026890873909
0.007729864213615656
-0.06311848014593124
0.1543201357126236
-0.035885848104953766
-0.197971373796463
-0.002268427750095725
-0.1761246919631958
-0.22005043923854828
0.11006215214729309
-0.3005017638206482
0.14041084051132202
0.21113170683383942
0.19683200120925903
0.14909052848815918
-0.08543593436479568
0.017523417249321938
0.027041424065828323
0.08022844791412354
-0.049740929156541824
-0.020778784528374672
0.00962681882083416
0.024133959785103798
-0.07566209882497787
0.108579620718956
-0.18185529112815857
0.09750495105981827
-0.23967017233371735
0.16660961508750916
-0.0447344034910202
-0.0647176057100296
-0.22896325588226318
-0.0003603358054533601
0.093763567507267
0.2054980993270874
-0.24723753333091736
0.11958049982786179
0.04673874378204346
-0.09567485004663467
0.15060065686702728
0.018057728186249733
0.10337871313095093
-0.06352820992469788
-0.16049011051654816
-0.2201242744922638
-0.10873208940029144
-0.06897678226232529
0.17637023329734802
-0.08260370045900345
0.06842202693223953
-0.034266892820596695
-0.04181820899248123
0.02158658392727375
0.14579501748085022
0.033940389752388
0.11916142702102661
-0.08537095785140991
0.04049540311098099
-0.07508817315101624
-0.14864522218704224
0.17446476221084595
0.05987371504306793
-0.05562255531549454
-0.056704819202423096
0.1922922432422638
-0.2714582085609436
0.044761162251234055
0.10051072388887405
-0.36942675709724426
-0.031955089420080185
0.2283267378807068
0.12711066007614136
-0.010819564573466778
-0.24332477152347565
-0.060055337846279144
-0.13298644125461578
0.03378033638000488
-0.23227545619010925
-0.10939501225948334
-0.036933958530426025
-0.11741746962070465
-0.15420660376548767
0.06233558803796768
0.18160565197467804
-0.12261141836643219
-0.0016019998583942652
-0.2649078369140625
-0.01241033524274826
0.06338045746088028
-0.21206659078598022
-0.07556747645139694
-0.067166768014431
0.1310073286294937
-0.23202139139175415
-0.05034274235367775
0.011620840057730675
0.005806587636470795
-0.025030067190527916
-0.033694881945848465
0.016346687451004982
-0.08548475801944733
0.08204744011163712
0.13184921443462372
0.16060401499271393
0.04439083859324455
0.1499195247888565
0.19286192953586578
0.07428143173456192
0.17533360421657562
0.13728047907352448
-0.12179512530565262
-0.045726485550403595
-0.1110355332493782
-0.3074758052825928
0.2869581878185272
-0.22224263846874237
-0.13990511000156403
-0.10389172285795212
-0.25477948784828186
0.200602188706398
-0.07502647489309311
-0.022388508543372154
-0.010148911736905575
0.2352704405784607
-0.15497256815433502
-0.278146892786026
0.02752809040248394
-0.07443755120038986
-0.11429548263549805
-0.23734863102436066
0.09388210624456406
0.1568225920200348
0.08032600581645966
0.0015986302169039845
0.017281286418437958
0.1295231282711029
0.1307927519083023
-0.09206483513116837
0.10453007370233536
0.014883356168866158
0.06632719188928604
0.17553582787513733
-0.0437837578356266
-0.10855371505022049
0.004541104193776846
0.14657284319400787
-0.14220474660396576
-0.1968136429786682
0.27191656827926636
0.05450586974620819
-0.14758817851543427
0.18028505146503448
0.14446309208869934
-0.1286560744047165
0.05935002118349075
-0.10326237976551056
0.0950026735663414
0.09442064166069031
0.22469662129878998
-0.07311089336872101
-0.032837457954883575
-0.08013458549976349
0.14572006464004517
0.09403982758522034
-0.04388951137661934
0.1138538345694542
-0.03717784956097603
-0.02046906389296055
-0.03411901742219925
0.05636443570256233
0.05172065272927284
-0.04825085401535034
-0.0012570768594741821
-0.3589286804199219
0.06212613359093666
-0.19282282888889313
-0.006808828096836805
0.02318454720079899
-0.10010074079036713
0.16845466196537018
-0.12650224566459656
0.06016158312559128
0.10405774414539337
0.06544914841651917
0.09715715795755386
-0.08307638764381409
0.05296313762664795
-0.10058073699474335
-0.12805916368961334
0.14904773235321045
0.17282834649085999
0.0033559962175786495
-0.13039004802703857
0.14755214750766754
-0.011423314921557903
0.13339613378047943
0.13252021372318268
-0.11943512409925461
0.15732258558273315
0.04096890240907669
0.1341930776834488
-0.02605362981557846
0.08496757596731186
-0.10806433111429214
-0.03262738883495331
-0.0775679275393486
-0.08756327629089355
0.023523060604929924
-0.03801755979657173
0.06549998372793198
-0.1395191252231598
0.08328186720609665
-0.0036155683919787407
-0.13236300647258759
-0.181449756026268
-0.24145324528217316
-0.06980036199092865
0.05607081949710846
-0.09153535962104797
3.113836282864213e-05
0.031093215569853783
0.11513953655958176
-0.001475649420171976
0.055117376148700714
-0.08324971795082092
-0.042211610823869705
0.15672309696674347
-0.2572053074836731
0.1318497508764267
-0.17758142948150635
0.005941775161772966
0.13947537541389465
0.03672650083899498
-0.01045597530901432
0.14130300283432007
0.26515141129493713
0.0905427411198616
0.029196731746196747
0.02809019386768341
-0.1586649864912033
-0.039573583751916885
0.011680482886731625
-0.0807095542550087
0.001582940574735403
-0.2520548105239868
-0.053410667926073074
0.017945408821105957
-0.04796427860856056
-0.0025013599079102278
0.21178996562957764
-0.11210456490516663
0.1224762424826622
0.26606518030166626
0.08705463260412216
-0.18963555991649628
-0.029413098469376564
-0.07754400372505188
-0.17935949563980103
-0.005154576152563095
0.04722173139452934
0.03612365201115608
0.043240100145339966
-0.011912872083485126
0.05053342878818512
0.009068812243640423
0.09317135810852051
0.19837512075901031
0.23439687490463257
0.41667383909225464
0.167027086019516
0.04399653896689415
-0.11599352210760117
0.024420516565442085
-0.07665898650884628
-0.06623843312263489
0.084889255464077
0.08134663105010986
-0.12754829227924347
0.10315096378326416
0.04696773365139961
0.02181152254343033
0.0859343633055687
-0.10842142254114151
0.012135311961174011
-0.1962733417749405
0.16440404951572418
0.013421664014458656
0.09137210994958878
0.2058173418045044
-0.09371275454759598
-0.02935616299510002
0.10780563950538635
0.034809645265340805
0.11868596076965332
0.013824365101754665
-0.15844260156154633
0.13956080377101898
-0.029566654935479164
0.18746055662631989
-0.03455211594700813
0.06617268174886703
0.06965094059705734
0.19214925169944763
0.14806075394153595
0.3679511249065399
0.04099135473370552
0.07033398747444153
0.0023312570992857218
0.10164292901754379
0.18315550684928894
0.18171487748622894
-0.11591912806034088
0.11313462257385254
0.16145187616348267
-0.015766100957989693
0.014848902821540833
0.07356416434049606
0.01862921379506588
-0.07490747421979904
-0.047767236828804016
0.16545435786247253
0.056408438831567764
0.10196107625961304
0.006894844118505716
0.04485655948519707
-0.1294492930173874
0.3284856975078583
-0.13824713230133057
0.13126200437545776
-0.20079541206359863
0.0503343902528286
-0.020281651988625526
-0.03645067289471626
0.23403169214725494
-0.2209056317806244
0.11556889116764069
0.21467694640159607
0.19949112832546234
0.19640813767910004
-0.000237670901697129
-0.07485424727201462
-0.04077506810426712
0.1345577985048294
-0.09058984369039536
0.08671620488166809
0.1294492930173874
0.16895577311515808
-0.008894280530512333
-0.1549178510904312
-0.13800927996635437
-0.192348912358284
-0.004972146824002266
0.053782522678375244
0.1112109050154686
0.04970677196979523
0.028816523030400276
0.17594708502292633
0.062496982514858246
-0.05197000131011009
0.07558122277259827
-0.04823065176606178
-0.1791962832212448
-0.18482288718223572
0.16121375560760498
-0.010948504321277142
-0.10038909316062927
-0.04685719683766365
0.08763708174228668
-0.13120567798614502
0.10546800494194031
-0.1955144852399826
0.11267809569835663
-0.22688832879066467
0.04040389508008957
-0.11458401381969452
0.06861958652734756
-0.21179407835006714
-0.12856923043727875
-0.07604235410690308
0.1383708119392395
-0.10817207396030426
0.0014071096666157246
-0.05234304815530777
-0.057850390672683716
0.11516337096691132
0.0864352434873581
0.18380780518054962
-0.04742366820573807
0.1577412635087967
-0.099998340010643
0.20066069066524506
0.17221705615520477
0.003953003324568272
0.007254366297274828
-0.15520194172859192
-0.092728391289711
-0.062426358461380005
-0.023241540417075157
0.11953297257423401
-0.1459019035100937
-0.020886961370706558
-0.009224853478372097
-0.020565375685691833
0.0590655617415905
-0.18447695672512054
-0.038326866924762726
0.08953969925642014
-0.03370749205350876
0.04724463075399399
-0.09625859558582306
-0.04671505466103554
0.11451065540313721
-0.11292675882577896
-0.07192184031009674
0.14897958934307098
-0.012123147957026958
0.04954533278942108
-0.12403655797243118
0.04180000722408295
-0.05385444313287735
-0.17098820209503174
0.12886850535869598
-0.07608741521835327
0.022887246683239937
0.07526084780693054
0.05905655026435852
-0.04769765958189964
-0.03951818868517876
-0.010779175907373428
-0.11682959645986557
-0.05464610084891319
0.10702421516180038
0.033850692212581635
-0.14137786626815796
0.146916463971138
-0.035330962389707565
-0.12680433690547943
-0.005705545656383038
-0.0646844208240509
0.08234100788831711
0.0961456298828125
0.026202911511063576
-0.02853574976325035
-0.052502598613500595
0.06248459964990616
-0.12844544649124146
-0.058984339237213135
0.1330619901418686
-0.06538622826337814
-0.05063905194401741
0.018574940040707588
-0.07094122469425201
-0.19464966654777527
0.009889225475490093
0.014103764668107033
-0.10297457128763199
0.03732868283987045
-0.11135843396186829
0.06078604236245155
-0.10882817953824997
-0.04326869919896126
0.11152159422636032
-0.15184348821640015
-0.10394885390996933
-0.028619417920708656
0.060599185526371
-0.1911281794309616
-0.13443522155284882
0.10332426428794861
0.07145265489816666
-0.04016660153865814
-0.10668846219778061
-0.09142851084470749
-0.16455546021461487
0.03834928572177887
-0.20654608309268951
-0.17722837626934052
0.1057969182729721
0.09606476128101349
0.034908853471279144
-0.042247749865055084
0.11281429976224899
-0.10036487132310867
-0.12652957439422607
-0.048209048807621
-0.1049175038933754
-0.10051199793815613
0.06461331993341446
-0.046340785920619965
0.1350938379764557
-0.07543758302927017
-0.0815088227391243
0.10046430677175522
-0.039896607398986816
-0.10326812416315079
-0.17511913180351257
-0.033082857728004456
-0.02373601868748665
-0.028910871595144272
-0.021050740033388138
-0.11795413494110107
-0.12969528138637543
-0.15389542281627655
0.07755813747644424
0.028274521231651306
-0.17232002317905426
0.1305602788925171
0.009531589224934578
-0.0908973217010498
-0.03608838468790054
0.05080035328865051
0.040750954300165176
-0.01803973689675331
-0.1801164448261261
0.11465591937303543
-0.042052049189805984
-0.10809337347745895
-0.09191036224365234
0.07791692763566971
-0.1359298974275589
-0.02714867703616619
-0.03137180954217911
-0.05168704316020012
0.03782961145043373
-0.1670781672000885
-0.01273953728377819
0.05402866750955582
-0.11316602677106857
-0.25077879428863525
-0.3769916892051697
0.03583252802491188
-0.06906548142433167
0.13127994537353516
-0.18249085545539856
-0.004403094295412302
-0.030999120324850082
-0.013420099392533302
0.0003819607081823051
0.035158365964889526
-0.1366489976644516
-0.07610226422548294
0.15534235537052155
0.003940668888390064
0.15871761739253998
-0.18020497262477875
-0.09161273390054703
-0.23722925782203674
0.24269209802150726
0.06275226920843124
-0.12346382439136505
0.06984511762857437
0.042696889489889145
-0.15277527272701263
0.24502623081207275
0.25555089116096497
-0.13610951602458954
-0.10758939385414124
-0.006215977482497692
-0.11254175752401352
-0.03136110305786133
0.2427157759666443
-0.14722511172294617
-0.06998570263385773
0.12923802435398102
0.11478886008262634
-0.06857381761074066
-0.017322948202490807
0.11642491817474365
-0.041744571179151535
0.1420729011297226
-0.14194908738136292
0.03247585520148277
0.05839546397328377
0.05161358416080475
0.0016178181394934654
-0.2571996748447418
-0.09437757730484009
0.18485553562641144
0.14692044258117676
-0.08025794476270676
0.02984815090894699
-0.14843884110450745
-0.1727711409330368
0.17907890677452087
-0.30161887407302856
0.27473387122154236
0.1062038242816925
-0.15998870134353638
0.12175481021404266
-0.06008158624172211
-0.116757333278656
0.13482271134853363
-0.025616496801376343
0.03195831924676895
-0.004627892281860113
0.20648320019245148
0.23851454257965088
0.19802752137184143
0.004306994844228029
0.023328466340899467
0.19275732338428497
0.011470734141767025
0.28384384512901306
0.2747977375984192
0.04752976447343826
0.10881467163562775
0.06538055837154388
0.08894837647676468
-0.41248640418052673
-0.007001596037298441
0.07102862000465393
0.11381436884403229
-0.22704185545444489
0.17595437169075012
0.2023867815732956
-0.060716692358255386
-0.09999019652605057
-0.03713308647274971
0.024029728025197983
-0.04133390262722969
-0.12148068845272064
0.13706351816654205
-0.12128321081399918
0.07847289741039276
-0.18698512017726898
-0.2480846792459488
0.1622043251991272
0.12720073759555817
0.23209331929683685
-0.057069096714258194
-0.10489125549793243
0.004875430837273598
0.029916398227214813
-0.03801155835390091
0.16345424950122833
0.06642328947782516
-0.0016449680551886559
-0.004476772155612707
0.1456691324710846
-0.08719806373119354
-0.14107577502727509
-0.08201296627521515
-0.0816136822104454
0.1444721519947052
0.12661166489124298
0.13796114921569824
0.1336335390806198
0.0013520873617380857
0.01247337181121111
0.14388447999954224
-0.14362531900405884
0.07568588852882385
-0.0849786102771759
0.051414016634225845
0.0048361727967858315
0.08095649629831314
0.1079353392124176
0.09366492927074432
-0.04562284052371979
0.2030591368675232
0.15700426697731018
-0.04383790120482445
-0.01831192895770073
-0.008345533162355423
-0.08699443191289902
0.037923116236925125
0.12608790397644043
-0.1909801959991455
-0.0017742239870131016
-0.1604163497686386
-0.12126288563013077
-0.021581079810857773
-0.0920957550406456
0.02671707794070244
-0.3065444231033325
-0.12047091871500015
-0.060979556292295456
0.08332046866416931
0.010298731736838818
-0.01069622952491045
0.08405029773712158
-0.2916451096534729
-0.03776337578892708
-0.12368126958608627
0.11372078210115433
-0.09685160964727402
-0.19474074244499207
-0.1414453238248825
-0.06426648795604706
-0.11367489397525787
-0.0037755309604108334
0.0213876161724329
-0.09881464391946793
0.16347362101078033
-0.16765598952770233
-0.06369203329086304
0.13944745063781738
0.06662247329950333
0.28865036368370056
-0.13427437841892242
0.14696720242500305
-0.05032080039381981
-0.02864026091992855
-0.1272657811641693
-0.1171189695596695
0.05857963487505913
0.034562669694423676
0.17277567088603973
0.1773417443037033
0.018429424613714218
0.0763678103685379
-0.09033499658107758
-0.021870940923690796
-0.0005845344276167452
0.008421700447797775
0.17769131064414978
-0.18553493916988373
-0.1228422001004219
0.1959741860628128
-0.08108656108379364
0.088216632604599
-0.2936202585697174
0.25557419657707214
-0.1954030990600586
-0.14439623057842255
-0.11955247819423676
0.018448879942297935
-0.00605431105941534
-0.017834097146987915
0.154627725481987
-0.11523803323507309
-0.15470317006111145
-0.09235828369855881
-0.12174651026725769
0.1483246088027954
-0.04917339235544205
-0.05393553152680397
0.03374316170811653
-0.005242183338850737
-0.147585928440094
0.19326184689998627
-0.12952548265457153
-0.11209126561880112
-0.017478758469223976
0.05392971634864807
0.060688115656375885
0.07204540818929672
-0.24180704355239868
-0.08728177100419998
-0.3045257031917572
-0.2092667669057846
0.09361720085144043
0.13289935886859894
-0.09406407922506332
0.10191065818071365
0.1287282556295395
-0.004289740230888128
0.01724330149590969
-0.15772712230682373
-0.1739722639322281
-0.01563436910510063
-0.1660379022359848
0.0862668976187706
-0.16286207735538483
0.05979905650019646
-0.24042774736881256
-0.11221553385257721
0.007489689625799656
-0.02605290338397026
0.053453296422958374
-0.04296154901385307
-0.017669640481472015
-0.04033778980374336
-0.026353811845183372
0.09213805943727493
0.1639900654554367
0.19598715007305145
-0.11806095391511917
0.08045945316553116
0.07803937047719955
0.1532301902770996
0.13669279217720032
-0.01414584182202816
0.05537886545062065
0.1607166826725006
0.1465141773223877
-0.07654978334903717
-0.05092955008149147
0.24263976514339447
0.10945779085159302
0.043144457042217255
-0.08983969688415527
0.13563309609889984
-0.0039033477660268545
0.03456640616059303
0.01786726713180542
0.2123558670282364
0.012667663395404816
-0.07476623356342316
-0.07562027871608734
-0.12591508030891418
0.057411085814237595
0.12560829520225525
-0.17965087294578552
0.201369509100914
0.1918334662914276
-0.05569629371166229
-0.056321922689676285
0.14488112926483154
0.1768030971288681
0.10892947763204575
0.11367492377758026
0.0656338781118393
-0.3087378144264221
-0.0309551153331995
0.013208850286900997
-0.21495421230793
-0.1378089040517807
0.15316803753376007
0.07878002524375916
-0.032372623682022095
0.03861435502767563
0.09152678400278091
-0.13446761667728424
0.21597450971603394
-0.003608992090448737
0.16930347681045532
-0.012241678312420845
0.14221549034118652
-0.04720590263605118
-0.062380317598581314
0.13589657843112946
-0.09565103054046631
-0.18482235074043274
0.049424223601818085
-0.12515580654144287
0.007933801971375942
0.18693919479846954
0.06313592195510864
0.09834643453359604
-0.04779945686459541
0.07707339525222778
0.18468302488327026
-0.06121689826250076
0.026154471561312675
-0.054886285215616226
-0.09173497557640076
0.09473931044340134
-0.14037136733531952
0.0911257416009903
0.006406601518392563
-0.027721796184778214
0.1983904242515564
-0.05337364599108696
0.1226184144616127
0.0729670450091362
-0.11785058677196503
0.20162634551525116
0.1783122718334198
-0.05807309225201607
-0.01862475275993347
-0.08864065259695053
0.06339643895626068
0.13430333137512207
0.0827745571732521
-0.13336731493473053
-0.2723299264907837
-0.23579339683055878
-0.12442541122436523
0.2383733093738556
-0.07715132087469101
-0.13168907165527344
0.16193914413452148
0.0667639747262001
-0.14713431894779205
-0.02533845044672489
-0.025644417852163315
-0.09663331508636475
-0.23350603878498077
0.004748278297483921
-0.17978563904762268
0.0912647396326065
-0.09029337763786316
0.10456796735525131
-0.09452439844608307
-0.10854629427194595
-0.14107155799865723
0.2734932005405426
-0.19843553006649017
0.2367001324892044
0.1150142028927803
-0.04589209705591202
0.05201754719018936
0.09261096268892288
0.12122614681720734
0.045014768838882446
0.07226494699716568
-0.03747405856847763
-0.06027693673968315
-0.13209187984466553
0.005615095607936382
0.12812231481075287
-0.006768483202904463
0.1590551882982254
0.09168726950883865
0.1669609546661377
-0.03581232577562332
0.15361139178276062
0.26271769404411316
0.1232469379901886
-0.29143667221069336
0.13289619982242584
-0.2188875526189804
0.19111758470535278
-0.20323236286640167
0.22882921993732452
0.584212064743042
0.005971863400191069
0.20106032490730286
0.18883788585662842
-0.12026946991682053
0.20397335290908813
0.23140975832939148
-0.2902891933917999
0.2102256417274475
-0.16890963912010193
0.6083364486694336
0.07593212276697159
0.10741706937551498
0.19400429725646973
-0.06251481175422668
-0.07928306609392166
-0.28562188148498535
0.003808970097452402
0.03429269418120384
0.4103778302669525
-0.08287310600280762
-0.05749669671058655
0.332141250371933
-0.16808536648750305
0.3807653486728668
-0.2776173949241638
0.6385599970817566
-0.21979041397571564
0.22109158337116241
-0.301358699798584
-0.17936359345912933
0.18325401842594147
-0.1834152191877365
0.2892017066478729
-0.2350572645664215
0.2312839925289154
0.2728199362754822
0.31181880831718445
0.2578531503677368
-0.07691378146409988
-0.3878655433654785
-0.0884079709649086
-0.17840850353240967
0.18118031322956085
0.2507961094379425
0.44082942605018616
-0.2781352698802948
-0.031219875440001488
0.1615605354309082
0.2985330820083618
0.07981548458337784
-0.11430966854095459
-0.004719550721347332
-0.2637459337711334
-0.04137204959988594
-0.26228582859039307
-0.041789378970861435
