-0.0035404153168201447
-0.03485793247818947
0.118451327085495
0.24777424335479736
-0.2380242496728897
0.2744958698749542
-0.17751239240169525
-0.008700111880898476
0.2260102927684784
-0.07932007312774658
0.093277707695961
-0.14019691944122314
-0.2693684697151184
0.09536463022232056
0.1255592405796051
0.14855007827281952
0.1386890858411789
-0.21020212769508362
0.008701018057763577
-0.15028023719787598
0.10646549612283707
-0.04778510332107544
-0.28525424003601074
0.13454943895339966
0.22215555608272552
-0.013883133418858051
0.042835187166929245
0.26701363921165466
-0.06789571791887283
-0.4067850112915039
-0.16998086869716644
0.2698756754398346
-0.13002869486808777
0.06883402168750763
0.025357432663440704
0.004424473270773888
0.0960979014635086
-0.19915050268173218
0.0692334920167923
-0.21846812963485718
-0.06860500574111938
-0.5123201608657837
0.32667121291160583
-0.11771964281797409
0.14185787737369537
0.12832830846309662
-0.13120540976524353
0.06583898514509201
0.2905026972293854
0.05060909688472748
-0.09188602864742279
-0.0834972932934761
-0.0075868829153478146
-0.10961402952671051
0.028408726677298546
0.13474248349666595
0.08651594072580338
0.2885443866252899
0.10468124598264694
0.2079530656337738
-0.03187018632888794
-0.254417359828949
-0.2790658473968506
-0.15546922385692596
0.05129225179553032
-0.3855089247226715
0.22415123879909515
0.17077764868736267
-0.03794947266578674
-0.12656360864639282
0.09373999387025833
0.056540630757808685
0.06122751906514168
-0.16946043074131012
0.196628138422966
-0.30895185470581055
-0.042533740401268005
0.13906434178352356
0.02802686206996441
0.24885053932666779
-0.24761295318603516
0.13422609865665436
-0.10451025515794754
0.0184493288397789
-0.07294680178165436
-0.007892652414739132
-0.24654874205589294
0.14261280000209808
0.17165283858776093
0.11082034558057785
0.14018994569778442
-0.145484060049057
-0.2164943367242813
-0.022559095174074173
0.15996533632278442
0.31835994124412537
0.03422170504927635
-0.2708987593650818
0.19289825856685638
-0.027819674462080002
-0.040478285402059555
-0.0007914175512269139
0.1410287320613861
0.20346520841121674
0.05729345604777336
-0.1875952184200287
-0.06055748090147972
-0.09579779952764511
0.11471625417470932
-0.30369168519973755
0.1414606124162674
0.17204365134239197
0.1812461018562317
0.13324449956417084
0.2176428586244583
-0.16687966883182526
-0.2591475546360016
-0.03466656804084778
-0.05496023967862129
0.13320289552211761
0.0962182953953743
0.056064363569021225
0.15405096113681793
-0.17491237819194794
0.22409293055534363
-0.11659883707761765
0.12156230956315994
0.00012084966874681413
-0.21022750437259674
0.0031615744810551405
0.11749409139156342
-0.240727499127388
0.15156544744968414
0.13287049531936646
-0.10647910833358765
0.018964510411024094
0.12660765647888184
-0.055075760930776596
-0.0890640914440155
-0.030442053452134132
0.18182040750980377
0.08837275952100754
0.10041585564613342
0.14486698806285858
-0.02189703844487667
0.14543549716472626
-0.19639544188976288
-0.1374826282262802
-0.013350043445825577
-0.15978974103927612
0.24519717693328857
0.09098970144987106
0.030724097043275833
0.15701007843017578
-0.18199138343334198
0.12468624114990234
-0.12764042615890503
0.0012446045875549316
-0.12347360700368881
-0.1791669875383377
-0.11452822387218475
-0.019252315163612366
0.04067124426364899
-0.014336228370666504
-0.06439787149429321
-0.18034034967422485
-0.1967344582080841
0.08535066246986389
0.045010730624198914
0.0
-0.0016486616805195808
-0.17667745053768158
0.04685625433921814
-0.13800708949565887
0.241904616355896
-0.005180888809263706
0.1685190498828888
-0.011799789033830166
-0.3142107129096985
-0.26001662015914917
0.32259318232536316
0.10363797098398209
0.348985493183136
0.09992685914039612
0.09234271943569183
-0.15726476907730103
0.035134267061948776
0.13434787094593048
-0.19297270476818085
0.020845018327236176
-0.09760844707489014
0.09069976210594177
0.16721029579639435
0.07261723279953003
-0.21530862152576447
0.23762072622776031
0.044527940452098846
-0.03416759520769119
0.236472025513649
-0.21358250081539154
0.07755615562200546
0.24659617245197296
-0.1768258661031723
-0.0619836151599884
-0.020171750336885452
0.20033510029315948
-0.2880449891090393
-0.010800419375300407
0.08913654834032059
0.032376278191804886
0.19620949029922485
0.08094529062509537
0.27969810366630554
-0.1241174042224884
0.05274159461259842
0.1508132666349411
0.1442267894744873
0.16608604788780212
-0.24818938970565796
-0.2228715419769287
-0.05888752639293671
-0.06457514315843582
-0.0709153264760971
-0.11026067286729813
-0.18804000318050385
0.22135703265666962
0.2445666640996933
0.2384445071220398
-0.04225912690162659
0.20789343118667603
0.10010914504528046
-0.059632837772369385
-0.19008144736289978
0.12166167050600052
0.17678003013134003
0.16741235554218292
-0.16478058695793152
0.0705118179321289
0.1743880808353424
-0.10228337347507477
-0.14385181665420532
0.18763232231140137
-0.07637091726064682
0.034440185874700546
0.13055583834648132
-0.018330641090869904
0.09116824716329575
0.2337762713432312
0.05258281156420708
-0.22820153832435608
-0.05526126176118851
0.03803608939051628
0.1255444586277008
-0.06646032631397247
0.02894315868616104
0.21945978701114655
-0.08433839678764343
0.0805789977312088
0.17396998405456543
0.21442165970802307
0.19898861646652222
0.10994428396224976
0.06495775282382965
-0.21952947974205017
0.03131704404950142
-0.2768377959728241
-0.069822758436203
0.06362475454807281
-0.012149308808147907
-0.15381339192390442
0.24247147142887115
0.008826698176562786
0.0704343393445015
-0.06345270574092865
-0.16987603902816772
-0.021588055416941643
0.043808434158563614
-0.051461055874824524
-0.18958032131195068
0.0760350376367569
-0.05488312244415283
0.006989799905568361
-0.09131095558404922
-0.042499180883169174
0.24883712828159332
0.1643238663673401
0.15663506090641022
0.2283046692609787
0.04223265498876572
0.13459661602973938
-0.0984082892537117
0.060315169394016266
-0.12941822409629822
-0.08181362599134445
-0.10733390599489212
-0.022390639409422874
0.09127093106508255
-0.04813079535961151
0.1469036191701889
-0.27868717908859253
0.1897542029619217
0.0067250290885567665
0.02028370276093483
0.07499336451292038
0.15754319727420807
-0.015811463817954063
0.08161450177431107
-0.20103523135185242
0.05199260637164116
-0.23103557527065277
0.30162689089775085
-0.13178880512714386
0.01674758829176426
0.06513617187738419
-0.03404828906059265
0.12985658645629883
0.25954684615135193
0.1560376137495041
0.28018975257873535
-0.008508522063493729
-0.1845230758190155
0.14055398106575012
-0.0479789599776268
0.09438695758581161
0.11001766473054886
0.22077256441116333
-0.17262475192546844
-0.15807917714118958
-0.19495168328285217
-0.05834360420703888
-0.35343992710113525
-0.033934906125068665
-0.07366891205310822
-0.05746366083621979
0.3988049626350403
0.2627805471420288
0.16211847960948944
0.005502223968505859
-0.2424268275499344
0.11188814789056778
-0.0116922277957201
0.027765506878495216
-0.01326829381287098
-0.21101079881191254
0.07340478152036667
0.1294078826904297
-0.04603981226682663
-0.14550891518592834
0.12066273391246796
0.21829308569431305
-0.17119786143302917
0.17290900647640228
0.0009881705045700073
-0.048817653208971024
0.21284662187099457
0.08572941273450851
-0.08307347446680069
0.10740558803081512
0.1585603505373001
0.13588207960128784
0.14551953971385956
0.029630212113261223
0.11033301800489426
-0.021858826279640198
-0.032290998846292496
-0.23845604062080383
-0.011645191349089146
0.0993204116821289
0.16373030841350555
0.20095817744731903
0.16942806541919708
-0.2861291766166687
-0.22539663314819336
0.017779788002371788
0.08045516908168793
-0.014653617516160011
-0.011753319762647152
0.10982803255319595
-0.03193870559334755
-0.03283713757991791
-0.027407392859458923
-0.2948009669780731
0.25520768761634827
-0.22119538486003876
0.19333945214748383
0.08811990916728973
-0.6545255184173584
0.12427271902561188
-0.4293442964553833
0.1419888287782669
0.12431752681732178
0.01718786545097828
0.08331631869077682
0.05404570698738098
-0.08938329666852951
0.030459288507699966
-0.18351152539253235
0.17546607553958893
-0.0797673687338829
0.06312570720911026
-0.016864830628037453
-0.05894624814391136
-0.21748733520507812
-0.007386107463389635
0.2338072657585144
0.06812167167663574
0.21995487809181213
0.029029162600636482
0.047318700700998306
0.038580141961574554
0.3566555082798004
-0.14974981546401978
-0.1313944011926651
0.07409381866455078
-0.030695566907525063
0.1759757250547409
-0.23059722781181335
-0.008514659479260445
-0.1845124214887619
-0.048397261649370193
0.1280587911605835
0.17148169875144958
-0.02406180277466774
0.0705997496843338
0.18653669953346252
0.14015576243400574
0.03198075294494629
-0.1218741238117218
0.06628561019897461
-0.1489286571741104
0.1890912503004074
-0.10753471404314041
0.010075956583023071
0.1470566689968109
0.2095145732164383
0.06470312923192978
0.05040586739778519
-0.41204655170440674
0.03179062157869339
0.06692896783351898
-0.24296152591705322
0.0004588766023516655
-0.004024627152830362
0.15895728766918182
-0.10257802158594131
0.06761935353279114
0.0791257843375206
-0.006850953679531813
0.08588859438896179
0.1359596848487854
-0.1050143763422966
-0.005502595100551844
-0.13169527053833008
-0.1873650997877121
0.12130770832300186
-0.15483060479164124
0.3411969244480133
0.2004944235086441
0.02316485345363617
-0.18135762214660645
0.0384858213365078
-0.188487246632576
-0.11199156939983368
0.21407677233219147
0.09381932765245438
0.004733495879918337
0.22514328360557556
-0.04891107976436615
0.21089547872543335
-0.12041249126195908
-0.19441676139831543
-0.011480473913252354
0.06811241805553436
-0.16685304045677185
0.06825737655162811
0.07906188815832138
0.16404728591442108
0.16579686105251312
-0.21868033707141876
0.1826956421136856
0.105817511677742
-0.21045458316802979
0.07576288282871246
0.1296604424715042
0.08478884398937225
0.14441408216953278
0.11817226558923721
-0.06678194552659988
-0.23331423103809357
0.2098330855369568
-0.20969675481319427
-0.12318062782287598
-0.10393870621919632
-0.12350503355264664
-0.08213762938976288
0.23314522206783295
0.061279915273189545
-0.25545579195022583
-0.03865485638380051
0.35074949264526367
-0.012391564436256886
0.09185625612735748
-0.14129230380058289
0.12250834703445435
0.11393830180168152
-0.20543637871742249
-0.00181200064253062
0.07678365707397461
-0.07886254042387009
0.01946965977549553
0.123556949198246
0.013316689990460873
0.12014657258987427
-0.08577689528465271
-0.0575195774435997
-0.17505045235157013
0.035922013223171234
-0.1591314673423767
-0.3327333629131317
0.08878928422927856
0.2109101563692093
-0.17120471596717834
0.23614369332790375
0.2275262176990509
-0.003550108755007386
0.02087363414466381
0.04636731371283531
0.14260166883468628
-0.1691284477710724
-0.13411128520965576
0.18932223320007324
-0.18875929713249207
-0.2013872116804123
-0.15551356971263885
-0.1099538654088974
-0.07584993541240692
-0.026056542992591858
0.13940319418907166
0.1887153685092926
-0.13452193140983582
-0.18418319523334503
0.022225379943847656
0.03543682396411896
0.0
-0.18397055566310883
-0.010392696596682072
0.2046947479248047
-0.047143060714006424
-0.05844346061348915
0.20312637090682983
-0.1491866409778595
-0.31113356351852417
0.08678002655506134
-0.2687591016292572
0.2300601452589035
0.04305260255932808
0.257951557636261
0.0819486752152443
-0.18533267080783844
0.12172681838274002
0.1565316617488861
-0.08147130161523819
-0.011409120634198189
-0.19664619863033295
-0.08495775610208511
0.1396067887544632
0.1600036770105362
-0.056981127709150314
-0.16132062673568726
0.16584254801273346
-0.2012222856283188
-0.16301052272319794
0.011674449779093266
-0.13767263293266296
0.14176823198795319
-0.037136830389499664
-0.1987447440624237
-0.009965735487639904
0.028558552265167236
-0.07772868871688843
0.0669909417629242
-0.09267374873161316
-0.09310457855463028
0.09293022006750107
0.26739978790283203
-0.10685880482196808
-0.22934657335281372
-0.1761402040719986
0.02994200959801674
0.15398243069648743
0.07699926197528839
0.012591964565217495
0.047263745218515396
0.10947633534669876
0.01731659099459648
0.23235519230365753
0.3165730834007263
-0.11218740791082382
-0.17762188613414764
0.18450011312961578
0.33119523525238037
0.03185142204165459
-0.07828881591558456
-0.285251259803772
-0.1428476870059967
-0.0679345354437828
0.025879904627799988
-0.02460991032421589
-0.12023092061281204
0.06053430587053299
-0.09344083815813065
0.1615975946187973
-0.08435782790184021
0.0580623485147953
-0.06008653715252876
0.2591024935245514
-0.06370936334133148
0.3150564730167389
0.07066068053245544
-0.17562495172023773
-0.2515247166156769
0.0753515362739563
0.2150404155254364
-0.015585826709866524
-0.07329384982585907
-0.0020807350520044565
-0.06912912428379059
-0.09065531194210052
0.1008954793214798
-0.10236309468746185
-0.00031389330979436636
0.2505434453487396
0.2054627537727356
-0.4099578559398651
-0.07855375111103058
0.09403201192617416
0.13226597011089325
-0.21363480389118195
0.05629682540893555
-0.2870164215564728
0.009791896678507328
-0.10348363220691681
0.058191534131765366
-0.12232177704572678
0.218139186501503
0.2637922167778015
0.2152353823184967
0.007698515895754099
0.18239398300647736
-0.1453033685684204
-0.21428361535072327
-0.03190718963742256
0.10669059306383133
0.05669655650854111
-0.029387321323156357
0.12303324043750763
-0.12538307905197144
0.13791178166866302
-0.0879218801856041
-0.10805565118789673
-0.3600196838378906
0.20245930552482605
0.051591966301202774
0.024685220792889595
0.1624184399843216
0.06371850520372391
-0.06503811478614807
0.13902787864208221
-0.1564345508813858
-0.050757136195898056
-0.035232629626989365
-0.03582068905234337
0.1564013659954071
0.006609668489545584
0.0003912307438440621
-0.2324391007423401
0.15165291726589203
0.3031768798828125
-0.14497217535972595
-0.05964841693639755
-0.09049475193023682
0.16627934575080872
0.22319024801254272
-0.0001809634268283844
-0.010866866447031498
-0.017390264198184013
0.29750198125839233
-0.08906860649585724
-0.1703534722328186
-0.03902561590075493
-0.22568318247795105
-0.18586035072803497
-0.055958133190870285
0.24469752609729767
0.20095685124397278
-0.04194847494363785
0.1085766926407814
-0.2661222815513611
-0.08874540776014328
0.13552331924438477
-0.103480763733387
0.2316710203886032
-0.023926377296447754
-0.023862123489379883
-0.31742748618125916
0.34054869413375854
0.0785004198551178
0.15828070044517517
-0.09969829022884369
0.1377056986093521
0.11398936063051224
0.2774527072906494
-0.1161869615316391
-0.01369013637304306
0.21027790009975433
-0.0940203070640564
0.09895450621843338
0.1984388381242752
0.01800617389380932
0.05075276270508766
-0.08934008330106735
-0.10076956450939178
-0.2159252017736435
0.19331611692905426
-0.0016224044375121593
-0.26166290044784546
0.06919510662555695
0.10499575734138489
0.12185768038034439
-0.02665778063237667
0.032371535897254944
0.12283063679933548
-0.11879140138626099
0.11115173250436783
0.10706154257059097
0.08135489374399185
0.16467522084712982
0.008226988837122917
-0.16425536572933197
-0.11060240119695663
0.06821376085281372
-0.030156441032886505
-0.05319157987833023
-0.21903209388256073
0.07613411545753479
0.05350421369075775
0.1108860895037651
-0.002786331344395876
0.11355994641780853
0.14633655548095703
0.1509099304676056
0.10024204105138779
0.008899817243218422
0.23128247261047363
-0.04711275175213814
-0.1345754712820053
0.2723124623298645
0.16713929176330566
-0.0068777864798903465
-0.13345128297805786
0.268650621175766
-0.2619147300720215
-0.21728867292404175
-0.12832975387573242
0.08908537030220032
0.3952467441558838
-0.02283698320388794
0.0004345617489889264
-0.07939538359642029
-0.5187363624572754
0.06865338236093521
0.24491699039936066
-0.23064328730106354
0.07239332795143127
-0.11559346318244934
0.1022573858499527
0.10380788892507553
-0.32117781043052673
0.262195348739624
-0.44541335105895996
-0.13044753670692444
-0.04455183446407318
0.11421966552734375
0.10175269842147827
0.05231544375419617
-0.0063648223876953125
0.061118870973587036
0.04903748631477356
-0.10993493348360062
0.08030945062637329
0.03733040392398834
-0.11477832496166229
-0.045030638575553894
-0.2018534541130066
0.06961497664451599
-0.20375914871692657
-0.027104303240776062
-0.20275865495204926
0.0
-0.11645980924367905
0.04691250994801521
0.053378596901893616
0.12776218354701996
-0.34080973267555237
-0.015552650205790997
-0.14299003779888153
0.04152941703796387
0.2838602662086487
-0.2225659191608429
0.10387114435434341
0.13952893018722534
-0.10787490755319595
0.10115804523229599
-0.2430819869041443
0.16458295285701752
-0.007585600018501282
0.09599569439888
0.019081786274909973
-0.18905402719974518
0.013078615069389343
0.18636080622673035
-0.021880879998207092
-0.1221083477139473
-0.1354229599237442
-0.1629302203655243
-0.17941290140151978
-0.07194957137107849
-0.002136528491973877
-0.0999261811375618
-0.1470714956521988
0.029483437538146973
0.1148245632648468
0.0
0.23516663908958435
0.1382323056459427
-0.06035514175891876
-0.12902720272541046
-0.19528771936893463
-0.12285055965185165
-0.03723357990384102
0.20629434287548065
-0.010657909326255322
0.12832950055599213
0.22795358300209045
0.051004573702812195
-0.18216915428638458
-0.07469256222248077
0.133854478597641
-0.2873229682445526
-0.01935822144150734
-0.07654392719268799
-0.12989890575408936
0.11607876420021057
0.03762975335121155
-0.10544846951961517
0.08999723196029663
0.10710251331329346
0.12386173009872437
-0.1522669941186905
-0.1695374995470047
-0.06142990291118622
0.03995944559574127
-0.16264504194259644
-0.1563173532485962
0.02871844172477722
-0.04218396544456482
0.0
0.025614125654101372
-0.0528600737452507
0.0742354616522789
0.09132447838783264
0.12886914610862732
-0.12884099781513214
0.009681498631834984
-0.0451931357383728
-0.23122084140777588
0.16637365520000458
-0.05331594869494438
-0.15260878205299377
0.017851831391453743
0.22143392264842987
-0.05694492161273956
0.17324590682983398
-0.06313921511173248
-0.03452295809984207
0.14115478098392487
0.061345480382442474
-0.17209869623184204
-0.2601187825202942
0.09139646589756012
0.1954166442155838
0.01210913248360157
-0.03558390587568283
0.13799044489860535
-0.15291662514209747
0.13832204043865204
-0.2214595228433609
0.1668856292963028
0.051818158477544785
0.04440912976861
0.03105882555246353
0.061427392065525055
0.02782330848276615
-0.19260641932487488
-0.15668675303459167
0.1918884664773941
-0.2233155071735382
-0.0005520099075511098
0.0769047886133194
-0.06751768290996552
0.2393559366464615
0.03078846074640751
-0.2198457419872284
-0.08066534250974655
0.16474319994449615
0.318478524684906
0.017202436923980713
-0.0760779157280922
0.005717340391129255
-0.03497294709086418
0.07886917144060135
0.008283798582851887
-0.01105112861841917
-0.1457226723432541
-0.057630982249975204
0.1279899924993515
0.07846702635288239
-0.07801665365695953
-0.13737615942955017
0.23604904115200043
0.15930260717868805
-0.004632883705198765
0.20849071443080902
0.038474973291158676
-0.020893311128020287
0.1870546191930771
0.16213415563106537
-0.01886501908302307
0.07279381155967712
-0.09201785176992416
0.03483538702130318
0.20701245963573456
0.10144608467817307
0.02926727943122387
0.08736910670995712
0.1541139781475067
0.03281739726662636
-0.0001381910260533914
-0.20087623596191406
0.19365929067134857
-0.15919221937656403
-0.10565470904111862
0.12675875425338745
0.04169698432087898
0.0824749693274498
0.09437766671180725
0.20735687017440796
-0.16918841004371643
0.15538980066776276
0.05138181522488594
0.021785356104373932
0.1581934690475464
0.11641620844602585
-0.12407708913087845
0.14466048777103424
-0.1761368066072464
-0.18656709790229797
0.06297152489423752
0.07107937335968018
-0.2017701268196106
0.014523595571517944
-0.06447403132915497
-0.15284232795238495
0.10463538765907288
-0.16086776554584503
-0.16680747270584106
-0.049925073981285095
0.037387728691101074
-0.10924722254276276
-0.06475396454334259
0.15183696150779724
-0.0954183042049408
-0.015303581953048706
0.16109251976013184
-0.0639687180519104
0.0
-0.18847444653511047
-0.1657879799604416
0.10043910890817642
0.02651060000061989
0.01780031993985176
0.100489541888237
0.06561284512281418
0.09011726081371307
0.23577216267585754
-0.18590764701366425
0.17370399832725525
-0.14899970591068268
-0.39441168308258057
0.2084360271692276
0.07309236377477646
0.020387625321745872
0.03826811909675598
0.07237295806407928
-0.11005596816539764
0.1207374781370163
-0.025954918935894966
-0.2567523419857025
-0.08054789900779724
0.07900767028331757
0.20044443011283875
0.2884294390678406
0.2615622878074646
-0.17793360352516174
-0.08958584815263748
-0.45542392134666443
0.12094289809465408
0.02777331881225109
0.11656894534826279
-0.11524366587400436
0.21982747316360474
-0.11175060272216797
-0.14832384884357452
0.0008878590888343751
0.21818004548549652
-0.0787903293967247
0.019052231684327126
0.26956018805503845
0.13799528777599335
0.127211794257164
0.1650313287973404
-0.17789678275585175
0.23058487474918365
-0.03532113507390022
-0.22553330659866333
0.03493089601397514
0.027711573988199234
0.07795624434947968
0.04248899221420288
0.14253705739974976
0.11622615158557892
-0.0716068297624588
0.03269825503230095
-0.07191800326108932
-0.08900639414787292
0.01493955310434103
-0.06644570827484131
0.1684163510799408
0.10224650055170059
0.1778545081615448
-0.23632016777992249
-0.04186892509460449
0.0994492694735527
0.11068122088909149
0.104087233543396
0.022083062678575516
0.10891930758953094
0.20015501976013184
-0.14403367042541504
0.001769418129697442
-0.06709233671426773
-0.08873334527015686
0.08311808109283447
0.08726745843887329
0.3278481960296631
-0.0069297561421990395
0.014906574971973896
0.02858421579003334
-0.2056291699409485
-0.19048593938350677
0.0707755759358406
-0.039364442229270935
0.012389004230499268
-0.19848409295082092
-0.0077661871910095215
0.1559705138206482
-0.13640111684799194
-0.10703321546316147
-0.18160808086395264
0.1754394769668579
-0.018013447523117065
-0.1130053848028183
-0.2023632824420929
0.16395413875579834
-0.1900830864906311
-0.14783653616905212
-0.11534237116575241
0.0
-0.01539623737335205
-0.17837205529212952
-0.19072091579437256
-0.1718212366104126
-0.19380202889442444
-0.07485698163509369
-0.03174509108066559
0.10828658938407898
-0.06492789089679718
-0.12041804939508438
0.10192269086837769
0.05405837297439575
0.0015141218900680542
0.04439111053943634
-0.1454567313194275
-0.20145875215530396
0.0
0.30374351143836975
0.0459069162607193
0.15455187857151031
-0.11737153679132462
-0.23826982080936432
-0.041910190135240555
0.16106955707073212
-0.2621347904205322
0.21623937785625458
0.2299719601869583
0.014820203185081482
-0.14307084679603577
0.08191121369600296
-0.1230042576789856
-0.2760653793811798
-0.21954259276390076
-0.0369703434407711
0.26441165804862976
-0.06222254037857056
-0.10567666590213776
0.030192095786333084
0.017304854467511177
0.1091008260846138
0.10299052298069
-0.15513254702091217
-0.2709008753299713
0.12286609411239624
-0.10624063014984131
-0.2121669501066208
0.15039144456386566
-0.04251585900783539
0.33768731355667114
-0.025888998061418533
-0.02094009891152382
-0.010642126202583313
0.044283077120780945
0.010829783976078033
-0.17075522243976593
0.10990604758262634
-0.10629339516162872
0.02332833968102932
0.10177724808454514
-0.12217845022678375
-0.061931535601615906
0.17692400515079498
0.25489741563796997
-0.2545561194419861
-0.06793181598186493
0.12921035289764404
0.11054176092147827
-0.16026748716831207
0.05106165632605553
-0.09269898384809494
-0.1862884908914566
0.1933394819498062
-0.22354553639888763
-0.24901838600635529
0.2525440454483032
0.4228261709213257
-0.2028794139623642
-0.1982695758342743
0.15090736746788025
-0.05544562265276909
0.1645587980747223
0.018863262608647346
-0.21828538179397583
0.14717429876327515
0.0779527947306633
0.20678402483463287
-0.07592817395925522
-0.06686412543058395
-0.019784079864621162
-0.15920458734035492
-0.188898965716362
-0.03945985436439514
0.08772564679384232
0.31586790084838867
-0.17243149876594543
0.21878217160701752
0.061419300734996796
-0.04893968999385834
0.25731804966926575
-0.03400067985057831
0.11628124117851257
-0.03659855201840401
-0.019599370658397675
-0.01401634979993105
0.07908900827169418
-0.05816248804330826
-0.1757851392030716
-0.016093973070383072
0.046419233083724976
0.3199506998062134
0.11822395026683807
-0.1948918104171753
0.1355045884847641
-0.011519397608935833
-0.6563247442245483
0.15052586793899536
-0.008360536769032478
-0.09414514154195786
0.08654259145259857
0.07895409315824509
-0.13920672237873077
0.15708675980567932
0.16550956666469574
0.05039236694574356
-0.11712118238210678
0.2078695297241211
-0.14293430745601654
-0.03292503207921982
-0.10007501393556595
0.11215157806873322
0.1910560131072998
0.3223699927330017
0.015509785152971745
-0.18218187987804413
-0.05820668116211891
0.15423326194286346
0.047322992235422134
-0.03967619687318802
-0.2748996317386627
0.09485184401273727
0.14727358520030975
-0.12950551509857178
-0.14392352104187012
-0.024600494652986526
0.22023098170757294
0.18598824739456177
0.037941090762615204
-0.12628915905952454
-0.29826197028160095
-0.06515824794769287
-0.10150359570980072
0.3654373586177826
-0.0007934309542179108
0.015953371301293373
0.054569076746702194
0.19120775163173676
0.1816004067659378
-0.32027024030685425
0.020567862316966057
0.22615167498588562
0.0602538101375103
-0.10534994304180145
-0.13511420786380768
-0.16067953407764435
0.017661413177847862
-0.06997589021921158
0.26454901695251465
-0.1764880120754242
-0.10602132976055145
0.11692386120557785
0.12518271803855896
-0.1787046641111374
0.03293976932764053
-0.05330315977334976
-0.05128411203622818
-0.12899509072303772
0.017870701849460602
0.110926553606987
-0.016942329704761505
0.013190883211791515
0.03910718485713005
-0.1405533403158188
0.07281036674976349
0.0158299021422863
0.03175733983516693
-0.09182313829660416
-0.0054008192382752895
-0.16241712868213654
0.01385477650910616
-0.15114793181419373
0.1256757378578186
0.16130386292934418
-0.16022959351539612
-0.16385698318481445
-0.0004348738002590835
0.18404746055603027
0.04905006289482117
-0.13975033164024353
-0.19203759729862213
0.16148066520690918
-0.006750740576535463
-0.0774889811873436
-0.10756264626979828
-0.006556841544806957
-0.10496842861175537
0.11546549201011658
0.08433054387569427
-0.005651629995554686
0.18625739216804504
-0.12425242364406586
0.05941002815961838
-0.0858134925365448
-0.1846407800912857
0.07959499210119247
-0.09637535363435745
0.2075985223054886
-0.07714227586984634
-0.11588243395090103
0.2911064326763153
0.1198887974023819
-0.10526052862405777
0.12178072333335876
-0.1281781792640686
0.13038370013237
0.08002298325300217
-0.1787935346364975
0.01051672175526619
-0.1615581214427948
0.012712671421468258
-0.11980380862951279
-0.09692102670669556
-0.11844482272863388
-0.20387378334999084
0.08366569131612778
-0.0985742062330246
0.13618750870227814
0.11254788935184479
-0.012484692968428135
0.06707680225372314
0.09882274270057678
-0.056479111313819885
0.024006351828575134
-0.18883156776428223
-0.14030376076698303
-0.046241432428359985
0.16386064887046814
-0.06440575420856476
-0.040136247873306274
-0.18919993937015533
-0.17676925659179688
0.14609938859939575
-0.014144957065582275
0.07375034689903259
-0.15548451244831085
0.0
0.08348087221384048
0.0837697759270668
-0.006966365035623312
-0.13588303327560425
-0.050312407314777374
0.1471896469593048
0.12750551104545593
-0.05822061002254486
0.1572158932685852
-0.05343526601791382
-0.22311227023601532
-0.15178045630455017
-0.10241395235061646
-0.12100065499544144
0.056184135377407074
-0.18226489424705505
-0.027217037975788116
0.1501312553882599
-0.0561814159154892
-0.01232057809829712
-0.13267070055007935
-0.14755281805992126
-0.19861368834972382
-0.14289461076259613
0.02638743817806244
0.08782625198364258
-0.10666972398757935
-0.11997293680906296
-0.16248486936092377
0.07537496089935303
-0.08306083083152771
0.10921934247016907
0.0525892972946167
0.0
0.1995178759098053
-0.19269806146621704
-0.20188459753990173
0.09525391459465027
-0.14593352377414703
0.03289148211479187
-0.16596129536628723
-0.16765354573726654
-0.02640092372894287
-0.04892711341381073
-0.001361653208732605
-0.16879922151565552
-0.1965329349040985
0.11835747957229614
-0.12051377445459366
-0.06671012938022614
0.0
0.07726553827524185
-0.00470241904258728
-0.05321121960878372
0.08205162733793259
0.06745164096355438
-0.020915156230330467
-0.1628139764070511
0.04557991772890091
0.10247040539979935
-0.2672378122806549
0.031073354184627533
0.2949518859386444
-0.10126182436943054
-0.04144361987709999
0.2827717363834381
0.16521523892879486
-0.0132036367431283
0.09725382924079895
-0.15722334384918213
-0.16405019164085388
-0.15663012862205505
-0.14179380238056183
0.01536567509174347
0.04597780108451843
-0.09434349089860916
0.08179876208305359
0.11457055807113647
0.14666703343391418
-0.19505253434181213
-0.07186771929264069
-0.09703370183706284
-0.005984634160995483
-0.19523215293884277
0.0
0.021565906703472137
-0.005557680502533913
-0.0628763809800148
-0.21053704619407654
0.2056574821472168
-0.19932368397712708
0.07700314372777939
0.20196937024593353
-0.06272213906049728
0.1424402892589569
0.1727377474308014
0.15941394865512848
0.22729477286338806
0.08790885657072067
-0.2774527370929718
0.015266118571162224
0.008738774806261063
0.15051572024822235
-0.002148052677512169
-0.13625049591064453
0.11995160579681396
-0.10556380450725555
0.32373708486557007
-0.05338258296251297
0.22798039019107819
0.060792189091444016
0.29227402806282043
-0.082037054002285
-0.14006412029266357
0.09933090955018997
-0.09002495557069778
-0.3068329691886902
-0.24358418583869934
0.14498479664325714
0.17965076863765717
-0.23052409291267395
-0.06873100250959396
0.17921370267868042
0.0014229398220777512
0.016398083418607712
-0.02417008951306343
0.24802200496196747
0.09804978966712952
-0.030351074412465096
0.03557351604104042
0.11692260205745697
0.28228798508644104
0.06566476821899414
-0.2363533079624176
-0.18672314286231995
-0.05835895985364914
0.008280913345515728
-0.08334890007972717
0.08518911153078079
-0.10205776244401932
-0.09884008765220642
0.1596134752035141
0.19027380645275116
0.07717669010162354
-0.15377546846866608
0.1644977331161499
-0.2456158846616745
0.028535811230540276
0.0414641797542572
0.18080486357212067
-0.01149359717965126
-0.08547063171863556
0.009377490729093552
-0.15540198981761932
0.2184055745601654
-0.11422958970069885
0.05901649221777916
0.16415946185588837
0.13857705891132355
-0.16584660112857819
0.1631116420030594
-0.06217648461461067
-0.17088021337985992
0.2987997531890869
-0.10094389319419861
-0.08509030938148499
-0.07523147761821747
-0.1473846584558487
0.001957945991307497
0.16010884940624237
-0.13469232618808746
0.18836405873298645
-0.08637165278196335
0.07492672652006149
0.07679253071546555
0.13354440033435822
-0.24622640013694763
0.25311365723609924
-0.16495518386363983
0.1342620998620987
0.12743884325027466
0.16230574250221252
-0.27210158109664917
-0.020859919488430023
0.1568353921175003
0.18330645561218262
-0.07264552265405655
-0.07503966242074966
-0.15167129039764404
-0.032575130462646484
-0.059725094586610794
-0.28087684512138367
-0.05255654826760292
-0.045191194862127304
-0.24788638949394226
-0.22388982772827148
0.11597760021686554
0.325365275144577
-0.015055639669299126
-0.630273163318634
0.2449956238269806
0.08487730473279953
0.13664190471172333
0.0899469405412674
-0.1702055186033249
-0.030373141169548035
-0.013741002418100834
-0.05119366571307182
0.05995408818125725
0.20526419579982758
0.1571130007505417
0.22241616249084473
-0.163592129945755
0.1787460446357727
-0.0037183265667408705
-0.12380412220954895
0.017146036028862
-0.20420199632644653
0.18358004093170166
0.18735146522521973
-0.021786361932754517
0.2017708420753479
-0.0009968942031264305
-0.10967639088630676
-0.0736568495631218
-0.23155540227890015
-0.1856737583875656
0.141115203499794
-0.31296083331108093
-0.056662578135728836
-0.03047393634915352
0.17735077440738678
0.03168303519487381
0.12496355175971985
0.03867577761411667
0.2396589070558548
0.2895730435848236
-0.05996601656079292
0.0927513912320137
0.17052939534187317
-0.0629473403096199
-0.1506776064634323
-0.1428677886724472
-0.05754096806049347
-0.011175859719514847
0.23538221418857574
0.010739635676145554
0.08072639256715775
-0.039869293570518494
0.19707590341567993
-0.08651738613843918
0.1297963708639145
-0.21409939229488373
0.04044056683778763
-0.10749536752700806
0.037652239203453064
-0.1899976283311844
-0.040963977575302124
-0.1204053983092308
0.1964048445224762
0.05554714798927307
0.1793525516986847
0.13502418994903564
0.04587477445602417
-0.17649823427200317
-0.11719094216823578
-0.19347698986530304
0.0022575706243515015
-0.05982443690299988
-0.08764545619487762
-0.09257819503545761
0.0
0.16687768697738647
0.14775949716567993
-0.01788303814828396
-0.25946474075317383
0.08851894736289978
-0.23112249374389648
0.22122183442115784
-0.14676019549369812
-0.09672148525714874
-0.11387109756469727
0.023965967819094658
0.1866685003042221
0.2952587604522705
0.12191816419363022
-0.1713837832212448
0.17593924701213837
-0.05329995974898338
0.003186429152265191
-0.09349849820137024
-0.16874955594539642
0.27695322036743164
-0.11867774277925491
-0.06639766693115234
-0.18233729898929596
-0.11137855798006058
-0.09945760667324066
0.1996850222349167
-0.004345949273556471
0.18597480654716492
0.06928479671478271
-0.03157799318432808
0.23407161235809326
0.17172779142856598
-0.06202052906155586
-0.07866369932889938
-0.22592438757419586
-0.02066313847899437
0.14538073539733887
-0.21801194548606873
0.10923943668603897
0.21595042943954468
0.051456231623888016
0.17654995620250702
0.16036002337932587
-0.07075654715299606
0.21611766517162323
0.11681173741817474
-0.24401812255382538
-0.30137935280799866
-0.12117650359869003
0.02936212718486786
0.041709452867507935
0.18416278064250946
0.19862531125545502
0.030972175300121307
-0.2384277880191803
0.240014910697937
-0.10341563075780869
-0.2339603751897812
-0.19378618896007538
0.017679477110505104
0.3720929026603699
-0.10918287187814713
-0.14885841310024261
-0.09628262370824814
-0.24995438754558563
0.14695248007774353
0.10218415409326553
-0.1422935575246811
0.04810232296586037
0.08655483275651932
-0.1476607471704483
0.31389108300209045
-0.003815039526671171
-0.02381468191742897
0.25230371952056885
-0.33582624793052673
-0.17457804083824158
0.22273315489292145
-0.12984254956245422
0.1918381154537201
0.30054107308387756
-0.017972076311707497
-0.040953271090984344
-0.012382603250443935
0.31319791078567505
0.17909981310367584
-0.23652444779872894
-0.0599711574614048
-0.21677933633327484
-0.08866018801927567
0.15074461698532104
-0.0070360563695430756
0.032897088676691055
0.2509712874889374
0.010491442866623402
-0.2793811559677124
-0.3519596755504608
0.11850431561470032
0.0997798964381218
-0.09433577209711075
-0.056592416018247604
0.08629240095615387
0.023658528923988342
0.14363205432891846
0.09232226759195328
-0.20901308953762054
0.035328835248947144
-0.11406808346509933
-0.07797741889953613
-0.25863179564476013
0.13197878003120422
-0.15431800484657288
0.06950390338897705
0.2577049136161804
0.2594548463821411
0.035855770111083984
-0.10136537998914719
0.06970951706171036
-0.13259606063365936
0.16936852037906647
-0.06742631644010544
-0.20691236853599548
-0.20909114181995392
0.1538265496492386
0.03003271296620369
-0.1444285362958908
0.09217336028814316
-0.1256856918334961
-0.15265798568725586
0.13195861876010895
0.30786141753196716
0.1581130027770996
-0.20566338300704956
0.1890951246023178
0.12564054131507874
0.12057999521493912
0.04780694097280502
0.14737170934677124
-0.18327723443508148
-0.17902494966983795
-0.11997069418430328
0.15021765232086182
-0.045035719871520996
-0.09977661818265915
0.05092146247625351
-0.18153968453407288
-0.15046629309654236
0.02924344129860401
0.024249400943517685
-0.09563184529542923
-0.18831853568553925
-0.001739686937071383
0.060471076518297195
-0.019983092322945595
0.1608772724866867
-0.23592399060726166
-0.1221272349357605
0.09624525904655457
-0.2184961438179016
0.0822528824210167
0.23317986726760864
0.021497750654816628
-0.009486814960837364
0.14030960202217102
0.2472931444644928
0.05453059449791908
-0.07104827463626862
-0.11319606751203537
0.0680822804570198
0.01504108589142561
0.07876051962375641
0.15990135073661804
-0.028957070782780647
-0.04400372505187988
-0.2484935224056244
-0.18832628428936005
0.2267000526189804
0.08711808919906616
-0.024939021095633507
-0.023736396804451942
0.04526648670434952
-0.004892950411885977
0.1974508911371231
-0.023673763498663902
0.040253132581710815
-0.013089531101286411
-0.19198556244373322
0.10223478823900223
0.06830227375030518
0.1333455741405487
-0.21081574261188507
-0.005842071026563644
-0.1422004997730255
-0.1524423360824585
0.09878843277692795
0.1257786899805069
0.14947175979614258
0.16356444358825684
-0.13592343032360077
0.08849038183689117
0.1603633612394333
-0.12416961789131165
0.013706286437809467
0.10943465679883957
0.04741701856255531
0.00037640577647835016
0.05241962522268295
0.004318404942750931
-0.0312652513384819
-0.22440898418426514
-0.21629057824611664
0.23797781765460968
-0.041048258543014526
0.03928195685148239
-0.20108669996261597
0.21268914639949799
0.20454168319702148
-0.01976141706109047
0.18497754633426666
0.00505251158028841
-0.0740826278924942
0.018193436786532402
-0.09834276884794235
0.1778930127620697
0.20712731778621674
-0.15287333726882935
-0.14003542065620422
0.016283219680190086
-0.046082232147455215
-0.19001835584640503
-0.007904408499598503
0.30094942450523376
-0.17905347049236298
0.04636993631720543
0.009389899671077728
0.2138841599225998
0.043727025389671326
-0.18340016901493073
-0.11224939674139023
0.14669917523860931
-0.1498163640499115
0.247874453663826
-0.05422409996390343
0.03607597202062607
0.04222569242119789
0.08449722826480865
0.08603420853614807
0.19902439415454865
-0.2903813123703003
-0.0061769974417984486
0.18655544519424438
0.1371683031320572
-0.08764949440956116
0.11158530414104462
0.07646545022726059
-0.11324136704206467
-0.009157925844192505
0.3003004491329193
-0.11296118050813675
0.26894837617874146
-0.08835571259260178
-0.05292404443025589
-0.3650315999984741
-0.1002725288271904
0.09274362772703171
0.22176265716552734
-0.29515811800956726
0.008338598534464836
0.07147583365440369
-0.05687221512198448
0.062128353863954544
-0.07267250120639801
0.0038225464522838593
-0.08555618673563004
0.2941180467605591
-0.23782968521118164
0.09051956236362457
-0.06576783210039139
-0.17699936032295227
-0.01675979420542717
0.20314954221248627
-0.09650445729494095
0.32463008165359497
-0.6143776178359985
-0.0929536297917366
-0.38535982370376587
0.01959669217467308
0.054715048521757126
0.08315044641494751
0.002694719471037388
-0.20978640019893646
0.25903549790382385
0.28735587000846863
0.11687014251947403
0.19024600088596344
-0.1794157773256302
0.34667807817459106
-0.21032309532165527
0.22674298286437988
-0.13002613186836243
-0.06885148584842682
-0.11721554398536682
0.21327649056911469
-0.2256268858909607
0.05757081136107445
0.16766734421253204
-0.011528472416102886
0.1055598109960556
-0.20079340040683746
0.20660820603370667
0.1288183480501175
0.021436797454953194
0.26612532138824463
-0.1359742432832718
0.12578976154327393
0.047876276075839996
-0.17191354930400848
0.18133364617824554
-0.0651804730296135
0.08697132766246796
-0.10984691977500916
0.09664131700992584
-0.12398763746023178
0.09284088015556335
0.22990578413009644
0.02248518541455269
0.07788828015327454
0.17757172882556915
0.016891678795218468
0.15405552089214325
-0.15170493721961975
-0.02944936417043209
0.04640280455350876
0.04119465500116348
0.11508467048406601
0.05967191606760025
-0.024410247802734375
0.17396627366542816
0.09231766313314438
-0.17242640256881714
0.11994647979736328
0.06317342817783356
0.11978244036436081
-0.20664073526859283
-0.038285981863737106
-0.17871510982513428
-0.059822358191013336
0.15653172135353088
-0.05044853687286377
-0.09796097874641418
0.07239068299531937
-0.02318424917757511
0.10767346620559692
0.24334324896335602
0.16902273893356323
0.05960588529706001
0.06876019388437271
0.2295985370874405
0.12440386414527893
-0.2293611466884613
-0.2363589107990265
-0.2537744343280792
-0.2337196171283722
-0.21153292059898376
0.1333843469619751
0.3315361738204956
0.1098080649971962
-0.08597396314144135
0.09553292393684387
-0.05984148010611534
-0.11568660289049149
0.18266575038433075
-0.030124587938189507
-0.20496337115764618
0.14009952545166016
0.06562512367963791
0.20681680738925934
-0.3099086880683899
0.1217632070183754
0.17002026736736298
-0.30826425552368164
-0.08263488858938217
0.06300746649503708
-0.141517773270607
-0.03380293771624565
-0.008283772505819798
0.13963718712329865
-0.008581044152379036
0.1996934562921524
-0.03929606452584267
-0.08939751237630844
0.07464969158172607
0.05293942987918854
0.03200108930468559
0.05799604579806328
-0.014034176245331764
0.013101020827889442
-0.17641308903694153
0.10433242470026016
0.0918722003698349
-0.05902567505836487
-0.21299703419208527
0.24935980141162872
0.15469826757907867
-0.047507669776678085
0.052724312990903854
0.038631994277238846
-0.1891918033361435
0.0321471244096756
0.05790603160858154
0.009987682104110718
0.047882080078125
-0.20159463584423065
0.014258310198783875
-0.1542775183916092
0.0649714469909668
-0.19561541080474854
0.1566084325313568
0.010771021246910095
-0.05350707471370697
-0.08884212374687195
-0.1958996206521988
-0.08405699580907822
0.0
-0.028328919783234596
-0.22123412787914276
0.16250333189964294
0.00019128905842080712
-0.0750456228852272
-0.04646378755569458
-0.04055458679795265
0.44274863600730896
0.1816527247428894
0.07065586745738983
0.22194217145442963
0.18719102442264557
0.1375066637992859
-0.17739729583263397
-0.3960626721382141
-0.13324661552906036
0.00675054220482707
0.14972859621047974
0.07485637068748474
0.14916251599788666
-0.08700206130743027
-0.2065258026123047
0.1108587458729744
0.14592218399047852
-0.2219974398612976
0.06642597168684006
-0.013786504045128822
0.14952966570854187
-0.1250305026769638
0.24684511125087738
0.03863195329904556
-0.0683937594294548
0.05728858709335327
-0.06677504628896713
0.009055240079760551
-0.04181584715843201
-0.008211702108383179
0.10144854336977005
0.06194222718477249
-0.06360135227441788
0.21624672412872314
-0.12124284356832504
0.3370726406574249
0.0803162157535553
-0.08453810214996338
-0.22181710600852966
-0.5034156441688538
0.025911737233400345
-0.13006992638111115
0.12312065064907074
0.052455607801675797
-0.034033678472042084
0.09908349066972733
-0.22749063372612
-0.21298907697200775
0.035790976136922836
-0.008201167918741703
0.01383289322257042
-0.04041139781475067
0.13467104732990265
0.1139659434556961
0.06112135574221611
0.09911730885505676
-0.04874787479639053
-0.018362736329436302
0.08758016675710678
0.13496428728103638
0.04151742905378342
0.06487643718719482
0.09877551347017288
-0.05192359536886215
-0.13986852765083313
-0.2664857506752014
0.08050182461738586
-0.20862145721912384
-0.044830575585365295
0.05546293407678604
0.14376801252365112
0.21548999845981598
0.09521865844726562
0.15547141432762146
0.09538587927818298
0.08119510114192963
-0.1316332072019577
-0.02148829959332943
0.13626141846179962
-0.08837076276540756
-0.11517847329378128
0.18717963993549347
-0.1634461134672165
-0.18460579216480255
0.021993128582835197
0.3014305531978607
0.025728343054652214
-0.22943180799484253
0.18026670813560486
0.23998749256134033
-0.173721581697464
0.20573580265045166
-0.11270450055599213
0.0035233974922448397
-0.024802889674901962
0.034133825451135635
-0.10025350749492645
0.13402822613716125
0.059949640184640884
-0.08172177523374557
-0.03296765685081482
-0.18851542472839355
-0.0585060678422451
0.03843546286225319
-0.029471218585968018
-0.20217493176460266
-0.20956547558307648
-0.18859632313251495
-0.08630434423685074
-0.20306281745433807
0.11033657193183899
-0.005424349568784237
0.20994867384433746
-0.10379265248775482
-0.07009144127368927
0.0427558608353138
0.006494762841612101
-0.08226723968982697
-0.008814623579382896
0.10392031818628311
0.02864532731473446
-0.02770468220114708
0.06823085993528366
0.20010875165462494
-0.14428651332855225
-0.00823669508099556
-0.06807223707437515
0.165090873837471
-0.13763122260570526
0.05602240562438965
0.3559739887714386
0.36385583877563477
-0.20121589303016663
0.1396477371454239
0.18893368542194366
0.13621240854263306
-0.13330788910388947
0.002398311858996749
-0.004872128367424011
-0.15933628380298615
0.2824477553367615
0.16856299340724945
0.21223099529743195
0.11547551304101944
-0.22434277832508087
-0.16619235277175903
-0.25787684321403503
0.04383491352200508
-0.7239525318145752
0.03290516883134842
0.02116342820227146
0.38878560066223145
0.2549595534801483
-0.214547261595726
-0.21287664771080017
-0.2656623423099518
-0.08582618832588196
-0.013494608923792839
0.1605016142129898
0.03226612135767937
0.1199285238981247
0.4861123263835907
0.027279553934931755
0.026916375383734703
-0.11313015222549438
0.0013456579763442278
-0.42796528339385986
-0.17235060036182404
0.047867655754089355
-0.1154947280883789
0.4172511100769043
0.12003377825021744
-0.08903782069683075
-0.18481479585170746
0.4880467355251312
0.022241011261940002
0.14600582420825958
0.00350382924079895
-0.2300197184085846
-0.03273499011993408
0.09162373095750809
0.02259138785302639
0.09273736923933029
0.06502138078212738
-0.032222069799900055
-0.07826640456914902
0.16479383409023285
0.26433634757995605
-0.2415039986371994
0.12854169309139252
0.006246278528124094
0.24138619005680084
-0.03379178047180176
0.017401427030563354
0.6030944585800171
-0.18318283557891846
-0.013345465995371342
-0.4345872700214386
0.2403264194726944
-0.29223257303237915
0.06147189810872078
-0.08805495500564575
-0.20229589939117432
-0.10036510229110718
-0.07766164839267731
-0.06078750267624855
0.04125766456127167
0.15521059930324554
0.07918539643287659
-0.12003068625926971
0.1255980283021927
0.08003319054841995
-0.008007273077964783
-0.043853361159563065
-0.11803561449050903
-0.22615352272987366
-0.18723030388355255
0.09030308574438095
0.036640699952840805
0.29078394174575806
-0.033312465995550156
0.3506775200366974
-0.17070120573043823
0.049236834049224854
0.08189845085144043
-0.04273010790348053
-0.22559663653373718
0.35344967246055603
0.10722168534994125
0.1452159583568573
-0.21972878277301788
0.027385350316762924
0.12990063428878784
-0.15773679316043854
-0.1297801434993744
0.07252682745456696
0.27842777967453003
-0.08979123830795288
0.09128294885158539
0.04784109815955162
-0.23885086178779602
0.2612411379814148
0.06504173576831818
0.0834653452038765
-0.0970245972275734
-0.1106034591794014
0.07050349563360214
0.07310842722654343
0.1408160775899887
-0.18329836428165436
0.03657175973057747
0.11867526918649673
-0.05224611610174179
0.1175970584154129
0.042281415313482285
0.11420005559921265
0.14785704016685486
-0.05575123429298401
0.048628777265548706
0.23179875314235687
-0.08173220604658127
0.2933686077594757
-0.14513851702213287
-0.18581797182559967
-0.07318875193595886
-0.02344377525150776
0.2240312248468399
-0.16189827024936676
0.06406186521053314
0.04369281232357025
0.016023581847548485
0.1826079934835434
0.26851171255111694
0.028920430690050125
0.03367225453257561
0.19564847648143768
0.07909561693668365
0.23390723764896393
0.0445714145898819
-0.09682758152484894
-0.10572072863578796
0.21000726521015167
0.07863655686378479
-0.04016469046473503
0.09036359190940857
0.13786950707435608
-0.024373196065425873
-0.05897943675518036
0.11084283888339996
0.12780706584453583
-0.21554456651210785
0.1077435240149498
-0.23389360308647156
-0.1227821484208107
0.10161297023296356
-0.06720229238271713
-0.08910326659679413
0.11197013407945633
0.14930352568626404
0.10384643822908401
-0.07701323926448822
-0.03042774461209774
0.20129577815532684
-0.12414225935935974
-0.1566164195537567
0.05430012196302414
0.03820712864398956
-0.36603689193725586
-0.17570750415325165
-0.03851289674639702
0.019406775012612343
0.2418951839208603
-0.09632398933172226
0.0415315106511116
0.22302818298339844
-0.12477696686983109
0.2386055737733841
0.07088803499937057
0.19709500670433044
-0.03267349675297737
0.014588890597224236
0.06185121834278107
-0.07924547046422958
-0.22220487892627716
-0.28009581565856934
-0.019312208518385887
0.2407904863357544
-0.12608180940151215
0.022481413558125496
0.027858978137373924
0.2623121440410614
-0.13261336088180542
0.06991370767354965
-0.16983188688755035
-0.11610175669193268
-0.13751226663589478
-0.15575949847698212
0.14932580292224884
0.13562847673892975
-0.17504934966564178
-0.0863131508231163
0.1048637181520462
-0.07619856297969818
0.028091339394450188
-0.15130431950092316
0.09866677224636078
0.013380009680986404
-0.0031504184007644653
-0.0005128124612383544
0.1514400839805603
-0.22670596837997437
0.1476743370294571
-0.12257854640483856
-0.12968826293945312
-0.19369728863239288
0.18192031979560852
0.08761746436357498
-0.22412027418613434
-0.05517815798521042
-0.1934911459684372
0.08033030480146408
-0.1494508683681488
0.012155772186815739
0.04602747783064842
-0.04668508470058441
0.09823250770568848
-0.2953513264656067
0.09481489658355713
-0.16884765028953552
0.5831628441810608
-0.022065535187721252
0.22442999482154846
0.17258764803409576
-0.05661936476826668
-0.01635104976594448
0.14824576675891876
-0.10316629707813263
0.10002674162387848
-0.06003865972161293
0.039380498230457306
0.035093944519758224
-0.07608188688755035
0.029374800622463226
0.012467923574149609
-0.028330501168966293
0.02581016719341278
0.05612507462501526
-0.16211490333080292
0.0428740531206131
-0.1370532065629959
-0.11085118353366852
-0.10696651041507721
0.13374660909175873
-0.009895795956254005
-0.02001865766942501
0.03808461129665375
-0.14057929813861847
-0.08930925279855728
-0.05708643049001694
0.14422407746315002
-0.12152853608131409
0.10960309207439423
-0.09984881430864334
-0.027571825310587883
0.09665508568286896
0.10706941783428192
-0.14883172512054443
0.0032925321720540524
-0.18234874308109283
-0.05026508867740631
0.14999961853027344
0.08674974739551544
-0.1128135398030281
0.060527898371219635
0.08808447420597076
0.16014666855335236
0.0918126106262207
-0.10135507583618164
0.1095883697271347
-0.04192410409450531
-0.0635569840669632
-0.1736634373664856
-0.13650429248809814
0.04454733803868294
0.11707256734371185
-0.1002703607082367
0.018968705087900162
-0.005269698332995176
-0.17402732372283936
-0.02860434353351593
-0.1417173594236374
-0.10962390899658203
-0.17145401239395142
0.16756989061832428
0.14915144443511963
0.05024823546409607
0.1305963695049286
-0.036377742886543274
-0.0005991460639052093
-0.15973703563213348
-0.02244412899017334
0.052054211497306824
0.05618317797780037
-0.151859849691391
-0.13699592649936676
-0.08121969550848007
-0.1373327076435089
-0.15386748313903809
-0.15373705327510834
-0.08665781468153
0.16978789865970612
-0.15936768054962158
-0.06570908427238464
-0.06123895198106766
0.05390818417072296
-0.14423350989818573
-0.04085272550582886
-0.13903027772903442
-0.158427432179451
0.14108382165431976
0.00915972888469696
-0.05652254819869995
-0.022049572318792343
0.0013596020871773362
-0.06093902885913849
0.023015514016151428
-0.05627491697669029
-0.013726294040679932
-0.1553502082824707
0.09160306304693222
-0.010903388261795044
-0.012499913573265076
0.027633115649223328
0.16429384052753448
0.027615899220108986
0.10851229727268219
-0.10321518778800964
-0.11257915943861008
0.07597322762012482
-0.009757831692695618
-0.1155627965927124
-0.10563647747039795
-0.18279410898685455
-0.15560343861579895
-0.06809881329536438
-0.07632402330636978
-0.07787689566612244
-0.11018222570419312
-0.12096503376960754
0.14103257656097412
-0.025841623544692993
-0.11855962872505188
0.1478230059146881
-0.110321544110775
-0.04967853054404259
-0.15442600846290588
0.09807412326335907
0.0726398378610611
-0.16989099979400635
0.06097734346985817
0.005973309278488159
-0.13266095519065857
0.0593535378575325
-0.12554623186588287
0.08707848936319351
0.1566239446401596
-0.17536738514900208
-0.01728615164756775
-0.0009835369419306517
-0.1428038328886032
-0.007416687905788422
-0.10561595857143402
-0.07328860461711884
0.052595943212509155
0.04380231723189354
-0.0065522645600140095
0.2612017095088959
-0.05514136329293251
-0.018781254068017006
0.578453004360199
-0.05900168418884277
0.07988648116588593
-0.05417602136731148
0.024315234273672104
0.08866442739963531
0.08805601298809052
-0.3180740177631378
-0.16395136713981628
0.1957787126302719
0.1400109976530075
0.080005943775177
0.07618129998445511
-0.0019072405993938446
-0.03646901249885559
-0.05259876698255539
0.16537511348724365
-0.1427222639322281
-0.1407555192708969
0.08927000313997269
-0.16427193582057953
-0.004533767234534025
-0.09686260670423508
0.14755503833293915
0.38630184531211853
0.11151047050952911
0.23767787218093872
-0.28985705971717834
0.03144766390323639
-0.327419638633728
0.14283570647239685
0.1801251769065857
-0.1379348635673523
0.09690289199352264
0.15474539995193481
0.209237203001976
-0.1151561290025711
0.02177615277469158
-0.1899881362915039
-0.2107791304588318
-0.06043101102113724
0.06065961346030235
0.2845556437969208
0.0030993521213531494
0.050169363617897034
0.171433225274086
-0.12889952957630157
0.05671781301498413
0.05387599766254425
0.1769435852766037
-0.2496342808008194
-0.10759738087654114
0.10665295273065567
0.07369557023048401
0.029284730553627014
0.1164073795080185
0.007991817779839039
0.1511654257774353
0.020290939137339592
-0.09253254532814026
0.17086394131183624
0.054689034819602966
0.06628834456205368
-0.20578163862228394
-0.07616113126277924
0.29796862602233887
0.0820605680346489
-0.09888855367898941
-0.03329940140247345
0.019745295867323875
0.17521978914737701
0.04859832674264908
-0.14953163266181946
-0.04038974270224571
-0.09267250448465347
0.14924006164073944
-0.06754477322101593
-0.10925259441137314
0.0837615579366684
-0.040848031640052795
0.15711452066898346
-0.11652813106775284
0.13087454438209534
0.09687154740095139
0.011795670725405216
0.3254745602607727
-0.021122269332408905
-0.04310028254985809
-0.0888628289103508
0.14917051792144775
0.039255354553461075
-0.0407632440328598
0.025491518899798393
-0.23717638850212097
0.10624638199806213
0.010729370638728142
-0.20778189599514008
-0.25537052750587463
-0.18230652809143066
0.07743102312088013
0.13540126383304596
0.011505615897476673
0.11091000586748123
0.12724334001541138
-0.0497736856341362
-0.21859262883663177
-0.12930046021938324
0.0073748137801885605
-0.2222622185945511
-0.06661304831504822
0.10035473108291626
-0.03649798780679703
0.051703400909900665
-0.12707075476646423
0.14209851622581482
-0.07505365461111069
-0.08906606584787369
0.08578545600175858
0.07413958013057709
-0.14583925902843475
0.12013024091720581
-0.12486022710800171
0.02548936754465103
0.04911475628614426
0.06944187730550766
0.10974644124507904
-0.031094616279006004
0.32796984910964966
-0.15212136507034302
0.19374483823776245
-0.010553239844739437
0.11002553999423981
0.08750519156455994
0.01284907478839159
0.06580662727355957
0.06761619448661804
-0.3454124331474304
0.016058100387454033
0.008757712319493294
0.05623629689216614
0.03537304699420929
0.17667829990386963
0.0019349930807948112
-0.0720183253288269
0.12690550088882446
-0.152428537607193
0.13034681975841522
-0.10686196386814117
-0.6274973750114441
-0.005580363795161247
0.1301209181547165
0.08451418578624725
-0.09349946677684784
-0.052056360989809036
0.00747941667214036
0.24217142164707184
0.08316989243030548
-0.1199236661195755
0.022681817412376404
-0.006286243442445993
0.06472843885421753
0.20668722689151764
-0.12384290248155594
0.0767529085278511
0.12224698811769485
0.13493788242340088
0.13250002264976501
0.022140489891171455
0.08605514466762543
0.05436449870467186
0.1252283751964569
-0.35149672627449036
0.0493900328874588
0.29473987221717834
-0.14540885388851166
0.19003310799598694
0.1361740678548813
0.15971221029758453
0.08752455562353134
-0.13633598387241364
-0.15271195769309998
0.17859740555286407
-0.08526329696178436
0.10837487876415253
0.15150099992752075
0.13026219606399536
-0.18555210530757904
0.08137036859989166
-0.029561880975961685
-0.14881975948810577
-0.004431486129760742
0.04232243075966835
0.09948176890611649
-0.17899517714977264
-0.20660541951656342
0.11506124585866928
0.30131053924560547
0.030622607097029686
0.1722314953804016
0.11289513856172562
-0.04068782553076744
-0.022470368072390556
0.038099247962236404
-0.1457812637090683
0.023532435297966003
0.04794248193502426
0.17180325090885162
-0.027631431818008423
-0.0986366868019104
-0.05538736283779144
-0.06767639517784119
-0.2406650185585022
0.005550388712435961
0.11092426627874374
0.05230524390935898
0.10655629634857178
-0.3307742476463318
-0.02501077950000763
0.236729696393013
-0.05700996518135071
-0.03589823842048645
0.2007739245891571
-0.0031434171833097935
0.18709474802017212
-0.1643131524324417
-0.2367127686738968
-0.173445463180542
0.184793621301651
0.1884208619594574
0.1672833263874054
-0.029275352135300636
0.18405848741531372
0.10302965342998505
0.036390114575624466
0.0013384819030761719
-0.12829799950122833
-0.03958933800458908
-0.6661863327026367
-0.08381807804107666
0.08947606384754181
0.07368751615285873
-0.11197149008512497
-0.08686268329620361
-0.04688065126538277
0.14850743114948273
0.14554224908351898
0.17206202447414398
-0.06965914368629456
-0.008036513812839985
0.07901477068662643
-0.14648471772670746
-0.0726686418056488
-0.11684131622314453
0.11549244076013565
0.010756930336356163
0.10030604153871536
0.5686877369880676
-0.2694665789604187
-0.023850703611969948
0.04791170731186867
0.2758392095565796
-0.04790852218866348
-0.0025088773109018803
-0.15282687544822693
-0.1708116978406906
-0.11769391596317291
0.06568917632102966
-0.007474916055798531
-0.06267879158258438
0.18169289827346802
0.13325253129005432
0.09892686456441879
-0.179500013589859
0.09177488088607788
0.3264654874801636
-0.14276373386383057
-0.10980724543333054
-0.1384730190038681
-0.13920430839061737
-0.11843711137771606
0.023188306018710136
-0.20161734521389008
0.24834518134593964
0.015172852203249931
-0.1802496761083603
-0.05022599175572395
0.14864911139011383
-0.07327651977539062
-0.1114804744720459
-0.11184944957494736
-0.4364727735519409
0.2434159517288208
-0.2343554049730301
-0.25313496589660645
-0.08883707970380783
-0.1626265048980713
0.2136927992105484
0.14692288637161255
0.18849192559719086
-0.010839065536856651
-0.5564444065093994
-0.10342558473348618
-0.19973640143871307
0.13462676107883453
-0.21291302144527435
0.08612985908985138
0.02224787324666977
-0.04892873391509056
0.03689567372202873
-0.0750952661037445
-0.10634879767894745
-0.0272747203707695
0.06602679193019867
0.09985346347093582
0.051224466413259506
-0.02578013576567173
0.19606125354766846
0.006347403395920992
0.16926641762256622
0.02589067816734314
-0.3705599308013916
-0.12269358336925507
-0.05048815533518791
0.08067435771226883
-0.21888546645641327
0.05733156576752663
0.13601535558700562
0.4024012088775635
-0.15516294538974762
-0.03298170492053032
0.04316739737987518
-0.09712906926870346
0.06037893891334534
0.04434472322463989
0.10171137750148773
-0.0030027031898498535
-0.05417408049106598
-0.08562033623456955
-0.05134771764278412
0.011324702762067318
0.28369659185409546
0.16128604114055634
0.016827262938022614
0.06816381961107254
0.05699734762310982
0.18146157264709473
0.19983798265457153
-0.23883292078971863
0.0851268619298935
0.05706357955932617
-0.09973911195993423
0.25989803671836853
-0.04686572030186653
0.19998228549957275
0.08379669487476349
-0.19022895395755768
0.017981749027967453
-0.15004771947860718
0.1558561474084854
0.05302129313349724
-0.09704338759183884
0.0606810562312603
-0.1921701431274414
0.052630238234996796
0.27126544713974
0.15552324056625366
0.7530657052993774
-0.039708543568849564
-0.054082658141851425
0.18979927897453308
0.017112210392951965
0.41017624735832214
0.03305588290095329
-0.17669010162353516
0.045108720660209656
0.07929617911577225
0.0696171373128891
0.17583529651165009
0.012384171597659588
0.09738906472921371
-0.09443648904561996
-0.17220231890678406
-0.1255185604095459
0.02949177660048008
0.08464575558900833
-0.09573715925216675
0.09598803520202637
-0.009884454309940338
-0.03428835794329643
-0.13222943246364594
0.009356738068163395
-0.17009983956813812
-0.051078274846076965
-0.14756560325622559
0.12726731598377228
0.13993029296398163
0.12429887801408768
0.13268232345581055
-0.05369185283780098
-0.12762850522994995
0.036709755659103394
-0.08804269880056381
-0.1572200357913971
-0.10013033449649811
-0.058781951665878296
-0.12458047270774841
-0.06150684505701065
0.10160944610834122
0.14047759771347046
0.022640502080321312
0.15012668073177338
-0.11880618333816528
0.08604121953248978
0.11993209272623062
-0.05985047295689583
-0.033982083201408386
0.022081900388002396
-0.05607810616493225
0.08316174894571304
-0.1742723286151886
-0.046208158135414124
-0.027526091784238815
0.05099545046687126
-0.1087985560297966
0.1469409465789795
0.1154472604393959
-0.14119140803813934
-0.13156381249427795
-0.09819599241018295
-0.14601366221904755
0.08182527124881744
-0.032746944576501846
-0.037279099225997925
0.039420902729034424
-0.13920050859451294
-0.15915347635746002
-0.19491375982761383
-0.11907025426626205
-0.13060760498046875
-0.02378241717815399
-0.04518148675560951
-0.136121928691864
-0.08574547618627548
0.08594038337469101
-0.07957204431295395
0.020731305703520775
-0.09018291532993317
-0.00996696949005127
0.14517013728618622
0.07128743082284927
0.08679328113794327
-0.00022971430735196918
0.0554029755294323
-0.12378336489200592
0.1041768416762352
-0.01621175743639469
-0.13755683600902557
0.06898186355829239
0.04230506718158722
0.12731419503688812
0.10698626935482025
0.0039052069187164307
0.0034896284341812134
0.07924066483974457
0.050042927265167236
0.05262100696563721
-0.10725369304418564
0.1029658168554306
0.13821230828762054
0.10516063868999481
0.12706522643566132
0.07073599845170975
0.002981215715408325
-0.11516382545232773
0.048544321209192276
-0.026840269565582275
0.012613896280527115
-0.18008875846862793
-0.050906434655189514
0.011037725023925304
0.07434013485908508
-0.025554805994033813
0.13148033618927002
-0.13440370559692383
0.061301033943891525
0.12128502875566483
0.07702388614416122
-0.07346659153699875
0.10848473012447357
-0.16504593193531036
0.13914285600185394
-0.009624172002077103
-0.15610022842884064
-0.10199890285730362
-0.026439322158694267
0.040903154760599136
-0.05508968606591225
0.10245449841022491
-0.047309551388025284
-0.09689512848854065
0.08376248180866241
-0.04612987861037254
-0.18413765728473663
0.08519802987575531
0.043908871710300446
0.1317252516746521
0.039330366998910904
0.039096757769584656
-0.14857441186904907
0.12860846519470215
0.004218772053718567
-0.11660902947187424
-0.023764530196785927
0.11567565053701401
0.6967921257019043
0.30493736267089844
-0.16050533950328827
-0.11898472160100937
-0.01862974651157856
-0.009885018691420555
-0.14969298243522644
0.034021347761154175
-0.0696195513010025
-0.08617182821035385
-0.16960853338241577
0.12409297376871109
0.0398094467818737
0.31309059262275696
0.1531047523021698
0.17821957170963287
-0.05192068591713905
0.10605105012655258
-0.07966149598360062
0.11242620646953583
0.12178943306207657
0.15900357067584991
0.13019928336143494
-0.07715730369091034
0.06347676366567612
-0.07741914689540863
0.07870166003704071
0.21400469541549683
0.021026289090514183
0.016317734494805336
0.138295516371727
-0.25556445121765137
0.11926494538784027
-0.0824015662074089
-0.3099285662174225
0.019481133669614792
-0.056889452040195465
-0.0050920238718390465
-0.06449907273054123
0.05331682041287422
0.20563891530036926
0.2688365876674652
0.14866015315055847
-0.11330477893352509
0.15575069189071655
-0.128292977809906
-0.2467268705368042
-0.14529569447040558
-0.13906969130039215
-0.08087272197008133
-0.011305388063192368
-0.10727836191654205
-0.022115062922239304
0.029368875548243523
0.163604274392128
0.12371473014354706
-0.08938326686620712
0.02228735201060772
0.10588876903057098
0.21825356781482697
-0.09057307988405228
0.10916025936603546
0.003593951463699341
-0.1612175554037094
0.4820919930934906
-0.010880234651267529
-0.16373898088932037
0.03062717244029045
0.01763726770877838
0.2579345703125
-0.06894394010305405
-0.29167640209198
0.015445075929164886
-0.04106137529015541
-0.06556304544210434
0.04763536527752876
-0.10496293008327484
0.004020214080810547
-0.12005969882011414
-0.025321871042251587
0.17380623519420624
-0.15455473959445953
0.08629854023456573
0.12338240444660187
0.3733999729156494
0.16990135610103607
0.06785375624895096
-0.22140713036060333
-0.17468596994876862
0.13102179765701294
0.01822095364332199
0.03613534942269325
-0.13880272209644318
-0.007061406970024109
-0.13885557651519775
0.05420660600066185
-0.11978518962860107
-0.08100169897079468
0.026969080790877342
0.019506674259901047
-0.08242728561162949
-0.07538201659917831
-0.06192588806152344
0.07240613549947739
0.04384903237223625
0.057529155164957047
-0.021253196522593498
0.053837213665246964
0.3516719937324524
-0.12746953964233398
0.22412505745887756
0.30291861295700073
0.12636536359786987
-0.04539734497666359
-0.08463545888662338
-0.03699667379260063
-0.011647840961813927
0.2567690312862396
-0.0587531253695488
-0.0521685890853405
0.14302794635295868
0.08918631821870804
0.12547829747200012
0.17112182080745697
-0.017649687826633453
0.11753787100315094
0.10906089097261429
-0.03249470517039299
0.16755221784114838
-0.7574429512023926
-0.17168958485126495
0.5005335807800293
0.09099607914686203
0.07357343286275864
0.017138615250587463
-0.171026811003685
-0.12985648214817047
0.08324511349201202
-0.17332543432712555
0.10344197601079941
-0.05093872919678688
-0.12010281533002853
-0.2233991175889969
0.10441955924034119
-0.001135223195888102
0.10991452634334564
-0.06951186805963516
0.12997257709503174
0.1827770322561264
0.15016846358776093
-0.5434824824333191
-0.19002777338027954
0.20186841487884521
-0.05874815955758095
-0.04280905798077583
0.06448429822921753
-0.1144351214170456
0.0989314615726471
0.01376455370336771
0.05968756973743439
0.21253475546836853
0.08131034672260284
-0.0835723951458931
0.09143085777759552
-0.13740971684455872
0.648672878742218
0.19171862304210663
-0.16773782670497894
0.05835961550474167
0.058456793427467346
-0.11930371820926666
-0.01474275253713131
0.03456631302833557
-0.2613529562950134
-0.1406559944152832
0.07861791551113129
0.08728267252445221
-0.26485490798950195
0.0810655802488327
-0.12818016111850739
-0.07623451203107834
-0.24312229454517365
-0.04284141585230827
-0.11014561355113983
-0.0888475626707077
0.12989266216754913
0.21050283312797546
0.0032029100693762302
-0.1340925246477127
0.1594240814447403
0.031228365376591682
0.10101039707660675
-0.038675546646118164
0.061199869960546494
-0.27149564027786255
-0.006645884830504656
-0.29507845640182495
0.05628785118460655
0.200699120759964
0.14014197885990143
-0.17548610270023346
0.25560441613197327
-0.100021593272686
-0.17194043099880219
0.06643635034561157
0.17982731759548187
0.13661183416843414
-0.13165107369422913
-0.0009896904230117798
0.11516384780406952
0.06729751825332642
0.12125872075557709
0.04687158390879631
-0.1989155113697052
-0.08676829934120178
0.05830284580588341
-0.03797084093093872
0.0115129379555583
0.04960421472787857
-0.17296183109283447
-0.12461646646261215
-0.08587537705898285
-0.1597922295331955
0.14513058960437775
0.10031569749116898
0.04548215866088867
-0.15518860518932343
-0.40483754873275757
-0.4866071045398712
-0.015846366062760353
0.344739705324173
-0.1382669061422348
0.16955770552158356
-0.12142910808324814
0.20492233335971832
-0.1391298472881317
0.13767863810062408
-0.22326254844665527
0.13495033979415894
-0.08396614342927933
-0.1333465725183487
-0.08778984099626541
0.15811066329479218
0.09834925085306168
-0.08180451393127441
0.22266769409179688
0.08199777454137802
-0.08352497965097427
0.11669974774122238
0.18138495087623596
0.15406492352485657
0.0062955040484666824
-0.1308378130197525
-0.10580972582101822
-0.1233661025762558
-0.1440010517835617
0.1250384896993637
0.008627969771623611
0.0019962042570114136
0.05947491526603699
-0.0919516533613205
-0.04729151353240013
0.03612663596868515
-0.11055103689432144
0.07234405726194382
-0.1329137533903122
-0.07613810896873474
-0.16695547103881836
0.11046511679887772
-0.0602380633354187
-0.1409277617931366
-0.08531773835420609
0.052656564861536026
-0.11931021511554718
0.055574581027030945
-0.05941116809844971
-0.12811027467250824
-0.14621137082576752
-0.04692855477333069
-0.16431690752506256
0.0742274671792984
0.11139705032110214
-0.06472499668598175
-0.020869532600045204
-0.1096765547990799
0.037846725434064865
-0.1289844810962677
-0.098006971180439
0.145139679312706
-0.008462941274046898
-0.06589579582214355
-0.04134255275130272
0.10371233522891998
-0.15215393900871277
-0.12771299481391907
-0.12496817857027054
0.04295843094587326
0.055785950273275375
-0.1633763611316681
-0.13376592099666595
-0.1396421641111374
0.12343794107437134
-0.17871779203414917
-0.03803984820842743
0.07555408775806427
0.041005849838256836
-0.12943966686725616
0.07652662694454193
0.017090776935219765
-0.06665430963039398
0.039454009383916855
-0.1861789971590042
-0.14767692983150482
0.1671687215566635
0.16434894502162933
-0.09795107692480087
0.01878414861857891
-0.07304975390434265
-0.17276133596897125
-0.1467391848564148
0.13118846714496613
0.10688154399394989
-0.09881202131509781
0.09994454681873322
0.043177615851163864
0.14868304133415222
0.031060023233294487
0.012894145213067532
0.07510851323604584
-0.12243703752756119
-0.002465996891260147
-0.06180085241794586
0.05871950089931488
-0.07450033724308014
-0.1030343770980835
-0.13761620223522186
0.14400367438793182
-0.10512932389974594
-0.018558472394943237
0.12685979902744293
-0.12478602677583694
0.10509257018566132
0.01847541332244873
-0.16882875561714172
0.11402071267366409
-0.06776441633701324
0.047808434814214706
0.10477329790592194
-0.10713504254817963
-0.1351742446422577
0.0858720988035202
-0.07965214550495148
-0.02013680525124073
-0.06592530012130737
0.13726262748241425
-0.14203724265098572
-0.10942346602678299
0.15332885086536407
0.07615580409765244
0.16033267974853516
0.1491587609052658
0.14088135957717896
-0.1631765067577362
-0.1306433379650116
-0.12867096066474915
-0.18004977703094482
0.01944403350353241
-0.12196168303489685
0.06576497852802277
0.13638488948345184
-0.13200467824935913
0.1597059816122055
0.14273367822170258
0.13016636669635773
-0.06430032849311829
-0.04153396561741829
0.16347165405750275
-0.029860934242606163
0.000412501220125705
-0.09444773197174072
-0.17363223433494568
-0.018200134858489037
-0.14356930553913116
-0.14375299215316772
0.06006031110882759
-0.013263355940580368
-0.18917499482631683
0.025147685781121254
0.05545015260577202
-0.155704528093338
0.11725421249866486
-0.04620462656021118
-0.10355290025472641
-0.07723713666200638
-0.08247752487659454
-0.07789179682731628
-0.0450366847217083
0.024806750938296318
0.10810589045286179
-0.05062555521726608
-0.09285572916269302
0.013469082303345203
0.08914412558078766
-0.19175875186920166
0.15574897825717926
0.2984813451766968
-0.06640302389860153
0.08615535497665405
0.008622705936431885
-0.017106955870985985
0.06896167993545532
0.07476045191287994
-0.041825372725725174
0.10334139317274094
0.015838034451007843
-0.19215494394302368
0.14244940876960754
0.028736606240272522
0.2983028292655945
-0.1650833934545517
-0.023941902443766594
0.3212164044380188
0.2142033725976944
-0.09847148507833481
-0.13068248331546783
-0.0746614933013916
-0.1288028061389923
0.08219931274652481
0.10829516500234604
-0.08867492526769638
0.10623341053724289
-0.16007311642169952
-0.04012472927570343
-0.05383004620671272
0.14737103879451752
-0.0973658636212349
0.11812175810337067
0.1673489362001419
-0.20205962657928467
0.026553019881248474
-0.04533142223954201
0.004242619965225458
-0.06474681198596954
0.09613965451717377
-0.10439056903123856
-0.1350688934326172
0.11588183045387268
-0.16382688283920288
-0.0605284608900547
0.06380125880241394
-0.16509489715099335
-0.06776246428489685
-0.06051923334598541
-0.34491589665412903
-0.0035225350875407457
-0.08481059968471527
-0.18353623151779175
0.1416538953781128
-0.09072332829236984
0.03218932822346687
0.03517322614789009
-0.014279648661613464
-0.19189105927944183
-0.03812140226364136
-0.08019908517599106
0.08674175292253494
-0.07228652387857437
0.12433670461177826
-0.06257855147123337
0.07649751007556915
0.09375379979610443
0.1198703795671463
0.007767808623611927
-0.0691002607345581
0.1870168149471283
-0.012416692450642586
-0.18467560410499573
0.06024811416864395
0.02738274820148945
-0.08013560622930527
-0.0021532773971557617
0.14773844182491302
0.08722495287656784
0.03817926347255707
-0.12558823823928833
0.16299022734165192
0.05645522475242615
-0.07495420426130295
0.039337705820798874
0.13043196499347687
-0.02177882008254528
-0.15949182212352753
-0.016073502600193024
-0.12345227599143982
-0.10486499965190887
0.21416135132312775
0.10434993356466293
0.18879663944244385
0.1852230727672577
-0.18339785933494568
-0.13705822825431824
0.03201684728264809
-0.0028103908989578485
0.19666585326194763
0.03641791641712189
0.1486629694700241
-0.22260475158691406
0.033897917717695236
0.04635339602828026
0.08635775744915009
0.18392395973205566
-0.1969432532787323
-0.08146066963672638
-0.2616713345050812
0.006995897740125656
0.2789076864719391
-0.08496364951133728
0.2603904902935028
0.0992407351732254
-0.10105330497026443
0.16213135421276093
-0.22370824217796326
-0.012484799139201641
0.09064394980669022
-0.06807554513216019
0.038741208612918854
0.1583436131477356
-0.1256781816482544
0.23555731773376465
0.18241605162620544
-0.14685343205928802
0.010197368450462818
-0.13454334437847137
-0.2001236230134964
-0.36096495389938354
0.08498051017522812
-0.16309106349945068
0.1930982768535614
0.022974945604801178
0.09216537326574326
0.23033222556114197
0.21227990090847015
0.034338463097810745
-0.07052619010210037
0.3003174066543579
0.04594371095299721
0.005357369780540466
-0.05514337494969368
0.0014206469058990479
0.10587173700332642
-0.1407775729894638
0.12207717448472977
0.3445885479450226
-0.21708554029464722
0.01897406578063965
-0.011609782464802265
0.30528753995895386
0.1486503928899765
0.12615562975406647
-0.10803063958883286
-0.0951397493481636
-0.03195224702358246
-0.07319269329309464
0.16256986558437347
-0.2702845633029938
0.12891744077205658
-0.1519617885351181
0.03167439252138138
0.06483539193868637
-0.12557438015937805
0.18387797474861145
-0.0763431116938591
0.1624087542295456
0.39429426193237305
0.07432686537504196
0.037313610315322876
-0.17034535109996796
-0.08746317774057388
0.11179675161838531
0.04664704203605652
-0.29180774092674255
0.18474924564361572
-0.03534972295165062
-0.1975112408399582
-0.049733906984329224
0.47597652673721313
-0.023769168183207512
0.06567427515983582
-0.03420339524745941
0.016497835516929626
0.13260851800441742
-0.08005185425281525
0.043891727924346924
-0.08816298842430115
0.14473912119865417
-0.0781012699007988
-0.021090492606163025
-0.06487920880317688
0.09897319972515106
-0.23125816881656647
-0.10049071907997131
-0.23281733691692352
-0.06678947806358337
0.21631228923797607
-0.05445438250899315
0.10906796157360077
0.1927652508020401
-0.21782442927360535
-0.17181681096553802
0.12489129602909088
-0.31200817227363586
0.01949162967503071
-0.09850652515888214
-0.22555230557918549
0.10562054067850113
0.1990329474210739
-0.1584395468235016
-0.33340558409690857
-0.16548529267311096
-0.15782204270362854
-0.16190986335277557
-0.04768717661499977
-0.12399914860725403
-0.06611041724681854
0.33164849877357483
0.2367665320634842
0.1165483295917511
0.303638219833374
0.11884373426437378
0.04389867186546326
-0.00809877272695303
-0.537649929523468
0.08467354625463486
0.06635783612728119
-0.04588480293750763
-0.48770326375961304
-0.15806026756763458
0.18210625648498535
-0.02048364281654358
-0.11271525919437408
-0.09950512647628784
-0.16710934042930603
0.0582144558429718
0.08481349796056747
-0.04235575348138809
0.16820287704467773
0.06085558980703354
0.27159011363983154
-0.11731376498937607
0.06510352343320847
-0.09294863790273666
0.0700308233499527
0.16403107345104218
-0.0803012102842331
0.03949620574712753
0.03281474858522415
-0.08383157849311829
0.11564696580171585
-0.024933118373155594
-0.14075392484664917
-0.07912198454141617
-0.157126784324646
-0.05493545159697533
-0.2973826825618744
0.05584193393588066
0.0954378992319107
0.3607766926288605
-0.005201401188969612
0.06003737822175026
0.1118403971195221
-0.1002795398235321
0.17032362520694733
0.19215337932109833
-0.026971416547894478
0.1976502686738968
-0.16162928938865662
-0.002388005144894123
0.03214135766029358
-0.060286037623882294
-0.17526820302009583
-0.049378108233213425
0.35455602407455444
0.03805962949991226
0.045297130942344666
0.03723887354135513
0.0807000920176506
0.1849207729101181
0.05800435319542885
-0.21616581082344055
0.10257786512374878
0.12516598403453827
-0.16444131731987
-0.15481983125209808
0.33098816871643066
0.09582187235355377
0.2105712592601776
0.14321792125701904
0.2975333631038666
-0.0831829085946083
-0.11243917793035507
0.1512158066034317
-0.09706709533929825
0.27137085795402527
0.17191965878009796
-0.10578625649213791
-0.24444566667079926
-0.05987656116485596
-0.04598553478717804
0.15099091827869415
-0.0788375735282898
0.14203354716300964
-0.16682198643684387
-0.0760178416967392
0.005531282629817724
0.630291223526001
-0.11556465178728104
0.13325679302215576
0.2502969801425934
-0.06987875699996948
0.034935519099235535
-0.22310282289981842
-0.07173119485378265
-0.01553983986377716
-0.036090653389692307
0.13663117587566376
-0.0038760751485824585
-0.37596994638442993
-0.14205949008464813
-0.008336644619703293
0.11112004518508911
-0.18112345039844513
0.12651413679122925
0.03148019686341286
-0.025275802239775658
0.23055730760097504
0.07409991323947906
-0.04570469632744789
0.1772834062576294
-0.15486542880535126
0.04161972925066948
-0.16114889085292816
-0.2701093554496765
0.0028977575711905956
-0.02903437241911888
0.26088711619377136
0.1980510801076889
-0.34093576669692993
-0.13374759256839752
-0.22768829762935638
0.05180780217051506
-0.08773872256278992
0.1490437090396881
0.05704834684729576
0.23197531700134277
0.26064804196357727
0.06810974329710007
0.08014672994613647
0.20679335296154022
-0.17954793572425842
6.960432074265555e-05
0.107432521879673
-0.03287427872419357
0.0694006010890007
0.015149012207984924
-0.0824587345123291
-0.16568122804164886
0.2865489423274994
-0.08682108670473099
-0.09208653122186661
0.1795874387025833
-0.05384959280490875
-0.05586857348680496
-0.0026035448536276817
-0.0055313920602202415
0.44222503900527954
-0.12578649818897247
-0.09141575545072556
0.07510634511709213
0.05406801030039787
0.2201424092054367
-0.1797952651977539
0.11541943997144699
0.06458742916584015
-0.1763891577720642
-0.00860113650560379
-0.014918568544089794
0.05719383805990219
0.01147480495274067
-0.18226434290409088
-0.06590081751346588
-0.12156219780445099
-0.048909686505794525
-0.11139107495546341
0.18975549936294556
0.02445322833955288
-0.7219302654266357
0.21055448055267334
-0.2022956758737564
-0.0980558916926384
-0.016206366941332817
-0.29153695702552795
0.034425925463438034
0.04436654597520828
0.09460325539112091
-0.0732201561331749
-0.07659183442592621
0.15983524918556213
-0.039257634431123734
-0.14412882924079895
0.22259721159934998
0.1157061904668808
-0.030446697026491165
-0.02679246850311756
0.0354020893573761
0.3583921790122986
-0.20156913995742798
0.16425995528697968
0.055417824536561966
-0.14115382730960846
0.03707168996334076
0.1865987777709961
-0.04923632740974426
0.0147462273016572
-0.04605060815811157
-0.07793985307216644
-0.01220692414790392
0.041665077209472656
0.022836511954665184
0.06924528628587723
0.1655173897743225
-0.026212304830551147
0.1303805559873581
0.198740616440773
-0.18988102674484253
0.13817456364631653
0.05418551340699196
-0.03498281538486481
0.16569288074970245
0.13123619556427002
-0.0820750743150711
0.241008922457695
-0.632311224937439
-0.054554812610149384
-0.16150125861167908
0.010404701344668865
0.2000586837530136
-0.02090970240533352
-0.01843026839196682
-0.059429995715618134
0.2206035852432251
-0.02507435344159603
-0.0767507553100586
0.04663698375225067
0.017469152808189392
0.16210471093654633
-0.15350906550884247
-0.1319490522146225
-0.0725657269358635
0.1922038197517395
-0.26361551880836487
0.11639522016048431
0.024730002507567406
-0.09192618727684021
-0.11690118908882141
0.18335965275764465
0.05643051117658615
-0.04427647218108177
0.025506258010864258
0.16377544403076172
0.1097341924905777
0.11261957138776779
0.0008775782189331949
-0.11690180748701096
-0.17081722617149353
0.050210848450660706
-0.02093629352748394
-0.1720004677772522
0.10556565970182419
0.08610732853412628
0.23228202760219574
-0.06475061923265457
-0.17204183340072632
0.2790999710559845
-0.1308489888906479
0.32904911041259766
-0.0632370337843895
-0.022397950291633606
-0.07646562159061432
0.14557397365570068
-0.26235902309417725
0.2197350263595581
0.0433613546192646
-0.09246913343667984
-0.11267219483852386
0.19314385950565338
0.07629772275686264
0.1474575251340866
-0.0005334127927199006
0.08684693276882172
-0.034496232867240906
-0.0687650591135025
0.010752339847385883
-0.03375541791319847
-0.4515221416950226
-0.48963335156440735
-0.10212074965238571
-0.14057022333145142
0.19571428000926971
-0.04092981666326523
-0.10792586952447891
-0.14176616072654724
-0.03151299059391022
0.014849163591861725
-0.06753723323345184
-0.029054034501314163
0.08535823225975037
0.06301277130842209
0.11649241298437119
-0.16942085325717926
-0.04722803086042404
0.012758973985910416
-0.0889459103345871
-0.23715779185295105
0.243712916970253
0.2633271813392639
-0.0007407729281112552
0.12657909095287323
0.15680712461471558
0.005837239325046539
0.17595796287059784
0.20328661799430847
-0.03529609367251396
0.27230629324913025
0.12260134518146515
-0.003307966748252511
0.07014264166355133
0.07781883329153061
-0.13179552555084229
0.06712104380130768
0.34623193740844727
0.4307585656642914
-0.1432824730873108
0.022231124341487885
-0.2713707983493805
0.05536438152194023
-0.00689702620729804
-0.04518280550837517
0.16657258570194244
-0.02440813183784485
0.17108853161334991
0.12188683450222015
-0.2214130461215973
0.135122612118721
-0.0324862077832222
-0.13390442728996277
-0.2866651117801666
-0.173235222697258
-0.05477089807391167
-0.07778459787368774
-0.1766493171453476
-0.010048196651041508
0.24520431458950043
0.14395177364349365
-0.011874670162796974
0.32379522919654846
-0.13755322992801666
0.1524040848016739
0.039848245680332184
0.10462702065706253
-0.2002253532409668
-0.3058798611164093
0.19345450401306152
0.11730138957500458
-0.08523739874362946
-0.021226614713668823
0.4200953543186188
-0.058304645121097565
0.09872935712337494
-0.16950738430023193
-0.16365613043308258
0.10958363115787506
-0.02358320727944374
0.15419365465641022
0.057772502303123474
-0.2532617151737213
0.16993634402751923
0.12748833000659943
0.29563403129577637
0.1937299370765686
-0.0643194392323494
0.21871627867221832
0.12086531519889832
-0.04097781330347061
-0.00755280489102006
-0.1071920171380043
0.024436941370368004
0.1651073545217514
0.08437377959489822
-0.354902058839798
-0.04230182617902756
0.3397444188594818
0.27261340618133545
0.009194736368954182
0.10099304467439651
0.08557504415512085
0.029304275289177895
0.17280517518520355
0.1024736762046814
0.059729915112257004
0.08764305710792542
-0.0835753008723259
-0.1125127300620079
0.2994299530982971
-0.005746376700699329
-0.2581341862678528
-0.1460384875535965
0.003649321850389242
0.06247974559664726
0.026670346036553383
-0.046238236129283905
-0.10013274103403091
-0.06643050909042358
0.2875760793685913
-0.03093831054866314
-0.1626015305519104
-0.08906921744346619
0.043935224413871765
0.24771614372730255
0.11732439696788788
0.19115345180034637
0.04113657772541046
-0.07682421058416367
0.04317139461636543
0.15762721002101898
-0.2738363742828369
0.1597844958305359
0.1266358643770218
0.09190531075000763
-0.16059592366218567
-0.12394531816244125
-0.08020684123039246
-0.012993698939681053
-0.09195514023303986
0.007140259258449078
0.13677890598773956
0.12127697467803955
-0.057578373700380325
0.13988757133483887
0.0697624683380127
0.009713162668049335
-0.0817030817270279
-0.13299523293972015
-0.03332119435071945
-0.4024520516395569
-0.019737159833312035
0.21672183275222778
-0.17584730684757233
0.07919149845838547
-0.11007975786924362
-0.12293554842472076
0.04749765992164612
0.033616647124290466
-0.11931157112121582
0.10157439857721329
-0.02012319676578045
0.18047213554382324
0.17573611438274384
0.07906754314899445
0.41378289461135864
-0.09161903709173203
-0.03750539943575859
0.12308251112699509
0.25308194756507874
0.03171451762318611
0.023598764091730118
0.10648319870233536
0.12697862088680267
-0.06859521567821503
0.15079477429389954
0.17137952148914337
0.059604741632938385
0.09058751165866852
0.1510949581861496
0.1083512082695961
0.07121002674102783
0.21156886219978333
-0.04118018597364426
0.18059499561786652
-0.12317774444818497
-0.20133040845394135
-0.09746968746185303
-0.10280627012252808
-0.09118058532476425
-0.017706485465168953
-0.0963340774178505
-0.10350098460912704
0.16066303849220276
0.21068109571933746
0.018709970638155937
-0.05605332925915718
0.1037137433886528
-0.31773248314857483
0.3897134065628052
-0.2658475637435913
0.18443217873573303
-0.04820297658443451
0.03795884922146797
-0.05018309876322746
0.12719199061393738
-0.0194857120513916
0.1312873810529709
-0.033373892307281494
-0.07435521483421326
0.008001228794455528
-0.0021532028913497925
0.1455615907907486
-0.21285516023635864
0.14753028750419617
0.013394888490438461
0.21261565387248993
-0.1436290293931961
-0.15767304599285126
-0.11711633205413818
0.28818807005882263
-0.10817509144544601
-0.1487371027469635
0.07621369510889053
-0.14417731761932373
0.18578676879405975
-0.11248456686735153
-0.021476738154888153
-0.02586788311600685
0.1899011880159378
0.1418783962726593
-0.03646555170416832
-0.12382980436086655
0.12484248727560043
-0.1511441022157669
0.18247970938682556
0.1432296335697174
0.16583800315856934
0.030237196013331413
-0.28530779480934143
-0.04221505671739578
-0.010332238860428333
-0.006914220750331879
0.05619530752301216
-0.29981276392936707
0.13224902749061584
0.16991515457630157
-0.1589055359363556
0.35993126034736633
0.17036816477775574
-0.3102262616157532
-0.16909366846084595
-0.03363973647356033
0.07565957307815552
0.12018831074237823
-0.03351134806871414
0.06325173377990723
0.01742890290915966
-0.1410069316625595
-0.13015100359916687
0.43667900562286377
-0.12858520448207855
-0.20220784842967987
-0.03679303452372551
-0.025729218497872353
-0.11789080500602722
0.046514227986335754
0.00018119564629159868
-0.006473800633102655
-0.028317967429757118
-0.06956864148378372
0.09265601634979248
0.10485415160655975
0.1203639805316925
-0.0811619907617569
0.11215738207101822
0.07318474352359772
0.03082609549164772
-0.07653434574604034
-0.6019866466522217
0.0891028568148613
-0.0015591427218168974
-0.007730404380708933
-0.07784765213727951
0.1299990713596344
0.10842528939247131
0.006224318873137236
-0.42840775847435
0.05569255352020264
-0.17551873624324799
-0.15385079383850098
-0.03359765559434891
0.08132946491241455
-0.1334097534418106
-0.36750712990760803
0.2734339237213135
-0.1319015771150589
-0.23832057416439056
0.298870325088501
-0.1320728212594986
-0.15569213032722473
0.12368445843458176
-0.41460058093070984
0.16348896920681
0.09556958824396133
0.16105853021144867
-0.04923567548394203
-0.04429221153259277
-0.0399080328643322
0.026144469156861305
-0.22203294932842255
0.15400218963623047
0.0661608874797821
0.10490816086530685
-0.0892905443906784
0.004557852633297443
-0.042082324624061584
0.014109772630035877
0.18449164927005768
-0.19189846515655518
0.11772112548351288
0.16607700288295746
-0.3492050766944885
-0.06728250533342361
0.08559796959161758
0.2689797282218933
0.1593206226825714
0.03493310138583183
-0.06814022362232208
0.41171079874038696
-0.08717170357704163
-0.04560765624046326
-0.08061227947473526
-0.14803582429885864
-0.11109969019889832
0.006995201110839844
0.10410977154970169
-0.10078234225511551
0.025766566395759583
-0.023717312142252922
-0.08869361877441406
0.20706018805503845
0.06605898588895798
0.011815824545919895
0.03162302076816559
-0.12063531577587128
-0.03204820677638054
-0.1408810168504715
0.12477319687604904
-0.15294243395328522
0.06868424266576767
0.09035001695156097
0.1620659977197647
-0.16190266609191895
-0.028875960037112236
-0.1074473112821579
-0.2291399985551834
-0.2981798052787781
-0.15306715667247772
0.22850826382637024
0.04419916495680809
0.2720886170864105
-0.008895008824765682
-0.09845735132694244
0.2642909586429596
0.05883048474788666
-0.06192844733595848
-0.3180011510848999
-0.3968246579170227
0.08347155898809433
0.2190065085887909
0.1854780912399292
0.016102224588394165
0.47037917375564575
-0.24638564884662628
0.13704414665699005
0.00577138364315033
0.30403608083724976
0.08302558958530426
-0.07389272749423981
0.048053137958049774
-0.04718407616019249
0.00790751539170742
-0.16529303789138794
0.06278672069311142
0.048708539456129074
0.12238655239343643
0.05531129240989685
0.353634238243103
-0.12375814467668533
0.08112173527479172
-0.15297195315361023
-0.11307760328054428
0.09141139686107635
-0.07553422451019287
0.062308892607688904
0.021777914837002754
0.08099515736103058
-0.17447103559970856
-0.08675973117351532
0.15945132076740265
-0.15362030267715454
-0.1901686191558838
0.04170525446534157
-0.25631800293922424
0.1423572450876236
0.11715517938137054
0.060075804591178894
0.1935974359512329
0.025640392675995827
0.0583704337477684
-0.07121399790048599
0.06537748128175735
-0.22392816841602325
0.051249463111162186
0.12643973529338837
0.19404327869415283
-0.037521570920944214
0.17848555743694305
-0.10986072570085526
0.13155382871627808
-0.12066531926393509
-0.013407612219452858
0.25120460987091064
-0.035705991089344025
-0.1462039202451706
0.017775584012269974
-0.051279399544000626
0.2019660472869873
0.037445224821567535
0.10125774145126343
0.2335519939661026
0.14893005788326263
0.04727711156010628
-0.007204711437225342
0.23316583037376404
0.04560726881027222
-0.040434032678604126
0.05154534429311752
0.014736347831785679
0.11384909600019455
-0.03940337896347046
-0.1916927695274353
0.06158767640590668
0.1532875895500183
-0.0819280669093132
-0.2083113044500351
-0.1123480424284935
-0.08881349116563797
-0.17532949149608612
0.09334178268909454
0.3399551808834076
-0.18306240439414978
0.019782479852437973
-0.20833513140678406
-0.04195574298501015
0.4541190564632416
-0.07232456654310226
-0.4295703172683716
0.22969330847263336
-0.168450266122818
-0.020026795566082
-0.00981542281806469
-0.020166967064142227
-0.17209447920322418
-0.09611930698156357
0.017773151397705078
0.10324732959270477
-0.05866412818431854
-0.0866587683558464
-0.062146734446287155
0.11956091225147247
-0.01518034003674984
-0.18264321982860565
-0.2047479748725891
0.164606973528862
0.27612602710723877
-0.10570558160543442
-0.0018245310056954622
0.15590649843215942
0.0475536584854126
-0.14838647842407227
-0.013717141933739185
-0.006501581519842148
0.1266767382621765
0.06658882647752762
-0.06102810427546501
-0.1256704330444336
-0.09110494703054428
-0.1619442254304886
0.10214842855930328
0.1410391926765442
0.041275717318058014
-0.12655392289161682
0.05261465907096863
0.17973673343658447
0.39425384998321533
-0.2103589028120041
0.19744248688220978
0.10015865415334702
0.10475561767816544
0.05358712375164032
-0.055170003324747086
0.024520963430404663
0.13188640773296356
-0.04297579824924469
-0.21901236474514008
0.13918747007846832
0.10774365812540054
0.06261809915304184
0.10462550818920135
0.13584905862808228
0.04601012170314789
-0.16496612131595612
0.04024241864681244
-0.07265937328338623
-0.11536388844251633
0.021007850766181946
-0.12173815071582794
-0.10095257312059402
-0.05891966447234154
0.05443478748202324
-0.1638413816690445
0.00798298604786396
0.05984920263290405
0.09488417208194733
0.1187208965420723
-0.0945926234126091
-0.08332940936088562
0.08760838210582733
-0.1148524209856987
0.12552663683891296
-0.017563115805387497
0.13673682510852814
-0.1095108687877655
0.012153612449765205
0.015418147668242455
0.16919593513011932
-0.006470337510108948
-0.0571880117058754
-0.006183312274515629
-0.03486385568976402
0.07276885956525803
-0.13887009024620056
-0.18242259323596954
0.049962714314460754
-0.04334858059883118
0.04881450533866882
-0.03555487096309662
-0.04473034292459488
-0.101974256336689
0.08129683136940002
-0.09722569584846497
0.16443490982055664
-0.08813053369522095
-0.024515686556696892
0.027623260393738747
-0.00557505339384079
-0.03777209296822548
0.03686709702014923
0.04614274203777313
0.12288035452365875
0.10041943937540054
0.14811299741268158
0.017677845433354378
-0.07613179087638855
0.1427609622478485
-0.1667676568031311
-0.1404082030057907
-0.06994027644395828
0.10742130130529404
-0.07419559359550476
-0.08472047746181488
-0.10134932398796082
-0.1688367873430252
-0.04673813283443451
0.08273512870073318
-0.16141843795776367
0.108209028840065
0.028004303574562073
-0.016770081594586372
0.09902878105640411
0.0002502486458979547
-0.07017113268375397
0.041439078748226166
0.05670997500419617
0.08171511441469193
0.1091906875371933
-0.10266587883234024
0.17140351235866547
-0.14480134844779968
-0.17617911100387573
-0.10947348922491074
-0.05774509906768799
0.14229318499565125
-0.013931900262832642
-0.10490025579929352
-0.11152033507823944
-0.015073984861373901
0.04646585136651993
-0.11971786618232727
-0.11615347117185593
0.008503461256623268
0.11696474254131317
0.032559532672166824
-0.08494654297828674
0.03483079373836517
-0.18726319074630737
0.0048189167864620686
-0.03903426229953766
-0.10003957897424698
-0.04789195954799652
0.061546895653009415
0.009865098632872105
-0.1260003298521042
-0.042213231325149536
-0.0843147411942482
0.06581072509288788
0.05789940059185028
0.12813815474510193
-0.06477504968643188
-0.03397272899746895
-0.07267706841230392
-0.09669110924005508
-0.173940971493721
0.018841959536075592
0.04226813092827797
-0.009883776307106018
-0.07323747873306274
-0.08104345202445984
0.035388700664043427
0.07719410955905914
0.12675568461418152
0.06960615515708923
-0.1295892894268036
-0.0967426672577858
0.07955466955900192
-0.07653217762708664
-0.0030400624964386225
-0.009975947439670563
-0.03976958617568016
0.06094534695148468
-0.12870894372463226
-0.012848282232880592
0.17630453407764435
-0.5187181830406189
0.4989885687828064
-0.27590715885162354
0.14011640846729279
0.1637195199728012
-0.1748644858598709
-0.08034627139568329
-0.11266176402568817
-0.13168302178382874
0.2309916913509369
0.05770321190357208
0.07261336594820023
-0.2236761748790741
0.13300780951976776
0.13080182671546936
-0.10411123931407928
0.11987514793872833
-0.08688079565763474
-0.21346227824687958
-0.02050153911113739
0.012332413345575333
0.08454730361700058
-0.044708725064992905
-0.23876063525676727
0.3086315989494324
-0.01890799030661583
-0.1184140145778656
0.04586969316005707
-0.010833448730409145
-0.0033349243458360434
0.014525234699249268
0.23714256286621094
0.08715168386697769
0.18288856744766235
-0.16409103572368622
-0.017251895740628242
-0.13707780838012695
-0.06376178562641144
-0.039390552788972855
-0.04794688895344734
-0.001635715481825173
0.16835029423236847
0.10350115597248077
-0.054146092385053635
-0.022433947771787643
0.15919820964336395
0.3435606360435486
-0.11427249759435654
0.11071332544088364
0.1386290341615677
0.054646771401166916
-0.014528227970004082
-0.1032019704580307
-0.053998105227947235
0.03565153107047081
0.05940380319952965
0.013094305992126465
-0.05611005052924156
0.0879797488451004
-0.1340816617012024
0.06698404252529144
0.0411088652908802
-0.11152169853448868
0.038224831223487854
0.45050451159477234
0.3858895003795624
0.09868339449167252
-0.3539528250694275
-0.07384106516838074
-0.22900909185409546
0.03033296763896942
0.2355576902627945
0.19435161352157593
-0.00849397387355566
-0.14804483950138092
0.13823072612285614
0.16931521892547607
-0.027054518461227417
0.04991906136274338
0.13400240242481232
0.10282625257968903
0.22970233857631683
-0.06742247939109802
-0.05972898751497269
0.3619004487991333
0.2733301818370819
-0.009644722566008568
-0.11760962009429932
0.09896524250507355
-0.10454653203487396
-0.17595462501049042
0.08313063532114029
-0.0038994518108665943
-0.08514910936355591
-0.040422409772872925
0.18117012083530426
0.11742832511663437
-0.17968468368053436
0.11546367406845093
0.1749292016029358
-0.013797139748930931
-0.11788327246904373
-0.012731514871120453
0.0005077761015854776
-0.07936915010213852
0.015232575125992298
0.1739920675754547
0.16170662641525269
-0.4952053129673004
0.47951096296310425
0.07573956251144409
-0.04768060892820358
-0.24124884605407715
-0.15850529074668884
0.05033693090081215
0.23583516478538513
0.21327389776706696
-0.16553129255771637
-0.02541421353816986
0.2202913910150528
-0.09939774125814438
0.10778997093439102
-0.09780286252498627
0.0382099524140358
0.15353594720363617
-0.09100150316953659
0.017265455797314644
-0.07467103004455566
0.10570567846298218
-0.45441579818725586
-0.11021802574396133
0.5041099786758423
0.2427075207233429
0.08336719870567322
0.10836731642484665
-0.19313950836658478
0.03087298758327961
0.17098908126354218
-0.25292304158210754
0.0682346522808075
-0.08312739431858063
-0.09876485913991928
-0.031449511647224426
0.06283939629793167
-0.18521402776241302
0.1927860677242279
0.052281394600868225
0.25324228405952454
-0.13819898664951324
0.020707085728645325
0.15947918593883514
0.11614833027124405
0.03431744500994682
0.01740523800253868
0.16577430069446564
0.04133233428001404
-0.055868636816740036
0.07414621114730835
-0.15296542644500732
0.04072050750255585
0.027585048228502274
0.047936927527189255
0.24592319130897522
0.05921495333313942
-0.018299812451004982
0.3545699417591095
0.2508692443370819
-0.0342642180621624
0.18038959801197052
0.24028782546520233
-0.0615149550139904
0.12073606252670288
0.2466009259223938
0.11243877559900284
0.1479523926973343
0.14072895050048828
-0.11309988796710968
-0.2870919406414032
0.15187858045101166
-0.008367903530597687
0.021225878968834877
-0.3461284935474396
-0.18320047855377197
0.03388071805238724
-0.011207439005374908
-0.11496500670909882
0.0966464951634407
-0.032260552048683167
-0.009087388403713703
-0.051910459995269775
-0.07424743473529816
-0.014777526259422302
0.028044134378433228
-0.05041693150997162
0.022719459608197212
-0.18962793052196503
-0.1404927521944046
-0.1965872198343277
-0.24332775175571442
0.19790513813495636
-0.03160087391734123
0.2677851617336273
-0.12600171566009521
0.08228125423192978
-0.08083716034889221
0.08080828934907913
-0.07632064819335938
0.08899641782045364
0.1344415694475174
0.0474369078874588
-0.2685597836971283
-0.175113707780838
0.002518530935049057
0.14008644223213196
-0.04024776816368103
0.029655592516064644
-0.25846341252326965
-0.04626189544796944
-0.029742220416665077
0.20816896855831146
-0.0015867340844124556
0.03736622631549835
0.02736148238182068
0.2313947081565857
0.034274693578481674
0.019218914210796356
0.07472570985555649
-0.48313286900520325
-0.3173031210899353
0.09264370799064636
0.2631979286670685
-0.11372621357440948
0.08249055594205856
-0.2550879716873169
-0.14693525433540344
-0.12016454339027405
-0.21008118987083435
0.033524543046951294
-0.12215536087751389
0.07701493799686432
-0.02777741104364395
-0.0015503988834097981
-0.015310033224523067
0.028381535783410072
-0.0919942855834961
0.15605106949806213
0.1518537402153015
0.08916385471820831
-0.1261606365442276
-0.08057250827550888
0.25643184781074524
0.13789568841457367
0.060852546244859695
-0.13638563454151154
-0.15852706134319305
-0.1374313086271286
0.08470094203948975
0.05890783295035362
0.14599598944187164
-0.2658340036869049
-0.04490817338228226
-0.21801453828811646
-0.1323755383491516
-0.6130163073539734
-0.0372183658182621
0.25443390011787415
0.09841634333133698
0.4770773947238922
0.2086115926504135
0.06319430470466614
0.08976558595895767
0.07578832656145096
0.21186210215091705
0.05930578336119652
0.14385682344436646
-0.0666537880897522
-0.6416926383972168
0.0008156927651725709
-0.05864361301064491
-0.2344496101140976
-0.130752295255661
-0.011418408714234829
0.17196959257125854
0.21992771327495575
-0.2501400411128998
-0.12922163307666779
-0.025773722678422928
-0.1819434016942978
0.033655062317848206
-0.21616166830062866
0.14345110952854156
0.2552734315395355
0.09308044612407684
-0.058307088911533356
0.265543669462204
-0.08463694155216217
0.1545102745294571
0.23415975272655487
-0.02264939248561859
0.01274182740598917
0.05939546599984169
-0.16800855100154877
0.016037726774811745
-0.06197335571050644
-0.16128814220428467
0.1446540206670761
-0.07077248394489288
0.10145850479602814
0.024990813806653023
-0.0703384205698967
-0.061694759875535965
-0.003213200019672513
-0.08237281441688538
-0.15788240730762482
-0.1669354885816574
-0.06068946048617363
-0.09485777467489243
-0.14907854795455933
-0.21412503719329834
-0.6006807684898376
0.0867014080286026
-0.042543962597846985
-0.034378532320261
0.35130438208580017
0.2501452565193176
-0.20947356522083282
-0.041969913989305496
0.09905508905649185
-0.18864935636520386
-0.4450959265232086
0.4244203269481659
0.10923080146312714
-0.1374278962612152
0.2795169949531555
0.1378013640642166
-0.012463197112083435
-0.03765685856342316
-0.02286006510257721
0.0666915774345398
0.2415907084941864
-0.1363040804862976
-0.2183147370815277
-0.024322442710399628
-0.16832055151462555
0.015450728125870228
-0.07403407245874405
0.03170745447278023
-0.24781861901283264
0.023698342964053154
0.07168347388505936
0.012239877134561539
0.05854436755180359
-0.15331649780273438
-0.06684555858373642
0.10040342807769775
-0.4537230134010315
0.24464114010334015
-0.040512923151254654
0.01447995938360691
0.15984436869621277
0.07925955951213837
0.0335131511092186
0.09571166336536407
0.03493712842464447
-0.2718401551246643
0.17279228568077087
-0.025568701326847076
0.6097157597541809
0.2144051194190979
0.04630662873387337
-0.10133955627679825
0.1852470338344574
0.038645900785923004
0.1824064701795578
0.13058900833129883
-0.2401113063097
-0.023480549454689026
-0.05100821331143379
-0.2546146810054779
-0.26004302501678467
-0.08055203408002853
-0.16539883613586426
0.03414022549986839
0.09448577463626862
0.0800614058971405
-0.0417860671877861
-0.6401525735855103
0.036761343479156494
-0.1051144152879715
-0.31878143548965454
0.006775977090001106
-0.04680456966161728
-0.10263123363256454
-0.22734400629997253
-0.15563413500785828
-0.1365014612674713
0.24907943606376648
-0.3616129457950592
-0.004603540524840355
0.007928806357085705
-0.045825690031051636
0.0362432524561882
0.18637458980083466
0.009656748734414577
0.04868200421333313
0.024953240528702736
0.006966189481317997
-0.008760728873312473
-0.11429885029792786
0.11812476813793182
0.18837615847587585
0.07239018380641937
-0.02008034847676754
-0.01733512431383133
-0.2580028474330902
-0.15515205264091492
0.3074250817298889
-0.15418370068073273
0.22368846833705902
-0.0933891087770462
0.2845718264579773
-0.0166973527520895
0.08643490821123123
-0.1389603167772293
0.0870877206325531
-0.1297459602355957
0.19639909267425537
0.03066939488053322
0.00265982816927135
-0.1355791985988617
-0.004889821168035269
-0.18129335343837738
-0.020381927490234375
-0.08048804104328156
0.09530510008335114
-0.3334193825721741
0.06189782917499542
0.10482155531644821
-0.020271776244044304
0.28628674149513245
-0.16212978959083557
-0.0050385273061692715
0.06442680209875107
0.040976181626319885
-0.2696954011917114
-0.16510109603405
-0.08131186664104462
-0.0021841463167220354
-0.03403009474277496
0.13205517828464508
-0.07397188991308212
-0.08364296704530716
-0.10859572887420654
-0.2765103280544281
0.3702206015586853
-0.035293713212013245
-0.6271308064460754
0.22737208008766174
0.03195921704173088
0.213341623544693
-0.13876938819885254
-0.08618267625570297
-0.01039039995521307
-0.10677870362997055
0.12475268542766571
-0.1618199348449707
0.15435607731342316
-0.12726248800754547
-0.28708577156066895
-0.14661097526550293
0.14085625112056732
-0.14314496517181396
0.06279045343399048
0.10525068640708923
-0.27463290095329285
-0.14316292107105255
0.1162293329834938
-0.16987475752830505
0.10851088911294937
0.04967927560210228
-0.11612021178007126
0.06933167576789856
-0.10108935087919235
-0.19277290999889374
-0.28973472118377686
0.2513127624988556
0.06492006033658981
0.20789478719234467
0.328601211309433
-0.11456730961799622
0.01132687646895647
0.09741128981113434
-0.4411924183368683
0.009664630517363548
-0.0034780751448124647
0.05664120614528656
0.14318977296352386
0.07098884135484695
-0.06732980906963348
0.014539523050189018
-0.16595540940761566
-0.10143467783927917
-0.057206861674785614
-0.07738737016916275
-0.10734943300485611
0.1229197233915329
-0.193577378988266
-0.03314812108874321
-0.21808601915836334
-0.227408766746521
-0.040641188621520996
0.10099112242460251
0.1248958557844162
-0.1357603371143341
-0.08481162786483765
0.02877703681588173
-0.4400995373725891
0.32086217403411865
-0.23737040162086487
-0.15644937753677368
-0.09993342310190201
-0.01569942757487297
0.04796622321009636
-0.10605068504810333
0.13121186196804047
0.06379613280296326
-0.013312184251844883
0.23135335743427277
0.11083239316940308
-0.14620216190814972
0.114527627825737
0.013508723117411137
-0.06898190081119537
0.05501937493681908
0.08910147100687027
0.2102431058883667
0.18445783853530884
0.028863221406936646
-0.16808687150478363
-0.13326330482959747
0.3554826080799103
-0.1485603153705597
-0.14297617971897125
0.08293917775154114
0.16811002790927887
-0.14307889342308044
0.032561734318733215
0.17729878425598145
-0.14374953508377075
0.02385665476322174
0.18731173872947693
0.02096658945083618
0.01126166246831417
0.07526910305023193
0.06344085186719894
-0.055115994065999985
-0.12906450033187866
0.007578275632113218
-0.10531238466501236
0.11415814608335495
0.1821002960205078
-0.16410276293754578
-0.2098117619752884
0.04554009437561035
0.043274447321891785
0.1680215746164322
0.06902334094047546
-0.07209660112857819
0.15867114067077637
0.2384011447429657
0.003938849549740553
0.0031194104813039303
0.0019305795431137085
0.05755529925227165
-0.04478193446993828
-0.16157439351081848
0.10554588586091995
-0.06072341278195381
-0.017977312207221985
0.09064330160617828
-0.16102749109268188
-0.23452363908290863
-0.00433221785351634
-0.32706698775291443
0.058810628950595856
0.17916347086429596
0.11261288076639175
-0.2877193093299866
0.019297314807772636
0.018057819455862045
-0.014491240493953228
0.09660667926073074
-0.03456833213567734
-0.0213279128074646
-0.16110341250896454
0.08624877035617828
-0.06491781771183014
0.22301699221134186
0.07621200382709503
-0.07353798300027847
0.18872185051441193
0.19673578441143036
-0.04474616423249245
0.24181737005710602
-0.04411258548498154
-0.12805847823619843
-0.10415526479482651
-0.1167222186923027
-0.06520704180002213
-0.10256662964820862
0.015145358629524708
0.06543290615081787
0.09997367113828659
-0.02978190779685974
-0.03488420695066452
0.22793906927108765
0.03045450523495674
0.058320991694927216
-0.1717822104692459
0.11439191550016403
-0.16367807984352112
-0.08563977479934692
0.03324749693274498
0.014097524806857109
0.12751825153827667
0.010255096480250359
0.3930937647819519
0.3106752038002014
-0.01044591423124075
-0.08844703435897827
-0.13526515662670135
-0.4294719994068146
-0.1585768461227417
0.07987882196903229
-0.09899342060089111
0.162289097905159
0.1471795290708542
-0.06292572617530823
-0.03047195076942444
0.173930361866951
-0.01061181165277958
0.15453745424747467
0.08836932480335236
-0.00017048655718099326
0.22297930717468262
0.0016140162479132414
0.05562460049986839
-0.004453933797776699
-0.12458255141973495
0.19857017695903778
0.023315655067563057
0.10942445695400238
0.06972149014472961
-0.16970424354076385
0.25177595019340515
0.17772381007671356
-0.029337655752897263
-0.008993863128125668
0.10295426100492477
-0.013672661036252975
0.15548497438430786
-0.002114276634529233
-0.08573023229837418
-0.3765623867511749
0.12891893088817596
-0.07697134464979172
0.24927948415279388
-0.03595332056283951
-0.12748421728610992
0.06726675480604172
-0.13681504130363464
0.1595049947500229
0.024582389742136
0.1316579282283783
0.2899400591850281
0.05246877670288086
-0.33035746216773987
-0.15838691592216492
-0.07192040234804153
-0.11548968404531479
0.0757356733083725
-0.3048228919506073
-0.062204692512750626
0.14138242602348328
0.04428541660308838
-0.22668445110321045
-0.044291287660598755
0.08310849219560623
-0.1232166588306427
-0.11071393638849258
-0.00855708122253418
0.18639090657234192
-0.02451901137828827
-0.0650358647108078
-0.11248854547739029
-0.07977227866649628
0.1805650293827057
0.2719965875148773
-0.14742830395698547
0.020104167982935905
-0.06185361370444298
-0.1123664453625679
-0.0124988267198205
0.12561558187007904
-0.05559197813272476
-0.12075062841176987
0.09712029248476028
0.14764286577701569
-0.15837736427783966
0.07238707691431046
-0.11590676009654999
0.1711292266845703
-0.08255268633365631
0.06204468011856079
0.6215371489524841
-0.045739881694316864
-0.17119011282920837
-0.13212540745735168
0.1697046011686325
0.15852051973342896
-0.07875463366508484
0.14742188155651093
0.002109616994857788
0.01868615858256817
-0.07181055843830109
0.08242170512676239
0.15738844871520996
-0.16897816956043243
-0.06736699491739273
0.0004969630972482264
-0.15252785384655
-0.026086047291755676
-0.5761837363243103
0.1482880711555481
0.2268344908952713
0.012810051441192627
0.005868117790669203
-0.13562414050102234
-0.05843120813369751
0.11313975602388382
-0.026814712211489677
-0.13989697396755219
-0.0860421285033226
0.10529119521379471
0.5834771394729614
-0.046236127614974976
0.08097436279058456
0.17899750173091888
-0.08644166588783264
0.13883724808692932
0.015964500606060028
0.1182064637541771
0.07746773213148117
-0.07068738341331482
-0.045531388372182846
-0.2631257176399231
-0.18659503757953644
-0.17083770036697388
-0.018993834033608437
0.21006542444229126
0.2398407757282257
-0.03794511407613754
0.05479023978114128
0.1500401645898819
-0.2559148371219635
-0.08220349252223969
0.32971081137657166
0.07094787806272507
0.1739836484193802
0.10366661101579666
-0.15362121164798737
0.06286858767271042
-0.0057366942055523396
0.08590968698263168
0.3365271985530853
-0.18242484331130981
-0.020720897242426872
0.2492547482252121
0.023351868614554405
-0.08165766298770905
0.18553946912288666
-0.026918409392237663
0.06501340866088867
0.04866703227162361
-0.05366205796599388
0.14953576028347015
-0.1225922629237175
0.24946507811546326
-0.11318155378103256
0.0017376296455040574
0.16727669537067413
-0.023036569356918335
-0.00010223006393061951
-0.00760951591655612
0.1753571480512619
-0.33823612332344055
0.054073937237262726
0.16039912402629852
0.2975153923034668
-0.02656950242817402
-0.08847121149301529
0.014937574043869972
0.12744243443012238
0.23340150713920593
0.16151683032512665
-0.21748094260692596
-0.14387013018131256
-0.08998561650514603
0.17294654250144958
0.141870379447937
0.20788893103599548
-0.09983628988265991
0.09625398367643356
0.2810165584087372
-0.0776623860001564
-0.011308647692203522
0.1699630171060562
-0.12996859848499298
-0.35859930515289307
0.17404396831989288
-0.08572842180728912
0.05492901802062988
-0.001535325776785612
0.1739540845155716
0.15652142465114594
0.15094593167304993
0.0017369927372783422
0.13805453479290009
-0.13094781339168549
-0.10562549531459808
-0.16780826449394226
0.03741125017404556
0.19897809624671936
0.01968851312994957
-0.009219442494213581
0.16838550567626953
0.16281189024448395
-0.07112984359264374
0.23780541121959686
0.09900090098381042
-0.202122762799263
-0.16785532236099243
0.013730569742619991
0.20798705518245697
0.12269270420074463
-0.12255387008190155
0.20496107637882233
-0.12594370543956757
-0.13087283074855804
0.04557183384895325
0.18034763634204865
0.1559089571237564
-0.011828945018351078
-0.0443948358297348
-0.001420140266418457
-0.23033994436264038
-0.13539838790893555
0.05416465550661087
-0.020147763192653656
-0.05382399633526802
0.11180630326271057
-0.1960921585559845
-0.0429854691028595
-0.10556282103061676
-0.07300309091806412
0.10442858189344406
0.09523147344589233
0.0986325591802597
-0.11634916812181473
-0.12847597897052765
0.24657098948955536
-0.06525465101003647
-0.09910418838262558
-0.07100635021924973
0.18685637414455414
-0.005815540906041861
-0.0650152787566185
-0.14875036478042603
-0.13407303392887115
0.18025308847427368
-0.1770375669002533
-0.05945276468992233
0.22779510915279388
0.15222811698913574
0.15725477039813995
-0.10098697990179062
0.03346361219882965
0.05105029419064522
-0.09592261910438538
-0.19511012732982635
0.18149608373641968
-0.14141497015953064
0.11044196784496307
-0.04230848327279091
0.11513546854257584
0.13900548219680786
0.12473417818546295
0.06937787681818008
-0.08548235893249512
0.05744360387325287
0.08517473936080933
0.06214979290962219
-0.05770164355635643
-0.16969385743141174
0.07608756422996521
-0.08705765753984451
0.0729479044675827
-0.04333929345011711
0.05973765626549721
-0.11653869599103928
-0.07250972837209702
-0.10597993433475494
-0.3905235528945923
0.07217410951852798
0.19654107093811035
-0.15446223318576813
-0.06295133382081985
-0.2705134153366089
-0.004010254517197609
-0.09813739359378815
0.1244695708155632
-0.41573381423950195
-0.11797681450843811
-0.06678640842437744
0.09998957067728043
0.08368140459060669
-0.2960200011730194
0.05451223999261856
-0.04970972239971161
-0.15251503884792328
0.20325976610183716
0.2411898374557495
-0.16737805306911469
-0.017083004117012024
-0.28590255975723267
0.1582619547843933
-0.04335688799619675
0.41068583726882935
-0.1643032282590866
0.2103058248758316
-0.1304769515991211
-0.03532641753554344
-0.14224891364574432
-0.03820529952645302
-0.16160760819911957
-0.06116922199726105
-0.004331553820520639
0.13064730167388916
-0.056517697870731354
0.19362865388393402
-0.021084174513816833
0.3133412301540375
-0.15455442667007446
-0.026650723069906235
0.0830308198928833
0.06756984442472458
-0.14604222774505615
0.1201266497373581
0.05661384016275406
0.07218937575817108
0.230814591050148
0.16738855838775635
0.25682756304740906
-0.16066674888134003
0.06367763876914978
0.16449733078479767
-0.022258132696151733
-0.0015830390620976686
0.37270283699035645
0.10997091978788376
-0.036203134804964066
0.3079044818878174
0.20455820858478546
-0.027180522680282593
0.4782730042934418
-0.023474594578146935
0.14590485394001007
-0.11117592453956604
-0.008015989325940609
0.04800340533256531
-0.1717701107263565
-0.01575358211994171
0.1535981148481369
0.15814824402332306
0.02276737615466118
-0.1733970195055008
0.03490805625915527
-0.15901871025562286
0.0769609808921814
-0.0022999525535851717
-0.05753928795456886
0.02681179903447628
-0.08749918639659882
-0.0848916620016098
0.0809810534119606
0.1896037459373474
-0.044997021555900574
0.08107931166887283
0.019442424178123474
0.05099319666624069
-0.1144353374838829
-0.3732444941997528
0.5261633992195129
-0.24063655734062195
-0.13078749179840088
-0.053869448602199554
-0.21290618181228638
-0.04870021343231201
0.14521424472332
-0.1584610491991043
0.21909701824188232
0.06720476597547531
-0.35310226678848267
-0.00459202378988266
-0.03941292315721512
-0.2833887040615082
-0.17913028597831726
-0.12065901607275009
-0.3265491724014282
0.04397045820951462
-0.07679648697376251
0.14049412310123444
0.15680262446403503
-0.09717513620853424
0.09075524657964706
-0.030357420444488525
-0.10526170581579208
0.20092755556106567
0.1021503359079361
0.24109622836112976
-0.11503715068101883
0.10888595879077911
0.10360715538263321
0.15197649598121643
-9.761984983924776e-05
0.014866222627460957
0.06700433790683746
0.016214519739151
-0.11491841077804565
-0.17448453605175018
0.15530212223529816
-0.11943293362855911
-0.1912749856710434
0.037718601524829865
-0.09237021952867508
-0.12725993990898132
-0.13914170861244202
-0.11922356486320496
-0.1833273470401764
0.0012887384509667754
0.13207338750362396
-0.14009959995746613
-0.1652279496192932
-0.0013535137986764312
-0.05547909066081047
-0.08047570288181305
0.04341061785817146
0.014639340341091156
0.11341019719839096
0.1235761046409607
0.1584419459104538
0.00850731786340475
-0.06731125712394714
-0.16261546313762665
-0.08148115128278732
0.03989558666944504
0.06267397850751877
0.07574396580457687
-0.15055063366889954
0.0038062178064137697
-0.15347278118133545
-0.054042212665081024
0.03847935050725937
0.007681647781282663
-0.036131806671619415
0.06375269591808319
-0.11735625565052032
-0.14853547513484955
0.0014063491253182292
-0.09875212609767914
0.011792102828621864
0.09497956931591034
-0.17473453283309937
-0.10050751268863678
0.12781105935573578
-0.10506201535463333
0.045714061707258224
0.13964784145355225
-0.06255654245615005
0.08984943479299545
-0.024107445031404495
-0.10978343337774277
0.07916924357414246
0.0676642656326294
-0.06188501417636871
0.05305735766887665
-0.08717960119247437
0.07305000722408295
-0.16773802042007446
-0.041892439126968384
0.1555560976266861
0.08486783504486084
-0.04976283386349678
-0.11506534367799759
0.07735088467597961
-0.11525974422693253
0.06214915215969086
0.004664991982281208
0.06448715925216675
0.053777143359184265
0.018873155117034912
0.022486403584480286
0.061307430267333984
-0.16314354538917542
0.17469201982021332
-0.17077860236167908
-0.14319658279418945
-0.16491712629795074
0.08793475478887558
0.14512468874454498
-0.1703730821609497
-0.051334403455257416
0.05426395311951637
-0.12368252128362656
-0.0576513335108757
0.17373408377170563
-0.002354710828512907
-0.09543977677822113
0.11591673642396927
0.08927890658378601
-0.1249849945306778
0.05251851677894592
-0.07762490212917328
-0.06815078854560852
-0.1327449530363083
0.13232003152370453
-0.14996659755706787
0.07883049547672272
-0.0914962887763977
0.008143172599375248
-0.1743365377187729
-0.07489583641290665
0.05238524451851845
0.13459721207618713
0.0013943874510005116
0.15321418642997742
0.05523160845041275
0.12347674369812012
-0.034281861037015915
-0.11633287370204926
0.12591271102428436
-0.19882087409496307
-0.15077391266822815
0.05272764340043068
0.06099232658743858
-0.007898771204054356
-0.04551752284169197
0.052203595638275146
-0.19084055721759796
-0.013448628596961498
0.041219115257263184
0.12700212001800537
-0.3177237808704376
-0.1051570251584053
-0.05060642585158348
0.13715438544750214
-0.16633959114551544
-0.08270928263664246
0.24659377336502075
0.10160808265209198
-0.1399383544921875
-0.18379582464694977
-0.01612216793000698
0.006686827167868614
-0.12886670231819153
0.21632151305675507
-0.11690197885036469
0.10716933757066727
0.17726008594036102
0.20803578197956085
-0.14021845161914825
0.16583608090877533
0.35595858097076416
-0.08860643208026886
-0.03899383172392845
0.06847908347845078
-0.004637927748262882
0.12105251103639603
-0.04972824081778526
-0.12589940428733826
-0.15965835750102997
0.047559261322021484
0.2354799211025238
-0.08774057775735855
0.17270271480083466
0.11389303207397461
0.011827260255813599
-0.28211402893066406
0.15700866281986237
-0.04558546841144562
0.031057298183441162
0.02232671156525612
0.07693750411272049
0.13186052441596985
0.09092763066291809
-0.29387232661247253
0.053032711148262024
-0.05421580746769905
-0.05573651194572449
0.27592623233795166
0.024715036153793335
0.11626783013343811
0.06150361895561218
-0.08208315819501877
0.11467171460390091
0.10957355797290802
0.03278474882245064
-0.13764211535453796
0.0240482110530138
0.09526327252388
-0.011354966089129448
0.0828680768609047
-0.23828059434890747
-0.11593320965766907
-0.08943620324134827
-0.2902193069458008
0.05142025649547577
0.11243290454149246
0.05510954186320305
-0.046261027455329895
0.09496563673019409
-0.032711975276470184
0.1768873780965805
0.034008968621492386
-0.0784526839852333
-0.09412221610546112
0.13057993352413177
-0.10105694085359573
0.04289267957210541
0.15542763471603394
-0.021806269884109497
-0.11081881076097488
0.0054879807867109776
-0.13529762625694275
0.12712329626083374
-0.1364675909280777
0.1769629269838333
-0.053434818983078
-0.08984453231096268
0.004345214460045099
0.11378096789121628
0.20915330946445465
-0.20276956260204315
0.1380389928817749
0.08593405783176422
-0.030110426247119904
0.2620360553264618
-0.12958958745002747
-0.1778957098722458
-0.19400522112846375
-0.013266747817397118
-0.08543866872787476
0.1444263458251953
0.09803362190723419
0.12059656530618668
-0.09332529455423355
-0.12470495700836182
0.1185818463563919
0.08476852625608444
-0.05908685550093651
0.17752452194690704
0.059069931507110596
-0.11780927330255508
0.13001888990402222
0.13727082312107086
-0.056357819586992264
0.0941140428185463
0.09475959837436676
-0.09880376607179642
-0.04257515072822571
-0.11615467071533203
-0.044091373682022095
0.0776631161570549
0.04027274623513222
-0.16300170123577118
0.10965608060359955
-0.05632223188877106
0.10792361944913864
-0.0009937299182638526
0.04140634834766388
-0.21313491463661194
0.36318522691726685
0.02385735511779785
-0.15706732869148254
-0.04822210595011711
0.04921027272939682
-0.12432921677827835
-0.11411213129758835
-0.14433318376541138
0.06735959649085999
-0.06773313134908676
0.08597584813833237
0.019612660631537437
-0.1322498470544815
-0.08913668245077133
0.023576287552714348
-0.16329224407672882
-0.01743496023118496
0.3067280948162079
0.18873818218708038
0.05948786810040474
-0.47945570945739746
-0.20298022031784058
-0.036167945712804794
0.08296213299036026
0.202034592628479
0.10671907663345337
-0.14156539738178253
0.1931661069393158
0.0857439637184143
-0.15217886865139008
-0.16670963168144226
0.12828758358955383
0.023762842640280724
0.023421019315719604
0.07408565282821655
0.10542058944702148
-0.02102670632302761
0.10539446771144867
0.085285983979702
-0.09304334223270416
0.13104435801506042
0.17432154715061188
-0.03475052863359451
-0.022603850811719894
0.1297408491373062
0.05963611602783203
0.08843256533145905
0.01242662314325571
-0.06769631057977676
-0.037546705454587936
0.12526287138462067
-0.018430449068546295
-0.051939744502305984
-0.056999944150447845
0.012707913294434547
-0.14336250722408295
0.1769568920135498
-0.056112490594387054
0.07379595935344696
0.16178321838378906
-0.1536504626274109
0.07118703424930573
0.10958133637905121
-0.06460917741060257
0.12697358429431915
0.05391974002122879
0.14224983751773834
0.09897468984127045
0.1523638665676117
-0.01741814613342285
-0.09092502295970917
0.19884152710437775
-0.009452243335545063
0.12021216005086899
-0.08731845766305923
0.09515748918056488
0.09472121298313141
-0.06776113063097
0.11443598568439484
0.13837097585201263
0.07890674471855164
0.04102949798107147
0.07880987972021103
0.21600843966007233
0.20831765234470367
-0.011572297662496567
-0.15633998811244965
0.03294958919286728
0.14602211117744446
0.17397956550121307
-0.16842155158519745
-0.0744708701968193
0.11100704967975616
-0.21596117317676544
0.09384821355342865
0.2751436233520508
-0.21302679181098938
-0.2043856382369995
-0.15677610039710999
0.15380597114562988
0.2495131492614746
0.010490132495760918
-0.09783440828323364
-0.14135265350341797
0.1954008787870407
-0.13095737993717194
-0.29246553778648376
-0.0895097404718399
-0.06546926498413086
-0.23515352606773376
0.10593923926353455
-0.009936126880347729
0.13275152444839478
0.10779136419296265
0.06860804557800293
0.15879523754119873
-0.1089070662856102
-0.0682576596736908
0.20401597023010254
-0.13890214264392853
-0.05539318919181824
0.12889543175697327
0.14429830014705658
0.02157009206712246
-0.12266622483730316
-0.10961487144231796
0.029120806604623795
-0.006539933383464813
-0.04636743664741516
-0.045234233140945435
-0.14213509857654572
0.04453948512673378
0.16094809770584106
-0.16548891365528107
-0.07222715020179749
-0.020938079804182053
0.08316640555858612
-0.02546706795692444
-0.06300006806850433
0.01980133354663849
0.009749979712069035
-0.0923583060503006
0.1047108843922615
-0.08565279096364975
0.05962372571229935
-0.019702544435858727
-0.12717512249946594
-0.07493041455745697
0.04219718277454376
0.04104293882846832
-0.10264696180820465
0.07099985331296921
0.1458461731672287
-0.029484067112207413
0.06025557219982147
0.1343197375535965
-0.05532313138246536
0.15715985000133514
0.013880521059036255
0.09883616864681244
-0.09685008227825165
-0.15267467498779297
0.10710345953702927
-0.13963262736797333
0.07627265155315399
-0.17828170955181122
0.007240116596221924
0.03543256223201752
0.10504557192325592
-0.02211258001625538
-0.15553006529808044
0.03474222496151924
0.09180028736591339
-0.029010221362113953
0.1442396193742752
-0.15827149152755737
-0.1483260542154312
0.10508157312870026
0.0013873169664293528
0.006542958784848452
0.09584589302539825
-0.06959611177444458
-0.17255565524101257
-0.10868089646100998
0.015247926115989685
0.09818414598703384
-0.14357252418994904
0.13232652842998505
-0.028567027300596237
0.1101890429854393
-0.07638829201459885
0.0003305971622467041
0.1745177060365677
-0.03344959020614624
0.019219713285565376
-0.029202580451965332
-0.09211868047714233
0.11523528397083282
-0.0228232741355896
0.1660083383321762
-0.0392029769718647
0.1021718829870224
-0.01890045404434204
0.13947442173957825
0.06779181957244873
0.16578353941440582
-0.08821608871221542
0.09512902796268463
-0.1247052326798439
0.007813842035830021
0.17078392207622528
0.09202895313501358
0.1562039703130722
-0.04070817679166794
-0.03163772076368332
0.10739673674106598
-0.15833008289337158
-0.17242726683616638
-0.14912055432796478
-0.13459886610507965
-0.03653109073638916
0.08487983047962189
-0.0716298297047615
-0.11771392077207565
0.14241774380207062
-0.1259988248348236
-0.0775989219546318
-0.17171578109264374
0.07615288347005844
-0.11015070974826813
0.08220876753330231
-0.05249878391623497
-0.09521276503801346
-0.0824907198548317
-0.11587449908256531
-0.07980409264564514
0.022603020071983337
-0.14829663932323456
0.1484328657388687
-0.1704878807067871
0.03735896199941635
0.03648863360285759
-0.09201900660991669
-0.07103096693754196
0.10366189479827881
-0.06558685749769211
0.004954487085342407
-0.11716612428426743
-0.06458378583192825
-0.1074221283197403
-0.16163143515586853
-0.18751117587089539
0.039865292608737946
-0.15711906552314758
0.11708840727806091
-0.004652850329875946
0.13444726169109344
-0.01343207061290741
-0.02021758258342743
-0.16903828084468842
0.1569884866476059
-0.1375252902507782
-0.05752745270729065
-0.11973688006401062
0.08971549570560455
-0.07182607054710388
-0.1306961476802826
0.12497071921825409
0.10199432075023651
0.14284680783748627
-0.0878235325217247
-0.005180820822715759
0.06127326190471649
0.14190514385700226
-0.16768287122249603
0.14533109962940216
-0.0818336233496666
-0.06728500127792358
0.07533799111843109
-0.14231523871421814
-0.07986718416213989
-0.07451773434877396
0.11982680857181549
0.05306440591812134
0.024312496185302734
-0.15439258515834808
0.1646145135164261
0.03642760217189789
0.024126708507537842
0.15575866401195526
-0.10348682105541229
0.05971989035606384
0.03719404339790344
-0.10279329866170883
-0.08704221993684769
0.06415310502052307
-0.10439571738243103
-0.1022929698228836
0.10720349848270416
-0.1413632333278656
-0.07426834851503372
-0.06711586564779282
-0.17403142154216766
-0.15104940533638
0.1475955694913864
-0.06484730541706085
-0.17035861313343048
-0.05945318937301636
-0.016090363264083862
0.10187636315822601
-0.08894413709640503
-0.16336700320243835
-0.09763755649328232
-0.04094110429286957
-0.09771181643009186
0.15860195457935333
-0.03048992156982422
-0.06892569363117218
-0.07009080052375793
0.06890524923801422
0.05510123074054718
0.05834931135177612
-0.012366726994514465
-0.030348509550094604
-0.143061101436615
-0.07617604732513428
-0.027824416756629944
-0.07154208421707153
0.14099375903606415
-0.10465800017118454
-0.009019166231155396
0.10706891119480133
-0.11307527124881744
-0.0643552839756012
-0.006003782153129578
-0.025157079100608826
-0.04228407144546509
-0.14907807111740112
-0.17104974389076233
-0.10749051719903946
-0.09488292038440704
0.16092197597026825
-0.10862511396408081
-0.14239637553691864
0.09575797617435455
-0.1758718490600586
0.041995540261268616
0.007967695593833923
0.14864839613437653
0.10829378664493561
-0.1292564570903778
0.0190279483795166
-0.02732914686203003
0.007858827710151672
-0.08203332126140594
-0.016706332564353943
0.06800819933414459
0.005368247628211975
-0.13370931148529053
-0.006707668304443359
0.0086393803358078
0.09604693949222565
-0.057114966213703156
0.17145906388759613
0.14862675964832306
0.058273911476135254
0.001227065920829773
-0.07471675425767899
-0.04546165466308594
0.06883718073368073
-0.035703569650650024
0.164053276181221
0.07253021001815796
-0.12857991456985474
-0.036342889070510864
0.011584147810935974
-0.04614582657814026
-0.14854829013347626
-0.06727652996778488
-0.08492986112833023
-0.14315378665924072
-0.026849821209907532
0.04310320317745209
0.14126469194889069
0.0
0.25030478835105896
-0.07428422570228577
-0.20420527458190918
0.10146038234233856
-0.28417181968688965
-0.06675944477319717
0.14947733283042908
0.18045076727867126
-0.032766688615083694
0.12409569323062897
0.21836023032665253
-0.048364002257585526
-0.08464648574590683
0.09058421105146408
-0.03962228447198868
0.18747848272323608
0.1859065592288971
-0.21528366208076477
0.1992720514535904
0.22978076338768005
-0.08687853068113327
0.122060127556324
0.15468241274356842
0.1981857717037201
0.13588126003742218
-0.14612188935279846
-0.06044482812285423
0.2474229633808136
-0.18375615775585175
-0.11456029862165451
0.1742963343858719
0.015457645058631897
0.38700687885284424
0.18163904547691345
0.04312510043382645
0.28084278106689453
0.15245044231414795
0.04422939568758011
0.04525204375386238
-0.19220766425132751
-0.038887206465005875
-0.09800894558429718
0.041706159710884094
-0.15832515060901642
-0.01584906503558159
-0.029284203425049782
-0.004164651036262512
0.12280602753162384
-0.009223207831382751
-0.04381628707051277
0.05455045402050018
-0.10894203931093216
0.04950147122144699
0.033171772956848145
-0.14039528369903564
0.13243643939495087
0.10305345058441162
0.04192246496677399
0.1958124190568924
-0.16130270063877106
0.15363340079784393
0.08601322770118713
-0.04072237387299538
0.126031294465065
0.16472969949245453
-0.14084964990615845
0.03772177919745445
-0.0882008746266365
-0.008833195082843304
0.09621435403823853
0.06261910498142242
0.022092415019869804
-0.25511622428894043
-0.03153061121702194
0.02910616807639599
0.04488232731819153
-0.1839735358953476
-0.10132728517055511
0.04409386217594147
0.07433215528726578
0.014747187495231628
-0.1195429116487503
0.009086043573915958
-0.11538302153348923
-0.060203444212675095
-0.22831347584724426
0.1757526993751526
0.06444501876831055
0.2691245377063751
0.18821126222610474
0.4097369313240051
-0.03096843510866165
-0.05890677124261856
0.0021907563786953688
-0.12305016815662384
0.22469192743301392
-0.18453946709632874
0.19827520847320557
0.13268417119979858
0.041441936045885086
-0.13314509391784668
0.016219131648540497
0.11609954386949539
0.11745427548885345
0.14382144808769226
-0.17282195389270782
-0.17320458590984344
0.15843237936496735
-0.03543676808476448
0.045354150235652924
-0.013813940808176994
-0.13677579164505005
0.11662934720516205
0.1678316444158554
0.19702862203121185
-0.10350781679153442
0.06720824539661407
-0.15495668351650238
0.01778341270983219
-0.13475342094898224
0.05798540264368057
0.03009229525923729
-0.3509504199028015
0.20397837460041046
0.16352270543575287
0.12226090580224991
0.008011903613805771
-0.1518787294626236
0.1268472671508789
-0.21655437350273132
-0.27619820833206177
0.06314636021852493
0.22655996680259705
-0.04214804619550705
-0.17130941152572632
0.08050277829170227
0.03836143761873245
0.0731150433421135
-0.0631963312625885
-0.2265617400407791
-0.07487217336893082
0.02819928713142872
-0.004924768581986427
-0.04543713852763176
0.13819171488285065
0.10739465802907944
0.1917126327753067
0.1029900312423706
0.2274702787399292
0.11384084075689316
-0.10446333885192871
0.11350812762975693
0.2920477092266083
0.02280368097126484
-0.3625280261039734
0.31744036078453064
0.46518608927726746
0.22990682721138
-0.019177768379449844
0.1698637306690216
0.12939856946468353
-0.40233635902404785
-0.059826742857694626
-0.02211248315870762
-0.11870534718036652
-0.1265006810426712
-0.2559407353401184
0.13883055746555328
0.07478117942810059
0.21670803427696228
-0.14905039966106415
0.22125786542892456
-0.11873336881399155
-0.09845413267612457
-0.03564143925905228
-0.09956783801317215
-0.13738639652729034
-0.10484614223241806
-0.4157768785953522
0.16813696920871735
0.24801479279994965
0.13500788807868958
0.03579210862517357
-0.1391739398241043
0.1150064766407013
-0.023867761716246605
-0.11205746978521347
0.06723025441169739
0.14515075087547302
0.13016478717327118
-0.20958156883716583
-0.08445477485656738
-0.13363927602767944
0.06635402143001556
-0.45278680324554443
-0.15690124034881592
0.12985360622406006
0.22027897834777832
0.0076143392361700535
0.2146127074956894
0.02822069078683853
0.21629247069358826
0.07003448158502579
-0.011028149165213108
0.06635382026433945
-0.07906104624271393
-0.11307018995285034
0.09172742068767548
-0.001781308907084167
0.003431260585784912
-0.08952972292900085
-0.016902264207601547
0.11789368093013763
0.016177570447325706
-0.25275105237960815
0.03644043952226639
0.10707513242959976
-0.21585260331630707
0.19350233674049377
-0.24161100387573242
-0.01211230643093586
0.2678506076335907
0.15798306465148926
-0.1362597942352295
0.2117372304201126
0.08607227355241776
-0.02288961410522461
-0.2274564802646637
0.0802704468369484
0.18994566798210144
0.07127780467271805
0.0005558730335906148
0.1403779536485672
-0.27761605381965637
0.02302044816315174
-0.16987860202789307
-0.019651325419545174
0.12897048890590668
-0.12396190315485
-0.2820264995098114
0.07547076791524887
-0.08016513288021088
-0.02486896701157093
-0.10247492045164108
0.013474288396537304
0.12512917816638947
0.04382871091365814
-0.043666355311870575
-0.1432446539402008
-0.35189002752304077
0.023211028426885605
0.24842751026153564
0.08425591886043549
-0.10022783279418945
-0.02696842886507511
-0.09879166632890701
-0.0986255630850792
-0.07648339122533798
-0.18717122077941895
-0.047776058316230774
-0.09808190166950226
-0.06653818488121033
0.08810556679964066
-0.08481620997190475
0.28813400864601135
-0.24149304628372192
-0.0871528685092926
0.08399267494678497
0.07718867063522339
-0.07483719289302826
0.05302483215928078
0.081135094165802
-0.04084311053156853
-0.11702410876750946
-0.13795432448387146
-0.24205505847930908
0.18419750034809113
0.1378183811903
-0.2162996083498001
0.14555250108242035
0.02276260405778885
-0.17614351212978363
0.05520252883434296
-0.12377134710550308
-0.15410836040973663
-0.22961223125457764
-0.053542036563158035
0.22602951526641846
0.19796548783779144
-0.12574797868728638
0.19129221141338348
-0.12836812436580658
0.16133780777454376
-0.14322338998317719
-0.0009238817729055882
-0.20547735691070557
0.1779063493013382
-0.18605159223079681
-0.1612289994955063
-0.10558218508958817
-0.08582723140716553
-0.10799482464790344
0.11390118300914764
0.2859956622123718
-0.00853988528251648
0.12573504447937012
0.01353222131729126
-0.18836060166358948
0.10025231540203094
-0.06284768879413605
-0.1602019965648651
-0.1664770543575287
-0.10880531370639801
0.047223079949617386
0.25480619072914124
-0.15946133434772491
-0.17916852235794067
-0.21465656161308289
0.20222322642803192
0.2896334230899811
0.15801367163658142
-0.04944486916065216
-0.019343048334121704
-0.02984849363565445
-0.3103801906108856
-0.01767466776072979
0.23225533962249756
-0.06127167120575905
-0.42204737663269043
0.14284154772758484
0.24319836497306824
0.0807235985994339
0.09636186063289642
0.08361993730068207
-0.225645050406456
0.1540289968252182
0.06975501775741577
0.17078007757663727
-0.04366952180862427
-0.14659997820854187
-0.16850073635578156
0.16145135462284088
-0.01194507721811533
0.015114025212824345
0.12645600736141205
0.04550435021519661
0.17203791439533234
-0.23144260048866272
0.07645966112613678
-0.18670383095741272
0.17505206167697906
-0.12135720252990723
0.1521519273519516
0.2607952654361725
-0.26217755675315857
0.25069108605384827
0.4440610110759735
-0.0002143481106031686
-0.26448899507522583
-0.13975144922733307
0.15995602309703827
-0.10430897772312164
-0.08754955232143402
-0.12778306007385254
-0.10127191245555878
-0.17314556241035461
-0.14309647679328918
-0.06847837567329407
0.08073339611291885
-0.21489115059375763
0.008023516274988651
-0.19277355074882507
0.14610961079597473
-0.43013396859169006
0.4687155783176422
-0.07999660819768906
0.10379716753959656
0.06509487330913544
0.31954047083854675
0.08007615059614182
0.29383471608161926
-0.0788460224866867
-0.1757635772228241
0.046965908259153366
-0.1325463205575943
-0.07466407865285873
0.03511179983615875
-0.17347809672355652
-0.21169732511043549
-0.29001376032829285
-0.21250583231449127
0.156633198261261
0.017249953001737595
-0.009884091094136238
0.16504332423210144
0.13865789771080017
-0.043451160192489624
-0.1712712198495865
0.1780373752117157
-0.02916916087269783
0.13347285985946655
-0.059928372502326965
0.07744723558425903
-0.2385617345571518
0.182002454996109
-0.06180159002542496
0.4298602342605591
0.09002332389354706
0.2167508453130722
0.010290815494954586
-0.0537138432264328
0.08269881457090378
0.27402210235595703
-0.20563992857933044
0.13882534205913544
-0.032542746514081955
0.061063725501298904
-0.27318519353866577
0.04471498727798462
-0.28663235902786255
0.03339970484375954
0.008085851557552814
0.16071537137031555
-0.03047257848083973
-0.27019980549812317
-0.04196833074092865
-0.06530323624610901
0.0718219205737114
-0.04514540359377861
-0.038762934505939484
-0.0718860849738121
0.05554487556219101
0.006300385110080242
-0.11292991042137146
-0.06678017973899841
-0.059071965515613556
0.03005266562104225
-0.09261108189821243
0.010982422158122063
0.15092216432094574
-0.02719498984515667
-0.04809622839093208
0.15915654599666595
0.11785128712654114
0.038940444588661194
-0.0644979327917099
0.004224822390824556
-0.11247668415307999
-0.18187743425369263
0.12438622862100601
-0.065591961145401
0.07816068828105927
-0.2858394980430603
0.20918382704257965
-0.08394546061754227
-0.2611396908760071
-0.1127389594912529
-0.02741825021803379
-0.05823146551847458
0.20972734689712524
0.0013837229926139116
0.06901045888662338
0.16201692819595337
-0.026110239326953888
-0.10126849263906479
0.15124501287937164
-0.14646708965301514
-0.06885159760713577
-0.07549149543046951
-0.030937084928154945
-0.13263651728630066
0.06016222760081291
0.35720348358154297
0.18838047981262207
-0.0837775394320488
-0.2220170944929123
0.17536073923110962
-0.2729664444923401
-0.018587395548820496
-0.1265215277671814
0.1759517937898636
-0.07940229773521423
-0.024355946108698845
-0.10320508480072021
0.04402686282992363
-0.14777253568172455
-0.019716888666152954
-0.13354870676994324
-0.02488766424357891
0.16308222711086273
-0.1214764416217804
0.126652792096138
0.11638613045215607
-0.09776318818330765
-0.21720045804977417
-0.03222353756427765
-0.08505547791719437
0.03187984600663185
0.6916552782058716
0.07056578993797302
-0.13165664672851562
0.08079523593187332
-0.003933903761208057
-0.09473811089992523
0.0024745112750679255
0.10073873400688171
-0.17096687853336334
0.09524907916784286
0.08080919831991196
-0.01777667924761772
0.1474561244249344
-0.034910038113594055
-0.018661271780729294
0.037100501358509064
0.09905841201543808
-0.0014436201890930533
-0.16902683675289154
0.3912017047405243
0.01266467571258545
-0.031998276710510254
-0.2133530229330063
-0.23658400774002075
-0.1306578516960144
0.014493620954453945
0.2187197357416153
0.09551386535167694
0.22673825919628143
-0.17221799492835999
-0.02029530517756939
-0.004318151157349348
-0.12864741683006287
0.18904994428157806
-0.15780878067016602
-0.08666585385799408
-0.10705313831567764
0.14316236972808838
0.005950208753347397
0.1259632408618927
-0.1321125477552414
-0.0086072301492095
0.06251858174800873
-0.18689383566379547
-0.03470374643802643
0.36444345116615295
0.1104154884815216
0.06679493188858032
0.15126000344753265
-0.04590056836605072
0.168594092130661
-0.0039049535989761353
0.13314664363861084
0.41028672456741333
0.038431715220212936
0.04785451292991638
0.07975006848573685
-0.02019455097615719
0.07171177119016647
-0.15441803634166718
0.2029722034931183
-0.18139049410820007
0.05029752105474472
0.15993767976760864
-0.00077858567237854
-0.26966196298599243
0.03274199366569519
0.10200038552284241
0.12551377713680267
0.027643991634249687
-0.035135094076395035
0.17079463601112366
0.07632708549499512
0.069977767765522
-0.06208173558115959
0.03569015860557556
-0.08722987025976181
-0.19884920120239258
0.034944429993629456
0.0766214057803154
0.10846829414367676
-0.09524192661046982
-0.03949424624443054
-0.5012059807777405
0.06571612507104874
-0.0417763814330101
-0.12327609956264496
-0.2600834369659424
-0.38167333602905273
0.020634084939956665
0.026284508407115936
-0.069478839635849
0.09159006178379059
-0.06007456034421921
0.09524227678775787
0.04676702991127968
-0.05026817321777344
0.014688377268612385
-0.015453442931175232
0.09375767409801483
-0.2623060941696167
0.06796643137931824
-0.0706794261932373
0.41450372338294983
0.03711199760437012
0.15928518772125244
0.05816679447889328
-0.038144584745168686
0.15611563622951508
0.23647768795490265
0.09175967425107956
-0.06373680382966995
-0.17399272322654724
0.01452483981847763
-0.12130462378263474
-0.05984443053603172
0.43736642599105835
0.3095894157886505
0.05812148004770279
-0.026497093960642815
0.19788403809070587
0.0026296137366443872
0.058186810463666916
0.03594518452882767
-0.21448417007923126
-0.20850680768489838
-0.06645217537879944
0.40183666348457336
-0.1195736676454544
0.22841380536556244
-0.22032171487808228
0.16682226955890656
0.0014142151921987534
-0.13514047861099243
0.13856782019138336
-0.022354327142238617
-0.010939278639853
0.009799644351005554
0.022187551483511925
0.14314420521259308
-0.12659244239330292
0.12237308919429779
0.13085034489631653
-0.2696840763092041
-0.027473509311676025
-0.14273177087306976
0.09222742170095444
-0.07649324089288712
-0.3765452802181244
0.11480847001075745
0.5113926529884338
-0.056041229516267776
-0.2223697453737259
0.15492907166481018
-0.1378815919160843
-0.10434819012880325
-0.10492963343858719
-0.07369281351566315
0.049856312572956085
0.35593804717063904
0.2971678078174591
-0.10144443064928055
-0.14232036471366882
-0.11058404296636581
0.00511514488607645
-0.07073060423135757
-0.1335565149784088
0.09991593658924103
0.11083655059337616
0.2677277624607086
0.17279748618602753
-0.16050167381763458
-0.20148490369319916
-0.14987380802631378
0.20593377947807312
0.199589341878891
-0.023376716300845146
-0.07116512954235077
0.11978457868099213
0.11452095955610275
0.0740668848156929
-0.19105882942676544
0.13238149881362915
-0.1772116720676422
-0.3780718743801117
-0.08274554461240768
0.02151438035070896
0.04142998531460762
0.3933669924736023
-0.2503209114074707
-0.07041863352060318
0.19902858138084412
0.007747536990791559
-0.010905623435974121
-0.07771871238946915
0.11093278229236603
-0.005771789699792862
-0.1753426045179367
-0.13567475974559784
-0.021827923133969307
-0.10507553070783615
0.0015606613596901298
-0.15975534915924072
0.10325440764427185
-0.1619509905576706
0.0016473060240969062
-0.04584132507443428
0.028000226244330406
-0.20712724328041077
-0.06727928668260574
-0.12949277460575104
-0.07947715371847153
0.2846504747867584
-0.37616536021232605
0.09131830930709839
0.15812933444976807
0.12263431400060654
0.2793315052986145
-0.04086308926343918
0.1972566694021225
-0.08050202578306198
0.09427262842655182
0.014906123280525208
0.05830727145075798
0.10835300385951996
-0.04204489290714264
-0.1493891477584839
-0.08883687108755112
0.1544717699289322
0.008580351248383522
-0.010081738233566284
0.26871249079704285
0.38106951117515564
0.024256184697151184
0.1518348753452301
0.1754622757434845
0.03721392899751663
-0.4383261501789093
-0.11449945718050003
-0.26150718331336975
0.1572127789258957
-0.029723182320594788
0.20022591948509216
-0.35734298825263977
0.3131498396396637
-0.39461439847946167
0.2788255512714386
-0.3607296645641327
-0.26867836713790894
0.04526005685329437
0.11321873962879181
0.11592750996351242
0.08511492609977722
0.046661246567964554
0.049695923924446106
0.05746682360768318
0.2784900665283203
-0.5745812058448792
0.27415940165519714
0.138305202126503
-0.03535817191004753
0.028372259810566902
-0.16189230978488922
0.06947259604930878
-0.26575830578804016
-0.0921291932463646
-0.04013955593109131
0.36320075392723083
-0.03980636224150658
0.3222642242908478
0.10582395642995834
-0.027474861592054367
-0.0312543623149395
-0.05076195299625397
0.0004945570835843682
0.040418654680252075
0.1169404610991478
0.1131887137889862
-0.051469702273607254
0.25188472867012024
0.15841615200042725
-0.11732064187526703
0.12857408821582794
0.09463761746883392
0.017742160707712173
-0.06535454839468002
0.024785200133919716
0.10997389256954193
0.029800517484545708
-0.13982215523719788
-0.14885447919368744
0.09624991565942764
-0.2896844744682312
-0.07628689706325531
-0.21668879687786102
0.21201840043067932
-0.018515130504965782
0.040834587067365646
0.02110927365720272
0.1548120081424713
0.1794447898864746
0.29787155985832214
-0.25174692273139954
0.03896569088101387
0.024420978501439095
0.07419438660144806
0.0399126298725605
-0.15655222535133362
0.033424556255340576
0.15332993865013123
-0.11473436653614044
-0.015254377387464046
0.05804622173309326
0.3774603605270386
0.39018625020980835
0.05339875444769859
0.08305969089269638
-0.05272350460290909
-0.1317821443080902
0.13092179596424103
0.016744334250688553
0.2553993761539459
0.09805451333522797
0.253252238035202
-0.031326279044151306
0.11897337436676025
0.019898533821105957
-0.07611212134361267
-0.00026201404398307204
-0.13951817154884338
0.08546581864356995
0.04415728151798248
-0.05579322576522827
-0.03335291147232056
0.04198245331645012
0.20620886981487274
-0.2750955820083618
0.1129239872097969
-0.047930069267749786
0.1411350816488266
0.07557056844234467
0.1668623983860016
-0.32125982642173767
-0.1872144192457199
-0.2875659465789795
0.18470391631126404
0.34019988775253296
0.005649033468216658
-0.11726758629083633
0.35761070251464844
-0.10110059380531311
-0.009554767049849033
-0.20082107186317444
-0.0822235718369484
-0.17298583686351776
-0.06192365288734436
-0.016856208443641663
0.04480297863483429
-0.02435680851340294
0.10661689937114716
-0.1361175775527954
0.23893412947654724
-0.144021138548851
-0.057025108486413956
-0.3457328677177429
-0.1115010529756546
0.1127215251326561
-0.2845990061759949
-0.2095443159341812
0.04561597481369972
0.05905565619468689
-0.20874091982841492
0.07204234600067139
-0.06328997761011124
-0.10120903700590134
-0.053338997066020966
0.18746566772460938
0.24307161569595337
-0.012193542905151844
0.03715658187866211
0.04404702037572861
0.21126846969127655
0.18177509307861328
0.13404086232185364
0.04100881144404411
0.11121816188097
0.29594916105270386
0.13061249256134033
-0.13730347156524658
-0.22124890983104706
-0.08591717481613159
0.08021271973848343
0.38296687602996826
-0.00479867635294795
-0.10606113821268082
0.019018471240997314
-0.3356407582759857
-0.1254679262638092
0.22671917080879211
0.0874536782503128
0.21042749285697937
0.14298774302005768
0.017343338578939438
0.07190670818090439
0.10656917840242386
-0.17290782928466797
0.17140740156173706
-0.33540236949920654
0.014636486768722534
-0.03129316493868828
0.005236760713160038
0.1525706648826599
-0.062295570969581604
-0.07320299744606018
-0.1245608776807785
0.2562974989414215
-0.25690892338752747
-0.015515734441578388
-0.060589950531721115
-0.1700478047132492
0.02732938900589943
-0.005428839474916458
-0.013439033180475235
0.257615864276886
-0.013431954197585583
-0.08309756219387054
-0.042679376900196075
0.04180017113685608
-0.050484269857406616
-0.09036548435688019
0.04252265393733978
-0.11988229304552078
0.05306217819452286
-0.057234879583120346
-0.14152739942073822
0.13639745116233826
0.09783940017223358
0.12824653089046478
0.14973972737789154
0.20524340867996216
0.14837227761745453
0.08779476583003998
-0.2958703339099884
0.17281930148601532
0.1472310721874237
-0.15017755329608917
-0.18634192645549774
-0.05257658287882805
-0.05217256769537926
-0.13712508976459503
0.08692467957735062
0.14749528467655182
0.12321386486291885
0.07772611081600189
0.17735838890075684
-0.04871281981468201
0.041708000004291534
0.046939022839069366
0.3048696219921112
0.11440872400999069
-0.18703825771808624
-0.02581336535513401
0.024301916360855103
-0.13170002400875092
0.10402745008468628
-0.10424230247735977
-0.02213284932076931
-0.08963194489479065
0.15766651928424835
-0.000909656286239624
-0.10387199372053146
0.2628399431705475
-0.04543575271964073
-0.04925170913338661
0.14856339991092682
0.01963125541806221
0.08325432240962982
0.35687291622161865
-0.13394825160503387
0.05563295632600784
-0.06304541230201721
0.13526958227157593
0.04145054146647453
-0.1250271052122116
0.006598182488232851
-0.0652308464050293
-0.11973077058792114
0.03047962859272957
-0.07969315350055695
0.23176240921020508
-0.1590450406074524
0.11817130446434021
-0.1920822709798813
0.32396018505096436
0.024201972410082817
0.24907279014587402
0.0009951528627425432
0.3122999370098114
0.17493757605552673
0.14271892607212067
0.2933717668056488
0.012921134941279888
0.03494441509246826
0.24342583119869232
0.2050642967224121
0.385121613740921
0.15854299068450928
0.29829296469688416
-0.09975963830947876
0.0676669329404831
0.21800822019577026
-0.1191091313958168
0.22706973552703857
0.2592266798019409
0.008539135567843914
-0.06427162885665894
0.18276675045490265
-0.12632818520069122
0.11784368753433228
-0.1119447648525238
0.02541463077068329
0.08107801526784897
0.03848740831017494
0.19333410263061523
0.08418671786785126
-0.11462485790252686
0.10714880377054214
-0.045602813363075256
0.024506207555532455
0.0924985483288765
0.10439493507146835
-0.04922092705965042
0.08469489216804504
-0.03817998617887497
0.12229572236537933
0.5409030318260193
0.2947850525379181
-0.27916014194488525
0.1733963042497635
0.13127641379833221
0.05926962196826935
0.012265549972653389
-0.31763461232185364
0.17486582696437836
-0.38355982303619385
0.0063634151592850685
-0.08786910772323608
-0.21244604885578156
-0.1195305734872818
-0.16794060170650482
0.008204667828977108
0.10591048002243042
0.053372111171483994
0.1755709946155548
-0.05125586688518524
-0.07972155511379242
-0.21432438492774963
0.1826075166463852
0.02880779467523098
-0.10239892452955246
-0.05864769592881203
-0.22610633075237274
-0.1276237517595291
0.09019538015127182
0.12464401125907898
0.09897150099277496
0.1268814355134964
-0.13884440064430237
-0.149224653840065
-0.1567726582288742
-0.18116341531276703
0.6577049493789673
0.2886122465133667
0.07712982594966888
-0.0316287986934185
0.09169430285692215
-0.038088489323854446
-0.11871734261512756
-0.07008674740791321
-0.032742489129304886
-0.03888721764087677
0.1962587982416153
-0.11765870451927185
0.10069479048252106
0.07432697713375092
0.005566484294831753
0.15088562667369843
-0.01912912353873253
-0.04232429340481758
-0.16800034046173096
0.16482524573802948
0.09439428150653839
-0.0641855001449585
0.04276566207408905
-0.1569652408361435
0.05840408429503441
0.19406801462173462
-0.11162891983985901
-0.13827916979789734
0.21228152513504028
-0.1439780592918396
0.2058180868625641
0.6329288482666016
0.06372422724962234
-0.4948905110359192
-0.013374474830925465
0.08182007074356079
0.023074083030223846
0.1113404929637909
-0.12763123214244843
-0.19161583483219147
0.032931357622146606
0.03646452724933624
0.16664999723434448
-0.14506232738494873
-0.04022495448589325
-0.026854777708649635
-0.1551896631717682
0.1645333468914032
-0.2708258628845215
0.1290648728609085
-0.06015266850590706
0.05492406710982323
-0.15530474483966827
-0.030755111947655678
-0.052006371319293976
0.13935540616512299
-0.08671664446592331
-0.0007545202970504761
0.2332025021314621
-0.008950910530984402
-0.07073626667261124
0.2326272577047348
-0.2106301188468933
-0.029350977391004562
-0.08390119671821594
-0.011915932409465313
-0.13475418090820312
0.1251996010541916
0.27294421195983887
-0.024059748277068138
0.06448586285114288
0.12482204288244247
-0.2238135039806366
-0.21930107474327087
-0.28641006350517273
0.06030242145061493
-0.1687345802783966
-0.15271206200122833
0.09427399933338165
0.4172092080116272
-0.02934296987950802
-0.18732850253582
0.12199024856090546
-0.023394815623760223
0.11294788122177124
-0.23571306467056274
-0.02561773732304573
0.16780459880828857
0.24954083561897278
0.148276224732399
0.13095629215240479
0.0057844920083880424
-0.11255241930484772
0.08357234299182892
-0.0065523236989974976
-0.08081968128681183
-0.006675713695585728
-0.022989144548773766
-0.18112990260124207
-0.07361509650945663
-0.11741665005683899
-0.10738460719585419
0.05422575771808624
0.05515775829553604
0.1341913938522339
0.028140146285295486
0.15022051334381104
0.07075349241495132
0.0037448678631335497
-0.12484800070524216
-0.009819473139941692
-0.02706177532672882
0.16291575133800507
0.006991925183683634
0.03881797939538956
0.1327083855867386
0.06928987801074982
0.06696563214063644
0.05687437579035759
0.0043959724716842175
0.12065590173006058
-0.09761585295200348
-0.1363833248615265
-0.15328644216060638
-0.11943977326154709
0.10349811613559723
-0.19207164645195007
-0.12710341811180115
-0.08183170855045319
0.058716002851724625
0.1335100531578064
-0.13419945538043976
-0.04621480032801628
-0.08939161151647568
0.12298678606748581
-0.08312159776687622
-0.14776360988616943
0.04598144814372063
-0.14241018891334534
0.09211137145757675
0.1657891720533371
-0.11092274636030197
0.01827697455883026
-0.17888243496418
0.03387506306171417
-0.10803362727165222
-0.1289302408695221
-0.18508973717689514
-0.022230183705687523
0.12816224992275238
-0.12404905259609222
0.10178038477897644
0.1353638768196106
-0.12824003398418427
-0.18254855275154114
0.00962798297405243
0.07432873547077179
0.13710348308086395
-0.009609147906303406
0.15281270444393158
0.0005054622888565063
-0.15177252888679504
-0.1628112494945526
-0.16395249962806702
0.03168623521924019
-0.1600901037454605
0.08841113746166229
0.04918836057186127
-0.05903036519885063
0.0006487667560577393
-0.10752082616090775
-0.1030040755867958
-0.13536252081394196
0.017375633120536804
-0.08272725343704224
-0.015669137239456177
-0.0745236799120903
0.1617254763841629
-0.009915594942867756
0.017405731603503227
-0.05562671646475792
-0.058027517050504684
0.01865222305059433
-0.10628814995288849
0.13523583114147186
-0.17685112357139587
-0.16018342971801758
-0.015081241726875305
-0.16430817544460297
-0.12386933714151382
0.15703949332237244
-0.16843748092651367
-0.18256454169750214
0.07750989496707916
-0.07587102055549622
0.06979312002658844
0.10194409638643265
0.08967319875955582
0.06127806007862091
-0.09998861700296402
0.04302298277616501
-0.0004904568195343018
0.13553743064403534
0.014342596754431725
0.0331745445728302
-0.09999199211597443
0.12358972430229187
0.15271560847759247
-0.18589448928833008
-0.051360417157411575
0.06597729027271271
0.06220465898513794
-0.08024981617927551
-0.009664790704846382
-0.1525305062532425
0.07112350314855576
-0.10844829678535461
-0.1517772078514099
-0.04486691951751709
-0.1416517198085785
-0.00984115805476904
0.11935274302959442
-0.35359612107276917
0.1301170438528061
-0.28367161750793457
-0.026541071012616158
0.10860887169837952
-0.2143380343914032
0.07573676854372025
0.1651359647512436
-0.0751659944653511
0.24521248042583466
0.13996201753616333
0.05801927298307419
-0.009746136143803596
-0.019495997577905655
-0.030271895229816437
-0.08754389733076096
-0.17709146440029144
0.09710025042295456
-0.001401317655108869
0.16791027784347534
0.05742577835917473
-0.32145771384239197
-0.05480071157217026
-0.1387326866388321
0.033922020345926285
0.11044491827487946
-0.26231256127357483
-0.11230199784040451
-0.1402938961982727
0.06877139955759048
-0.16509974002838135
-0.10137415677309036
0.006949442904442549
-0.06659805774688721
-0.06346485763788223
0.13129769265651703
0.054382722824811935
-0.14633843302726746
0.06630154699087143
0.016942700371146202
-0.054979968816041946
-0.07558310776948929
-0.041307564824819565
-0.16361409425735474
0.4701203405857086
0.0030647963285446167
-0.07527094334363937
0.08206324279308319
0.08928541094064713
0.12163315713405609
0.048138607293367386
-0.0994938388466835
0.11250332742929459
0.08440569788217545
0.1072298064827919
-0.16829349100589752
0.1121407002210617
0.01157640665769577
-0.050284747034311295
-0.082700714468956
-0.07437499612569809
0.07366611063480377
0.07185661792755127
0.12146885693073273
0.22804045677185059
-0.01556605938822031
0.08926922082901001
0.046288199722766876
0.11798371374607086
-0.020673993974924088
-0.0657820925116539
-0.08433368802070618
0.021447839215397835
0.09621280431747437
0.012025943025946617
-0.019259801134467125
0.1572474241256714
0.07422439754009247
-0.0980377346277237
0.036251217126846313
0.146500363945961
0.10979600995779037
-0.14540527760982513
0.008864288218319416
0.3091960847377777
0.19317203760147095
-0.1466866284608841
-0.07322658598423004
0.07759065181016922
0.2264724224805832
0.006845356430858374
0.14748305082321167
0.07565449923276901
0.12564237415790558
0.06220512092113495
0.1947523057460785
-0.12555193901062012
0.248355895280838
0.09885171055793762
0.050934046506881714
0.0888967290520668
-0.1000862717628479
-0.06065651774406433
0.16096967458724976
-0.1493927389383316
0.1463378518819809
0.14858324825763702
0.000921307597309351
-0.043340109288692474
0.2778141498565674
0.20882467925548553
-0.16143573820590973
0.07125391811132431
-0.007238007616251707
0.14484041929244995
-0.20416808128356934
0.06943202763795853
-0.19630345702171326
0.07530514895915985
0.003119788598269224
0.0794304758310318
-0.250152051448822
0.015155286528170109
0.06201120838522911
-0.052885185927152634
-0.12253228574991226
0.09155727922916412
-0.052646100521087646
0.1806247979402542
-0.18564637005329132
0.38683098554611206
-0.04088687151670456
0.07733112573623657
0.08731313049793243
0.010553267784416676
0.009168109856545925
-0.17867711186408997
0.1557009071111679
-0.36505988240242004
-0.099546879529953
0.10855505615472794
0.09242147952318192
0.17120185494422913
0.04573678970336914
0.06518448144197464
0.15220192074775696
-0.137767031788826
-0.03163557127118111
0.19394268095493317
0.146291583776474
0.4313230514526367
0.09132091701030731
0.10048696398735046
0.18406477570533752
0.0878930389881134
0.11158548295497894
0.04745699092745781
0.003112065838649869
-0.023897433653473854
0.10970984399318695
-0.25967445969581604
0.11979455500841141
-0.14653174579143524
-0.26026347279548645
0.007719120010733604
-0.02561410702764988
0.1295187622308731
0.06886470317840576
-0.2165696620941162
0.22738809883594513
-0.04282655566930771
0.14333447813987732
0.10106384009122849
-0.01727810688316822
0.13262782990932465
0.19577769935131073
-0.0016038566827774048
-0.06709939241409302
-0.029844939708709717
-0.14350546896457672
-0.003988056443631649
0.10034738481044769
0.051147524267435074
0.0595436617732048
-0.14932239055633545
-0.04086385667324066
0.11370310932397842
-0.0645456463098526
-0.019394367933273315
0.08847251534461975
-0.014365896582603455
0.1052507609128952
-0.04140670597553253
-0.10259567946195602
0.13829775154590607
-0.06682940572500229
0.3910008668899536
0.1073155477643013
0.36941495537757874
-0.23340140283107758
0.052761100232601166
0.1335219293832779
0.02226841449737549
-0.045193154364824295
-0.14684058725833893
-0.17098678648471832
-0.05510801821947098
-0.08376952260732651
0.003317594528198242
0.059853196144104004
-0.013436337001621723
0.11798892915248871
-0.15546777844429016
0.02796199545264244
0.12419123947620392
-0.04880482330918312
-0.328259140253067
0.15404069423675537
-0.052466511726379395
-0.07644980400800705
0.042199086397886276
-0.037173137068748474
0.14704422652721405
-0.1535501927137375
0.03840767964720726
-0.1584332287311554
-0.07127224653959274
0.024683406576514244
-0.004750295542180538
-0.08757190406322479
0.0457611158490181
0.015558809041976929
-0.0077247172594070435
0.04303368553519249
0.03093341365456581
-0.1203407272696495
-0.06684748828411102
-0.07937673479318619
0.05246946960687637
-0.06886132806539536
0.018947068601846695
-0.18399029970169067
-0.016515376046299934
0.17763268947601318
0.48292672634124756
0.04518282413482666
-0.09306556731462479
0.06659252941608429
-0.06127002462744713
0.021291261538863182
-0.16199836134910583
0.17602203786373138
0.19885730743408203
0.10437585413455963
0.1525123417377472
-0.1316346377134323
-0.004043897148221731
-0.18351547420024872
-0.496097207069397
0.24446885287761688
0.24107596278190613
0.13727599382400513
-0.06814402341842651
0.08370806276798248
0.1374470442533493
-0.22801944613456726
0.07323648035526276
0.03763725236058235
0.22629451751708984
-0.046263329684734344
-0.27506014704704285
-0.21818363666534424
-0.1447257101535797
0.013119847513735294
0.16496199369430542
0.16663667559623718
0.18662376701831818
0.11526530236005783
0.1328504979610443
-0.2937410771846771
-0.15912503004074097
0.20508955419063568
0.05864356458187103
-0.21479284763336182
-0.3225196897983551
-0.16404467821121216
-0.015946097671985626
-0.12787185609340668
-0.07218275964260101
0.2136646807193756
0.07118061184883118
-0.06292825937271118
-0.08613090217113495
0.08365630358457565
0.024639207869768143
0.06406546384096146
0.05477464944124222
-0.042780399322509766
0.08729838579893112
-0.19674085080623627
0.09176086634397507
-0.03790290653705597
-0.3279787003993988
-0.126969575881958
-0.05740918219089508
-0.13157689571380615
0.19071842730045319
-0.02646683156490326
-0.0921010822057724
0.04432861506938934
-0.19696737825870514
0.08373597264289856
-0.039142295718193054
0.1248185932636261
-0.03356549143791199
-0.24089641869068146
-0.1376757025718689
-0.01754685491323471
0.16016526520252228
0.11056727916002274
-0.1391337811946869
-0.1631443351507187
0.008790062740445137
-0.12211032956838608
0.23434515297412872
0.13739338517189026
-0.06867137551307678
-0.5723000764846802
0.12099508196115494
-0.0988885834813118
-0.12509453296661377
0.08400154113769531
0.03434489294886589
-0.04814395681023598
0.06314922869205475
-0.07333045452833176
0.10709348320960999
0.15213795006275177
-0.07601790875196457
0.2714645266532898
-0.0160558819770813
0.05914306640625
-0.4423454999923706
0.07648570090532303
0.09343449771404266
0.019330792129039764
-0.028254546225070953
-0.38964954018592834
0.001160428044386208
-0.00404073391109705
0.0056078252382576466
-0.002690359950065613
0.03627908229827881
0.18709246814250946
0.2369132786989212
-0.029797203838825226
0.11578922718763351
-0.07915223389863968
-0.07857071608304977
0.08515330404043198
-0.08164101839065552
0.24801863729953766
0.1649881899356842
0.10150611400604248
-0.016449999064207077
0.3540564775466919
0.006798465270549059
0.04190501570701599
0.04687998816370964
0.03749673813581467
-0.037360742688179016
0.13178932666778564
-0.015147828496992588
-0.048249538987874985
0.049179695546627045
0.06482402235269547
-0.1133555918931961
0.020007962360978127
-0.10402870923280716
0.1063317358493805
0.09312665462493896
-0.04021844640374184
0.20575003325939178
-0.1621461659669876
-0.02255287952721119
0.011706468649208546
0.31556594371795654
0.2075682133436203
0.5057001113891602
0.2793242335319519
0.019980287179350853
-0.07433895021677017
-0.0725511759519577
0.17321808636188507
0.28769585490226746
0.07775326073169708
-0.18756458163261414
0.053474392741918564
-0.0695292204618454
-0.09304860979318619
0.15515299141407013
-0.018463080748915672
-0.036450810730457306
0.1566397249698639
-0.08381231129169464
-0.08452311903238297
-0.0723213404417038
-0.21895545721054077
0.3729320764541626
0.04816879704594612
-0.1292344331741333
0.11560917645692825
0.02512914501130581
0.12367530912160873
0.0655699074268341
0.10027585178613663
-0.5336090922355652
-0.030684173107147217
0.05369969829916954
0.09979595988988876
0.12751512229442596
-0.2644343972206116
0.17394989728927612
0.3132414221763611
0.036328963935375214
-0.06089721992611885
0.02519076131284237
-0.0809839591383934
-0.20215268433094025
0.12580446898937225
-0.1919018030166626
0.08490197360515594
-0.11276861280202866
0.05563099682331085
-0.0028082430362701416
-0.2595632076263428
0.019083455204963684
0.07440228015184402
0.10805457830429077
-0.28456729650497437
0.18611310422420502
-0.06210159882903099
0.017622731626033783
0.17267398536205292
0.00353187951259315
0.14504362642765045
-0.16262827813625336
0.08342393487691879
-0.068460613489151
0.08407865464687347
-0.07574614882469177
0.4051460921764374
0.10174277424812317
0.005400107242166996
0.42500582337379456
-0.07776840031147003
0.15864811837673187
-0.008148794062435627
-0.19713398814201355
-0.05933162569999695
-0.14927208423614502
-0.14518682658672333
0.10790456831455231
-0.13574787974357605
-0.030597016215324402
-0.019813138991594315
-0.17601430416107178
-0.09527653455734253
0.32425928115844727
-0.17183783650398254
-0.16571325063705444
0.016831256449222565
-0.13973328471183777
0.045449476689100266
-0.038153380155563354
0.14524751901626587
-0.0011401183437556028
0.22600188851356506
0.3041021525859833
0.015322890132665634
0.011915460228919983
-0.21170847117900848
0.06971683353185654
0.1957697570323944
-0.01528321672230959
-0.14961767196655273
0.029943212866783142
-0.11159903556108475
0.0682823583483696
0.07267440110445023
-0.21266919374465942
0.03876042366027832
-0.04014240577816963
-0.08820877969264984
0.29290539026260376
-0.13343511521816254
0.07016608864068985
0.31245744228363037
0.3744102716445923
0.06503956764936447
-0.10221795737743378
0.1390295773744583
-0.11721929162740707
0.1248631477355957
-0.20062857866287231
-0.034295737743377686
0.13414449989795685
0.0003429050266277045
-0.12358060479164124
-0.019280944019556046
0.1242053359746933
-0.0691574439406395
-0.013756811618804932
-0.04432098567485809
0.07689148187637329
0.06747465580701828
-0.09334094077348709
0.025370335206389427
0.3284580111503601
0.005505058448761702
0.024005917832255363
-0.01622362807393074
-0.14869143068790436
-0.055677540600299835
-0.11589515209197998
0.09076749533414841
-0.10646897554397583
0.10828665643930435
0.22977644205093384
-0.03991547226905823
0.1785309612751007
0.09373354911804199
-0.1296524554491043
0.22942961752414703
-0.05461752414703369
0.0047532119788229465
0.005943544674664736
-0.20354393124580383
0.0010388316586613655
0.06766248494386673
-0.10651625692844391
-0.1752629578113556
0.09655611217021942
0.028228409588336945
0.16547803580760956
0.03329513594508171
-0.1569095104932785
-0.3060472905635834
-0.14004331827163696
-0.14467743039131165
-0.07681602239608765
0.008124922402203083
0.026619574055075645
0.06863924860954285
0.01839507557451725
-0.02805822715163231
0.14634963870048523
0.0816984474658966
-0.012321487069129944
-0.13635161519050598
-0.004362883977591991
-0.01627981662750244
0.03172793239355087
0.15965904295444489
-0.20907852053642273
0.06278131902217865
0.19785526394844055
-0.11671807616949081
0.15105076134204865
-0.16266153752803802
0.05595603585243225
0.24242796003818512
-0.10912235826253891
0.11947048455476761
0.09234850108623505
0.08705019950866699
-0.17083531618118286
0.11961853504180908
0.13389228284358978
0.04475502669811249
-0.18465518951416016
-0.29113370180130005
0.07144591212272644
0.39278924465179443
-0.12130121141672134
-0.4006079137325287
0.21000805497169495
-0.21942178905010223
0.009657558985054493
-0.044715266674757004
0.05781835317611694
-0.16472359001636505
-0.10304808616638184
0.003144994378089905
-0.050041377544403076
-0.025070130825042725
-0.12564703822135925
-0.18211373686790466
-0.044078901410102844
0.19905133545398712
-0.21629232168197632
0.031685974448919296
0.17326807975769043
0.13555535674095154
0.11079476773738861
-0.19547230005264282
0.13673356175422668
-0.22525255382061005
0.07557883858680725
0.15428991615772247
0.16151022911071777
-0.16026975214481354
0.1462468057870865
-0.06722883135080338
0.17491574585437775
-0.16769838333129883
0.035823505371809006
0.10989081859588623
0.1236426830291748
0.013352683745324612
0.17461076378822327
-0.10613033920526505
-0.22542789578437805
-0.0025609403382986784
0.10316025465726852
-0.08278581500053406
-0.337175190448761
-0.02829167991876602
0.19707034528255463
-0.010932317934930325
-0.21053868532180786
0.12184679508209229
-0.007698181085288525
0.11484319716691971
-0.1335744857788086
-0.17961931228637695
0.037655942142009735
0.17476941645145416
0.06848568469285965
0.009430994279682636
-0.17245492339134216
-0.028018683195114136
-0.08249141275882721
0.033806148916482925
-0.01578827016055584
0.01679740846157074
0.14152581989765167
-0.04843488335609436
0.06056954711675644
-0.17235040664672852
-0.059780314564704895
-0.18708574771881104
0.09809724241495132
0.06871967017650604
0.056890618056058884
-0.013881468214094639
0.09651556611061096
-0.12420044094324112
-0.04591862112283707
0.09548380970954895
-0.18518586456775665
-0.08081772178411484
0.13575679063796997
-0.07641458511352539
0.1349361687898636
0.03748767450451851
-0.16672034561634064
-0.07331670820713043
0.021206997334957123
-0.024185381829738617
-0.1628495156764984
-0.18225982785224915
0.14745955169200897
-0.1371166855096817
-0.15676866471767426
0.09713582694530487
0.03426964208483696
-0.11249495297670364
-0.03792436048388481
-0.03748185932636261
0.1429821103811264
0.017421692609786987
0.11825887858867645
0.03467011824250221
-0.06675032526254654
0.13393087685108185
-0.09837095439434052
0.05425397679209709
-0.02482512593269348
0.0641028955578804
0.09570993483066559
0.12083213031291962
0.01898631453514099
-0.06270428001880646
0.03903497755527496
-0.1857054978609085
-0.017954114824533463
-0.08763241767883301
0.08158175647258759
-0.13292813301086426
0.11698819696903229
0.015738606452941895
0.14055901765823364
0.06497359275817871
0.04668102040886879
0.054758694022893906
0.023595226928591728
-0.020157575607299805
-0.03120279312133789
-0.16122125089168549
-0.13952359557151794
-0.13226264715194702
-0.1061634048819542
-0.025813011452555656
-0.07532918453216553
-0.08421778678894043
-0.0011035019997507334
0.1478065848350525
-0.06134692579507828
0.16630317270755768
-0.037928227335214615
0.11932192742824554
-0.022210299968719482
0.015846332535147667
-0.1382177621126175
0.0882994681596756
0.04820014536380768
0.09577395021915436
-0.13715814054012299
-0.08176743239164352
-0.1749286949634552
-0.13203836977481842
0.16151674091815948
-0.11398185789585114
-0.03346104919910431
-0.15771283209323883
0.10956713557243347
-0.060590073466300964
-0.05774299055337906
-0.1364617794752121
-0.16295872628688812
-0.09683163464069366
-0.0720590353012085
-0.15853172540664673
-0.05741797015070915
0.14144237339496613
0.022096160799264908
0.04806813597679138
-0.16543637216091156
0.02265654318034649
0.0011965528829023242
-0.041842781007289886
0.10485414415597916
0.025475895032286644
0.1279865801334381
0.059249311685562134
-0.1436185985803604
0.13032060861587524
0.10043283551931381
0.019469479098916054
-0.09467767179012299
-0.01627923920750618
0.07159233093261719
-0.05461443215608597
0.12466837465763092
-0.10402452945709229
-0.1742434948682785
-0.14156819880008698
0.12352988868951797
-0.17757824063301086
0.015137791633605957
-0.13091155886650085
-0.014329382218420506
0.08309673517942429
-0.6058269739151001
0.05170430243015289
0.052015215158462524
0.2032265067100525
0.08322451263666153
0.13173197209835052
-0.02028811164200306
0.11290721595287323
0.10472430288791656
0.06974101811647415
0.037770435214042664
-0.026798024773597717
-0.16906963288784027
-0.0932520180940628
0.018669208511710167
-0.09497019648551941
-0.06576457619667053
0.28419023752212524
-0.1947277933359146
0.03533697500824928
0.17284850776195526
-0.26513075828552246
-0.07105053961277008
0.1444675773382187
-0.2720814049243927
-0.1294204443693161
-0.04024868831038475
0.12854982912540436
0.04109751433134079
-0.008656032383441925
-0.12383539974689484
-0.017865978181362152
0.049718938767910004
0.12739673256874084
-0.435790091753006
-0.05218736454844475
-0.18592359125614166
0.12764929234981537
-0.19951379299163818
0.0814424604177475
0.10078097134828568
-0.023342007771134377
0.04404504969716072
0.022785305976867676
0.1811024248600006
0.07830365002155304
-0.08380196243524551
-0.16829581558704376
-0.31451329588890076
0.140372171998024
0.08405833691358566
-0.07846063375473022
-0.08091052621603012
0.18504613637924194
-0.08892462402582169
0.2050028145313263
0.1597542017698288
-0.06089106202125549
-0.11663135141134262
0.08876956254243851
-0.02779148519039154
0.06290329247713089
-0.15692847967147827
-0.15294939279556274
-0.10822398215532303
-0.21313351392745972
0.10823412984609604
0.3971770405769348
0.021952340379357338
-0.3779011368751526
0.25383460521698
-0.2292240411043167
0.0655536875128746
-0.11400625109672546
0.045896440744400024
0.016152702271938324
-0.09399495273828506
-0.14618343114852905
-0.011217432096600533
0.031470462679862976
-0.07051757723093033
-0.15505383908748627
-0.08465898036956787
0.09770674258470535
-0.059795551002025604
0.21753858029842377
0.049247413873672485
-0.10738134384155273
0.014050339348614216
-0.08717713505029678
0.2239677906036377
-0.06029500812292099
0.12982386350631714
-0.006792128086090088
0.22303476929664612
0.010507194325327873
0.2999718189239502
0.08520635217428207
0.09641312062740326
-0.057793617248535156
0.09643911570310593
0.03065938875079155
-0.08781172335147858
-0.16613441705703735
-0.05821435898542404
-0.1561608910560608
-0.03945024311542511
0.062418047338724136
-0.0672474056482315
-0.2788471579551697
-0.2791655957698822
-0.18428969383239746
-0.01247223000973463
-0.03215485438704491
-0.09637776017189026
-0.1658104509115219
0.07178297638893127
-0.05667111277580261
0.0900641530752182
0.43692079186439514
0.18800224363803864
-0.03074493631720543
-0.1438429355621338
-0.05030593276023865
0.2425955981016159
-0.16692650318145752
0.1765831857919693
-0.04834543913602829
-0.04104967787861824
0.05522722005844116
-0.3097321689128876
0.2710060775279999
0.06486432254314423
0.06528842449188232
0.1692540943622589
0.06641152501106262
0.2280222326517105
-0.00034627318382263184
0.16670604050159454
-0.13054564595222473
0.18156445026397705
-0.010696417652070522
0.057660456746816635
0.13729290664196014
0.0018231564899906516
-0.062232568860054016
0.060530420392751694
0.04148968309164047
0.1401444971561432
-0.1441149264574051
-0.10503677278757095
0.10958400368690491
-0.09577544778585434
0.1276146024465561
-0.10029595345258713
-0.13317599892616272
0.04539152979850769
-0.01694122701883316
-0.13426357507705688
0.09155167639255524
0.030680760741233826
-0.16496846079826355
-0.019939446821808815
-0.07099421322345734
-0.17216135561466217
-0.4338325262069702
-0.08206198364496231
-0.06244606152176857
0.06772001087665558
-0.20521537959575653
-0.17706641554832458
0.15785901248455048
-0.1664324253797531
-0.09584737569093704
-0.1712339222431183
0.10911097377538681
0.1085929125547409
0.11400026082992554
0.04575251042842865
-0.03585054352879524
-0.03373848274350166
0.14969401061534882
0.17861205339431763
0.139723002910614
0.08736319839954376
-0.029870688915252686
0.1278756856918335
0.05921441316604614
0.18170927464962006
-0.08581153303384781
-0.26554813981056213
-0.008945077657699585
0.09221376478672028
-0.2228095680475235
-0.14215166866779327
-0.0009186493116430938
0.08888095617294312
0.091311514377594
0.032588306814432144
-0.001744419103488326
0.2758362293243408
-0.15273712575435638
0.06891530752182007
0.08796722441911697
-0.07960324734449387
-0.0007069937419146299
-0.1608414351940155
-0.12985192239284515
0.07798410952091217
-0.1404111236333847
0.269184410572052
0.04888233542442322
0.22784008085727692
-0.1608077436685562
0.0288072619587183
0.0231802836060524
0.13651728630065918
0.14416378736495972
-0.11464166641235352
0.09160295128822327
-0.039296191185712814
0.07483682781457901
-0.05474100261926651
0.1548640877008438
0.0003300440148450434
-0.1916714310646057
-0.20178242027759552
-0.10715845972299576
0.12461038678884506
0.10226399451494217
-0.061863142997026443
0.08139227330684662
0.04812164604663849
-0.07855638116598129
-0.042571887373924255
0.22078543901443481
0.37563252449035645
-0.04584544524550438
-0.39426276087760925
-0.08632685244083405
0.07919871807098389
-0.14685265719890594
-0.06541741639375687
0.15656661987304688
-0.5372321605682373
0.049307748675346375
0.07988373935222626
0.07940001785755157
-0.013328615576028824
0.10487384349107742
0.1132553443312645
0.1246475800871849
0.10330085456371307
0.004364637192338705
-0.10979405045509338
-0.08762206882238388
-0.0077545782551169395
0.024904044345021248
-0.18965882062911987
0.6057525277137756
0.07185712456703186
0.03743639588356018
-0.14647892117500305
-0.12721645832061768
0.13659554719924927
-0.004485240206122398
0.01139630377292633
-0.07299285382032394
0.20214106142520905
-0.22261367738246918
0.043894294649362564
0.13687345385551453
0.054571732878685
0.1437164545059204
0.1644022911787033
-0.06316282600164413
0.34313732385635376
0.13935586810112
0.028856392949819565
-0.39960286021232605
0.0607258565723896
-0.06323742121458054
-0.40703415870666504
0.06585859507322311
-0.33693063259124756
-0.04485389590263367
0.20881988108158112
0.20920327305793762
-0.17182835936546326
-0.15716621279716492
-0.09341640770435333
0.2902250587940216
-0.1405579149723053
0.10469040274620056
0.38239726424217224
0.2514677345752716
-0.0036678954493254423
0.16551198065280914
0.21399497985839844
0.010253962129354477
-0.10658382624387741
-0.11506055295467377
0.09455686062574387
-0.08311295509338379
0.13475029170513153
-0.13653677701950073
-0.2458178550004959
-0.07672083377838135
-0.10467185080051422
-0.012584074400365353
-0.13156376779079437
0.18105128407478333
-0.0076923375017941
-0.11469465494155884
0.021212339401245117
-0.22302745282649994
0.011879230849444866
-0.2617369294166565
0.05428268760442734
-0.2757287919521332
-0.12874433398246765
0.09267254173755646
0.7840121984481812
-0.0962848886847496
0.2579054832458496
0.20624737441539764
0.11798088997602463
-0.4804703891277313
0.07108794152736664
0.23669558763504028
0.0591559112071991
-0.017931833863258362
-0.008295510895550251
0.20488213002681732
-0.13710302114486694
0.08588750660419464
-0.06629183143377304
0.03169733285903931
0.12631021440029144
0.12038058042526245
0.10775192081928253
-0.1556728631258011
-0.32972702383995056
-0.03806157410144806
-0.07684445381164551
-0.3562934696674347
-0.13118267059326172
-0.3906596899032593
0.11828441172838211
0.16894841194152832
0.03319912031292915
0.060741156339645386
0.2560384273529053
0.05324240028858185
0.09800427407026291
-0.027648577466607094
-0.09886032342910767
-0.079068623483181
-0.1871502697467804
0.022650253027677536
-0.08762134611606598
-0.22020737826824188
-0.03596916049718857
-0.09962295740842819
-0.08679333329200745
0.135987788438797
-0.09020082652568817
0.09833546727895737
-0.35006457567214966
0.019611015915870667
-0.19572235643863678
-0.000681221135891974
-0.0950050950050354
-0.13628362119197845
0.24377918243408203
0.13322453200817108
-0.15621337294578552
-0.16474008560180664
0.1725897192955017
0.4055994749069214
0.14764279127120972
-0.10212569683790207
-0.07778950780630112
0.04736198112368584
0.21279163658618927
-0.06828299164772034
0.15053550899028778
0.11016379296779633
0.05568487569689751
-0.1374390423297882
0.0336051806807518
-0.11317884176969528
-0.15433824062347412
0.041535425931215286
0.16605664789676666
-0.16394664347171783
-0.014069758355617523
-0.0884147435426712
0.07723342627286911
-0.14284664392471313
0.014723695814609528
-0.15856552124023438
0.10447842627763748
0.057664450258016586
-0.11834593117237091
0.009216631762683392
0.0956634134054184
0.11968818306922913
0.24735169112682343
-0.07349742203950882
-0.17633995413780212
0.01553431898355484
-0.09791892021894455
-0.11163536459207535
-0.01956278271973133
-0.0010891667334362864
0.07025819271802902
-0.05429428815841675
0.12067846953868866
0.17193807661533356
-0.048090945929288864
-0.151810422539711
-0.10524134337902069
0.18549354374408722
-0.14123527705669403
0.027138253673911095
-0.18592515587806702
-0.08130425959825516
0.05973147600889206
0.10733134299516678
-0.018272247165441513
0.02293642982840538
0.17369352281093597
0.13899950683116913
-0.01135583221912384
0.09314673393964767
0.0043375492095947266
0.15972580015659332
-0.10123879462480545
-0.0955524668097496
0.010925387032330036
-0.03651033714413643
-0.2084587812423706
0.05933968722820282
0.13737241923809052
-0.06589776277542114
-0.09425485134124756
-0.02010607346892357
0.07937059551477432
-0.12290404736995697
0.17448045313358307
-0.03074972704052925
-0.18441466987133026
0.030218686908483505
0.00738857826218009
-0.057952508330345154
0.3874666392803192
-0.19131168723106384
-0.1000603511929512
0.12330228835344315
-0.1365913599729538
-0.1589614748954773
-0.1297173649072647
0.10610027611255646
0.05087369680404663
0.059641044586896896
-0.06239975988864899
0.1651376634836197
0.06404853612184525
0.057354316115379333
0.07114507257938385
0.048304881900548935
0.1587175875902176
-0.14128859341144562
-0.16438300907611847
0.14496131241321564
-0.01202304381877184
-0.005220168735831976
-0.045801516622304916
-0.06112239882349968
0.08504419028759003
-0.06079992279410362
0.06375114619731903
0.057103585451841354
0.036831166595220566
0.017211880534887314
-0.08678984642028809
-0.0970219075679779
-0.1751284897327423
-0.050918832421302795
0.08691796660423279
-0.15007539093494415
0.08244525641202927
-0.03654784336686134
0.22638314962387085
0.05320065841078758
0.03043752908706665
-0.001220601494424045
0.11473146826028824
-0.07082276046276093
-0.15017685294151306
0.16981390118598938
0.05675560235977173
0.10844448953866959
0.1440487653017044
0.05437634885311127
-0.009661830961704254
-0.17367209494113922
-0.16871170699596405
-0.17265383899211884
0.07287045568227768
-0.049333203583955765
0.16532088816165924
-0.1614305078983307
-0.011506644077599049
0.21237348020076752
0.17667093873023987
0.22415240108966827
-0.016572214663028717
-0.04602598026394844
-0.10862389206886292
0.15298007428646088
0.14349830150604248
-0.02499210461974144
-0.1595061719417572
-0.5763422846794128
0.1594538390636444
0.1447553038597107
-0.04579217731952667
0.09342722594738007
-0.05382976308465004
0.21252162754535675
0.15816393494606018
0.02765469439327717
-0.227439284324646
0.24487130343914032
-0.23112069070339203
-0.6440099477767944
0.08524561673402786
-0.14829902350902557
0.04445146024227142
0.06466777622699738
0.03235326707363129
0.0483272410929203
-0.20771633088588715
-0.08531025052070618
-0.033940598368644714
-0.18521030247211456
-0.05602481961250305
-0.35676655173301697
-0.16786710917949677
-0.19891773164272308
-0.11077998578548431
-0.1549813449382782
0.0031177359633147717
-0.08594194799661636
0.17144514620304108
-0.08401656895875931
-0.032151203602552414
0.2035224586725235
-0.1453106850385666
-0.12127300351858139
0.0017687852960079908
0.15944106876850128
0.24205508828163147
0.029048576951026917
-0.10966895520687103
-0.1444896012544632
-0.06098093464970589
0.1025666818022728
-0.07206817716360092
-0.11703840643167496
-0.08491852134466171
-0.09855040907859802
0.252351313829422
0.022183211520314217
-0.1186717078089714
-0.11363566666841507
0.04488205909729004
0.16887517273426056
0.4767267107963562
-0.21152953803539276
0.14108285307884216
0.0661710724234581
0.033744096755981445
0.030503835529088974
-0.30999842286109924
0.39470458030700684
-0.18589796125888824
0.167755126953125
0.050122518092393875
-0.020699305459856987
0.08381225168704987
0.10307113826274872
0.1326976865530014
-0.009499475359916687
-0.1162557601928711
0.0873289480805397
0.005249902606010437
-0.07014958560466766
-0.16399899125099182
-0.14121447503566742
-0.04392019659280777
0.04057108238339424
-0.018470965325832367
0.07043569535017014
0.05218545347452164
0.0033121341839432716
0.18580421805381775
0.1275692731142044
-0.07553242146968842
0.03841645270586014
-0.07113106548786163
0.004787186626344919
-0.3048371970653534
-0.0172635018825531
-0.18653340637683868
0.0452321358025074
-0.15566584467887878
0.29218024015426636
-0.02444547601044178
0.1962236613035202
0.1543964445590973
-0.1273985207080841
-0.18719276785850525
-0.24209186434745789
-0.3619984984397888
0.09560073167085648
-0.05396698787808418
-0.027577117085456848
0.07314365357160568
0.23812049627304077
0.041217513382434845
0.1815192699432373
0.08962900936603546
0.15398545563220978
-0.06160200387239456
0.022274240851402283
0.04939762130379677
0.20008957386016846
-0.1353430598974228
0.013223826885223389
0.036524806171655655
-0.07793446630239487
-0.1077994555234909
0.14433342218399048
-0.07531740516424179
-0.15156924724578857
0.014620376750826836
0.05663008987903595
0.14413318037986755
-0.12526574730873108
-0.13576987385749817
-0.1640467494726181
0.11097291111946106
-0.024600187316536903
-0.0963808223605156
-0.17194603383541107
-0.18101748824119568
-0.0594572089612484
0.0974041223526001
-0.11691679060459137
-0.003731226082891226
-0.157436802983284
0.15653948485851288
0.042586084455251694
-0.04417525231838226
-0.17276431620121002
-0.03957434743642807
-0.1910455971956253
-0.040028542280197144
-0.05816497281193733
0.06246449798345566
0.09522652626037598
0.10476037859916687
-0.05350319296121597
0.05805287882685661
0.1255197674036026
-0.17663253843784332
-0.020008781924843788
-0.1797230839729309
-0.0963171124458313
0.06987082958221436
-0.18056154251098633
0.14052735269069672
-0.14587683975696564
-0.0638934001326561
0.14302584528923035
-0.11411561816930771
0.04838607832789421
-0.03761298954486847
-0.02105923369526863
-0.12921392917633057
0.06523685902357101
0.11690090596675873
-0.1724349856376648
-0.0747714638710022
-0.05975997447967529
-0.1561959683895111
-0.05935342609882355
-0.0032912346068769693
0.13688553869724274
-0.1809089332818985
-0.04982030391693115
0.15092405676841736
0.0919933021068573
0.10237084329128265
-0.16647154092788696
-0.08731924742460251
-0.10263489186763763
0.00638475501909852
0.057456761598587036
0.1144447922706604
0.1508888304233551
0.11594824492931366
0.12504644691944122
0.010540040209889412
0.15001970529556274
0.15490560233592987
-0.06075678765773773
-0.18680132925510406
0.04117594659328461
0.12705956399440765
-0.09061964601278305
0.07071907818317413
-0.02915225923061371
-0.04756680876016617
0.07290144264698029
0.13669759035110474
-0.08044224977493286
-0.03409018740057945
-0.09414476901292801
-0.030801180750131607
-0.1171283945441246
-0.04856664687395096
-0.18971318006515503
0.03327839449048042
-0.13867413997650146
-0.05836760997772217
0.11253255605697632
-0.1671021282672882
-0.1847342997789383
-0.09280112385749817
0.14146541059017181
0.1171341985464096
-0.1810058355331421
-0.16067546606063843
-0.11328495293855667
-0.15918457508087158
0.032883986830711365
0.12998826801776886
0.012056227773427963
0.060086410492658615
0.02619439736008644
-0.08451717346906662
-0.11485694348812103
-0.11069655418395996
-0.01855764351785183
-0.06767698377370834
0.027725350111722946
-0.2226911038160324
0.1341640055179596
0.014116504229605198
0.07762227952480316
-0.02074919082224369
-0.1723976731300354
-0.16410371661186218
0.09846958518028259
0.08894271403551102
-0.10116388648748398
-0.16858427226543427
-0.014763077720999718
-0.013787123374640942
0.1276007741689682
0.1030769795179367
0.026382699608802795
0.06771034002304077
0.12474025785923004
0.05929400026798248
-0.06604178994894028
0.12617893517017365
0.010690256953239441
-0.04366758465766907
-0.03395742177963257
-0.15480747818946838
-0.07798903435468674
0.13142146170139313
0.04098650813102722
0.06971341371536255
0.11614154279232025
0.027719974517822266
-0.1485270857810974
0.015633568167686462
-0.08337616175413132
-0.11463440954685211
-0.0754704624414444
-0.14230500161647797
0.00581023097038269
0.009008631110191345
0.12077890336513519
-0.00634765625
-0.05800965428352356
-0.01681174337863922
0.14191989600658417
0.04996137320995331
0.1488923281431198
-0.06838751584291458
-0.1197197213768959
-0.1365082859992981
-0.052322737872600555
0.014520511031150818
0.0045795440673828125
0.12328784167766571
0.055550381541252136
-0.12188690900802612
-0.038092657923698425
-0.08292442560195923
0.000662386417388916
0.005284711718559265
-0.14993074536323547
0.14505670964717865
-0.04756516218185425
0.024342164397239685
-0.008185207843780518
0.1243508905172348
-0.14037011563777924
-0.0690670907497406
-0.1433694064617157
-0.03745847940444946
-0.00013081729412078857
0.1338830143213272
-0.10668336600065231
0.0483478307723999
0.17660577595233917
-0.1754772663116455
-0.1130703017115593
-0.09673042595386505
-0.011972904205322266
0.09387479722499847
-0.10377047210931778
-0.023623138666152954
0.06885096430778503
-0.005718395113945007
-0.023969128727912903
-0.08087912946939468
0.057889580726623535
-0.12199383974075317
-0.08977725356817245
0.10465134680271149
0.0236387699842453
-0.1508961319923401
-0.09210919588804245
0.05809745192527771
0.13308624923229218
-0.12508097290992737
-0.11852899193763733
-0.034339696168899536
-0.12092019617557526
-0.06998050212860107
0.007447391748428345
-0.13074268400669098
-0.08758911490440369
-0.13853807747364044
0.1224406510591507
-0.06897268444299698
0.06101126968860626
0.1566862314939499
0.05691130459308624
-0.06224874407052994
0.10045380890369415
0.11877866089344025
-0.08950527757406235
0.0993247777223587
-0.10095008462667465
0.126445010304451
-0.120683453977108
0.13264422118663788
-0.01499602198600769
-0.05588512122631073
0.16075490415096283
-0.15125247836112976
-0.05996556580066681
0.09901095926761627
-0.057538747787475586
-0.1669335961341858
-0.01478847861289978
-0.0063477009534835815
0.08711747825145721
-0.07548778504133224
0.16548795998096466
-0.0301019549369812
-0.12793400883674622
0.10045553743839264
-0.03839704394340515
-0.17379118502140045
0.08211500942707062
-0.0013006925582885742
0.09722872078418732
-0.17087596654891968
-0.018626630306243896
-0.053932033479213715
0.0
0.03641819208860397
0.6287361979484558
-0.05079646408557892
0.2686377167701721
-0.06048647314310074
-0.15164342522621155
-0.2233099341392517
0.11026023328304291
0.1643245369195938
-0.16810055077075958
0.08307366818189621
0.10615634173154831
0.2073693573474884
0.08977094292640686
-0.0843534916639328
-0.04665137082338333
0.04083240032196045
-0.12265725433826447
-0.1529872715473175
0.7122142314910889
0.033814091235399246
-0.05663513392210007
-0.5549936890602112
0.05177028477191925
-0.1930934637784958
-0.0030222979839891195
0.10731464624404907
0.1418394297361374
-0.07510408014059067
-0.05804199352860451
-0.22205595672130585
-0.1578342616558075
-0.35903966426849365
-0.006028726696968079
-0.11339585483074188
-0.10131891071796417
-0.12069018185138702
-0.020132338628172874
-0.3483874797821045
0.013582608662545681
-0.05707496404647827
-0.08077849447727203
-0.35618939995765686
-0.07863111793994904
-0.1295381337404251
-0.45777666568756104
-0.05318169295787811
0.059112224727869034
0.1688608080148697
0.36779627203941345
0.11625389754772186
-0.0004328923241700977
-0.10536020249128342
-0.036552198231220245
0.10507834702730179
-0.024411641061306
-0.255943238735199
0.05838531255722046
0.1316605657339096
0.07601319998502731
-0.07331138104200363
-0.22176633775234222
-0.04702829569578171
-0.14101466536521912
0.037124380469322205
-0.03597510978579521
-0.48512208461761475
0.10198099166154861
-0.17518675327301025
0.20818300545215607
0.05274059996008873
-0.23967903852462769
0.34297144412994385
-0.17125068604946136
-0.1278890073299408
-0.05164076387882233
0.1304170787334442
0.11978153884410858
0.023593053221702576
0.07540299743413925
-0.13092771172523499
-0.03106716275215149
0.2200300097465515
-0.13949021697044373
0.08946827054023743
-0.5256763696670532
-0.1385105550289154
-0.18513715267181396
0.14756812155246735
0.030043764039874077
0.5111357569694519
0.01850159466266632
0.020869744941592216
0.044567618519067764
0.031819894909858704
-0.23556114733219147
-0.007407661061733961
-0.0362023301422596
0.004448351915925741
0.22816483676433563
0.13915644586086273
-0.17625238001346588
-0.277512788772583
-0.04387722909450531
0.035005632787942886
-0.07977372407913208
0.11142019927501678
-0.18740245699882507
0.2610413134098053
-0.09595609456300735
-0.17968876659870148
-0.8541924357414246
0.1425381898880005
0.053338341414928436
0.09001200646162033
0.04791203513741493
-0.3729133903980255
-0.2971287965774536
-0.307766318321228
0.1641945093870163
-0.03602129966020584
0.0447806641459465
0.1795547753572464
0.12994900345802307
-0.14163386821746826
0.17775008082389832
-0.10507921129465103
0.07151094824075699
-0.005074689164757729
-0.17787708342075348
-0.7091855406761169
-0.09489104896783829
0.17891626060009003
0.23880991339683533
-0.09006836265325546
-0.11919368803501129
0.22221216559410095
-0.23320215940475464
-0.1627875566482544
0.20117075741291046
-0.015751972794532776
0.039432428777217865
0.007352571934461594
-0.19494286179542542
0.004308199044317007
-0.1314803659915924
-0.10068722069263458
0.1001085415482521
0.14669819176197052
-0.10334296524524689
0.04362958297133446
0.13916340470314026
0.12451446056365967
0.061568476259708405
0.32332003116607666
0.10024870187044144
-0.39043503999710083
0.06233157590031624
-0.04987508803606033
-0.20731057226657867
0.05626671016216278
-0.22142574191093445
-0.020212318748235703
0.03124392032623291
0.13505330681800842
-0.15952280163764954
-0.2606430649757385
-0.1881718933582306
0.03865456208586693
-0.05651920661330223
-0.22176848351955414
-0.04634488373994827
-0.1087939590215683
-0.1401858925819397
-0.0416836254298687
0.09231315553188324
0.21319985389709473
0.10761328041553497
-0.09048224240541458
0.10583798587322235
0.028770651668310165
0.011859141290187836
-0.16720858216285706
0.00011434336192905903
-0.0375949889421463
-0.060456763952970505
0.03144820034503937
0.06883587688207626
0.05290970578789711
-0.04832503944635391
0.13738808035850525
-0.018048297613859177
0.08727364242076874
0.11808227002620697
-0.2534174919128418
0.23365271091461182
0.09448277950286865
-0.27458247542381287
0.10635124146938324
-0.08735095709562302
0.12444721162319183
0.26289698481559753
0.26906728744506836
-0.03370222449302673
0.1571265310049057
0.1421247273683548
0.1635206788778305
0.012153968214988708
-0.05253051593899727
0.028909698128700256
-0.09240995347499847
0.2414613515138626
-0.06618138402700424
0.03168127313256264
-0.5379555821418762
0.10236650705337524
0.05949678644537926
-0.23517420887947083
-0.01423550769686699
-0.368238627910614
-0.09124236553907394
0.013159933499991894
0.20343217253684998
0.14650411903858185
0.2527417242527008
-0.06867704540491104
-0.016629304736852646
-0.6005722284317017
-0.0353790819644928
0.06646984815597534
-0.02266674116253853
0.07298631221055984
-0.07403325289487839
0.015010678209364414
-0.008527271449565887
0.19783565402030945
-0.21386165916919708
0.06392226368188858
-0.36997658014297485
-0.26979246735572815
0.09882546216249466
0.024358974769711494
-0.12750189006328583
0.11795695871114731
0.15688468515872955
-0.32923972606658936
0.08421272039413452
-0.14952251315116882
0.02729952335357666
0.1187872439622879
-0.0061253211461007595
0.020688537508249283
0.07913056761026382
-0.10849320888519287
0.28653955459594727
-0.019226549193263054
0.08065249770879745
-0.04579316824674606
-0.03873005881905556
-0.1842069774866104
0.32674938440322876
-0.10656055808067322
0.11640726029872894
0.009555540978908539
0.07742477208375931
0.041334204375743866
-0.04935205727815628
-0.11338973045349121
-0.16649553179740906
0.1972731649875641
0.17380265891551971
0.3165760636329651
0.05375360697507858
0.06533029675483704
-0.18561634421348572
-0.09531174600124359
-0.10427913069725037
0.2054234892129898
0.17552417516708374
-0.0507577583193779
-0.1532631516456604
-0.04179268330335617
-0.2111164629459381
0.2765040099620819
0.0988728478550911
0.17583560943603516
-0.06081231310963631
0.08428497612476349
-0.025824937969446182
0.03218981623649597
0.1719467043876648
-0.07820087671279907
-0.15418660640716553
0.022531522437930107
0.13326574862003326
-0.1627514660358429
0.06744730472564697
-0.04519528150558472
0.061410125344991684
0.4027286469936371
0.24547216296195984
-0.09127672761678696
0.3249206244945526
-0.11837650835514069
-0.0694631040096283
0.15207350254058838
0.05372057855129242
-0.1819930076599121
-0.16070108115673065
0.0666503980755806
0.06473098695278168
-0.27910393476486206
-0.15578080713748932
0.027552608400583267
-0.12286164611577988
0.04152184724807739
-0.04615249112248421
0.1279347538948059
-0.174004927277565
0.10972839593887329
0.13342265784740448
-0.015739113092422485
-0.03354345262050629
0.16733020544052124
0.21158407628536224
-0.282630056142807
-0.18309640884399414
-0.016490265727043152
-0.5469192266464233
-0.022383084520697594
0.018046114593744278
-0.23431003093719482
-0.09061926603317261
0.16365036368370056
0.17328979074954987
-0.08558625727891922
0.16124503314495087
-0.06025932356715202
0.13322769105434418
-0.03019934892654419
-0.03356914222240448
0.14877508580684662
-0.1682816594839096
-0.027365032583475113
-0.14042359590530396
-0.10776131600141525
-0.19215913116931915
-0.01247426401823759
-0.3711167871952057
0.05825695022940636
0.12979625165462494
-0.04423513263463974
-0.03683073818683624
-0.1244095042347908
-0.13760587573051453
0.12523426115512848
0.17121396958827972
-0.2250327616930008
-0.06950222700834274
0.028040077537298203
0.237834632396698
-0.07747102528810501
0.051338255405426025
-0.20516231656074524
0.023291051387786865
0.10119752585887909
-0.13496936857700348
-0.04566990211606026
-0.14506979286670685
-0.11231368780136108
0.13379524648189545
-0.05177117511630058
0.07609004527330399
0.16526436805725098
0.3679603934288025
0.17818918824195862
-0.009495295584201813
0.010733753442764282
-0.1639266461133957
0.08744818717241287
-0.2837050259113312
0.20396888256072998
-0.08957328647375107
-0.38165411353111267
0.06119851395487785
-0.21979859471321106
0.02588501200079918
-0.03276456519961357
-0.27094972133636475
-0.33181995153427124
-0.034527476876974106
-0.033620212227106094
0.19956859946250916
-0.06204839423298836
0.21564440429210663
-0.09774225205183029
-0.05706438422203064
0.017310280352830887
0.04995448514819145
0.19243746995925903
-0.08014746755361557
0.07181503623723984
-0.03428664803504944
-0.2690274119377136
-0.24596154689788818
-0.06557513028383255
-0.340962290763855
0.027826916426420212
0.1409725844860077
0.2626073956489563
-0.12248097360134125
-0.011754609644412994
0.2213384062051773
-0.1895676851272583
-0.03390172868967056
0.21756936609745026
0.1192617192864418
-0.042275555431842804
-0.08247927576303482
-0.33105847239494324
-0.06181155890226364
0.04080558568239212
-0.12079396098852158
0.17032098770141602
-0.5311969518661499
0.08280297368764877
0.05681292712688446
-0.14399075508117676
-0.18060597777366638
-0.08110087364912033
-0.00894226599484682
-0.01043669693171978
0.4631974697113037
0.02429880201816559
0.06481864303350449
0.16988031566143036
0.024455519393086433
0.009128838777542114
-0.1360609084367752
-0.016048192977905273
-0.026254622265696526
-0.13994534313678741
0.18574829399585724
-0.09475131332874298
0.03529633581638336
0.2561812102794647
-0.056920044124126434
-0.048861339688301086
-0.14419321715831757
0.19626255333423615
-0.05285593867301941
0.06061479449272156
0.2353360950946808
-0.3909062147140503
-0.022848261520266533
0.012787184678018093
-0.03749607875943184
0.42252182960510254
-0.0918651670217514
-0.41236254572868347
0.17198537290096283
0.06317813694477081
0.08287163078784943
-0.0680546760559082
0.08909846842288971
-0.04499487578868866
-0.11801747232675552
-0.05874861776828766
-0.1358596384525299
-0.012408243492245674
-0.1757889837026596
-0.03314930945634842
0.6978002786636353
0.2574334740638733
-0.05050848424434662
0.2296009361743927
0.13914717733860016
0.09084582328796387
0.042786821722984314
-0.20637968182563782
0.05791785195469856
0.1759147197008133
-0.12391964346170425
-0.06783299893140793
0.22985069453716278
0.12059897929430008
0.05167923867702484
0.2508539855480194
-0.15685412287712097
-0.11463046818971634
0.14631876349449158
0.046918317675590515
-0.0578998364508152
0.14181822538375854
-0.27342328429222107
-0.17407841980457306
-0.247532919049263
0.008930448442697525
0.4719308614730835
0.03479112312197685
0.12637479603290558
-0.07117502391338348
-0.23494598269462585
-0.08284997195005417
-0.07991848140954971
-0.2064092755317688
-0.13399048149585724
0.1637313961982727
0.11183113604784012
0.063529372215271
-0.16572432219982147
0.06982403993606567
0.31141749024391174
0.024560019373893738
0.07950444519519806
-0.040970027446746826
0.2653682827949524
-0.17506618797779083
0.004363581072539091
0.02116444706916809
-0.06003222241997719
0.14808905124664307
-0.08512231707572937
0.1072365790605545
0.19804292917251587
0.026607558131217957
0.22106029093265533
0.16664943099021912
-0.046980325132608414
0.17559780180454254
-0.10732525587081909
-0.09084673970937729
-0.05131908878684044
0.07919299602508545
0.09205493330955505
-0.12685811519622803
-0.14169105887413025
-0.01196003146469593
0.7553557753562927
-0.14546744525432587
-0.1316918283700943
0.1776207685470581
0.03753858804702759
0.1738133579492569
0.16434362530708313
-0.0585082583129406
-0.04854665324091911
0.0034716427326202393
0.05620985105633736
0.06997163593769073
-0.06360030174255371
-0.23577842116355896
0.13341151177883148
-0.06589702516794205
-0.23430253565311432
-0.00034451577812433243
-0.04814915359020233
0.18819798529148102
0.0027942818123847246
0.02058578096330166
0.0946044772863388
0.16771404445171356
0.0361582487821579
-0.15098509192466736
0.05098457634449005
-0.12474676221609116
0.1580880731344223
-0.09982121735811234
-0.14468252658843994
0.0355694517493248
0.06582828611135483
-0.13619421422481537
-0.18300119042396545
0.12093783915042877
0.22085212171077728
-0.12508688867092133
0.1580916941165924
-0.015725458040833473
0.08436485379934311
0.11624948680400848
0.009454891085624695
0.2709203362464905
0.08881475031375885
-0.13001148402690887
0.24932047724723816
0.14581002295017242
0.08247660100460052
0.11852894723415375
0.26822561025619507
0.0439295768737793
0.08420468866825104
-0.014916355721652508
-0.23336999118328094
0.058809779584407806
0.13539551198482513
0.07504554837942123
-0.17239882051944733
0.10453842580318451
0.17474991083145142
-0.14448639750480652
-0.09670457243919373
-0.17200598120689392
0.28629422187805176
-0.02299986407160759
0.2900117337703705
-0.08372476696968079
0.45836615562438965
-0.1536843627691269
-0.10133238136768341
-0.04274033010005951
0.08843286335468292
0.002410412533208728
0.23930391669273376
-0.22427760064601898
-0.09411562979221344
0.2591991126537323
0.019450543448328972
0.08169020712375641
0.1202913299202919
-0.13284379243850708
-0.11517498642206192
-0.09853219985961914
0.14625126123428345
0.113466277718544
0.007538000587373972
-0.041413966566324234
0.4419017434120178
0.341659814119339
0.2697560787200928
-0.03775831684470177
-0.16934441030025482
0.11450180411338806
0.31047379970550537
-0.130619615316391
0.09297503530979156
-0.16472361981868744
-0.0954555869102478
-0.04051295667886734
0.229329913854599
0.18381860852241516
-0.06712081283330917
0.192580446600914
-0.09427312016487122
0.11578617990016937
0.05145665258169174
0.23651079833507538
0.5493837594985962
-0.340851753950119
-0.04353749752044678
0.03145284950733185
0.23994497954845428
-0.041664838790893555
0.1833723485469818
-0.09640026837587357
-0.11907120794057846
-0.05066317692399025
0.0844765305519104
-0.0423811599612236
0.13923563063144684
0.12871193885803223
0.08419156074523926
-0.11126332730054855
0.13634167611598969
-0.06240951642394066
-0.28493204712867737
0.029732320457696915
0.12632063031196594
0.5265004634857178
0.12606772780418396
0.1212598904967308
0.31089821457862854
0.13936084508895874
-0.18582238256931305
-0.11967355757951736
0.10982292890548706
0.19955852627754211
-0.157237246632576
0.10232718288898468
0.1503579020500183
-0.1071416437625885
0.14246702194213867
0.205540269613266
-0.05290943756699562
-0.019154870882630348
0.15021918714046478
0.08606856316328049
0.1929304152727127
0.036613885313272476
-0.04108195751905441
-0.18527905642986298
-0.07268412411212921
0.15409554541110992
-0.07817432284355164
-0.029440999031066895
-0.10143108665943146
-0.061291635036468506
0.18379279971122742
-0.059524208307266235
-0.1588747501373291
-0.1983896791934967
0.0835573747754097
-0.20031481981277466
-0.010928213596343994
0.308779776096344
0.15764719247817993
-0.09326885640621185
-0.060344744473695755
-0.04273422062397003
-0.09174446016550064
0.027674049139022827
0.3188919126987457
0.2216622233390808
0.17439647018909454
-0.10700491815805435
0.16209560632705688
0.45887118577957153
-0.28531235456466675
0.25832128524780273
0.04004758223891258
0.12873870134353638
0.10659323632717133
0.11563660949468613
0.15333212912082672
-0.012846991419792175
0.06776919215917587
0.026915907859802246
0.08796779811382294
0.009495658800005913
0.0014375001192092896
0.10597477853298187
-0.3099857568740845
-0.14076261222362518
0.07713431119918823
-0.02016148716211319
0.14525824785232544
0.32599639892578125
0.13685165345668793
-0.14964820444583893
0.04441031441092491
-0.032646775245666504
-0.23160399496555328
0.2164018303155899
-0.3758828938007355
0.10389247536659241
0.04957486689090729
0.35921287536621094
-0.0868033915758133
-0.011092890985310078
-0.13070182502269745
-0.14452651143074036
0.1302550733089447
0.1925278753042221
0.0638560876250267
0.0777527466416359
0.2714969217777252
0.15459668636322021
-0.395475298166275
0.08679351955652237
0.15148566663265228
0.023155059665441513
-0.058993928134441376
0.37173548340797424
-0.08428560942411423
-0.15905582904815674
0.0686948150396347
-0.17965272068977356
-0.025329969823360443
0.10132967680692673
0.15228918194770813
-0.13471153378486633
-0.0987449511885643
0.1302792876958847
0.06084376201033592
-0.011651229113340378
-0.07499224692583084
0.06017781421542168
-0.1143348217010498
0.17179211974143982
-0.009494652971625328
0.04348373040556908
-0.21755683422088623
0.21280616521835327
-0.24232731759548187
0.025148987770080566
0.2060195654630661
-0.035786475986242294
0.16156062483787537
0.06636673212051392
-0.04883047193288803
-0.04856494069099426
0.10682325810194016
0.12489354610443115
0.015582188963890076
0.15040847659111023
-0.01417448092252016
0.1369408518075943
0.19432221353054047
0.12879054248332977
-0.0030508949421346188
-0.23314668238162994
-0.06193896755576134
0.10989269614219666
-0.091349296271801
0.24917231500148773
-0.06364232301712036
-0.119612917304039
0.2669510543346405
0.16776637732982635
0.21247346699237823
-0.19747382402420044
0.22361114621162415
0.5595107078552246
-0.19360968470573425
0.11343085765838623
0.19396288692951202
0.09396679699420929
0.018433529883623123
0.05202443152666092
-0.03561044856905937
0.1624351143836975
-0.1706445813179016
0.10530555248260498
0.002655714750289917
-0.4564239978790283
-0.052248015999794006
-0.09078177809715271
0.1258092075586319
-0.1557241976261139
-0.15192736685276031
-0.10602423548698425
0.07304785400629044
-0.026402845978736877
0.14761650562286377
-0.10846473276615143
-0.12684474885463715
0.09588616341352463
-0.020569223910570145
0.07683534920215607
0.06964011490345001
-0.07170838862657547
-0.38039103150367737
-0.16655704379081726
0.31132861971855164
0.06916729360818863
-0.3056557774543762
0.1333490014076233
-0.06482324749231339
0.26945245265960693
-0.04947879910469055
0.10624361038208008
-0.018798474222421646
0.09721078723669052
-0.16293618083000183
0.025814849883317947
-0.147072434425354
-0.026486888527870178
0.162240669131279
0.15976692736148834
0.14844493567943573
-0.08852339535951614
-0.010762790217995644
0.019088545814156532
0.1563749462366104
-0.1026516780257225
-0.033066682517528534
-0.07617902010679245
0.017408257350325584
-0.08751805126667023
0.17435266077518463
-0.09686147421598434
-0.17408554255962372
0.05917203798890114
0.05349264666438103
0.14496487379074097
-0.49745962023735046
0.17994000017642975
-0.031123585999011993
-0.03712940588593483
-0.04812588170170784
-0.042339250445365906
0.10114406794309616
-0.06757624447345734
0.05743347853422165
0.22247418761253357
0.04337560385465622
0.34472325444221497
0.23757696151733398
-0.0654185563325882
0.05676723271608353
-0.10153894126415253
-0.606020450592041
-0.040144212543964386
0.09618791937828064
0.15238268673419952
-0.14592474699020386
-0.07202457636594772
-0.022653182968497276
-0.17530597746372223
-0.012080351822078228
0.1841307431459427
0.15487784147262573
-0.1625070869922638
0.13901324570178986
-0.08379844576120377
0.5371454954147339
0.2668364644050598
0.5322889685630798
-0.11610232293605804
-0.011221010237932205
0.053817249834537506
0.08293473720550537
0.1656465083360672
-0.06344673037528992
0.13968127965927124
-0.1547882854938507
0.0624949112534523
-0.05467786639928818
0.08747121691703796
-0.04111166670918465
0.08219297975301743
0.010350214317440987
0.15639160573482513
0.3329032063484192
0.0956839844584465
-0.003988667856901884
0.4031616747379303
0.05915634706616402
-0.044446587562561035
-0.2509116232395172
0.04027015343308449
0.08738052845001221
-0.04117588698863983
-0.1482221782207489
0.2724164128303528
0.0358523428440094
-0.05777952820062637
-0.00344115705229342
-0.12473256140947342
-0.06578090041875839
-0.006616696715354919
0.3399876654148102
0.29495787620544434
0.050705332309007645
0.12296383827924728
0.041252873837947845
0.024178778752684593
-0.17307746410369873
0.04981517046689987
-0.19761377573013306
-0.16076762974262238
-0.0770234763622284
-0.05620109289884567
-0.19380952417850494
-0.09104903787374496
0.16641728579998016
-0.030204501003026962
0.16229921579360962
0.1828027218580246
-0.09246617555618286
0.0876992791891098
-0.03350763022899628
-0.033709969371557236
-0.1613081693649292
0.12103260308504105
-0.18805421888828278
0.09356555342674255
0.10558919608592987
0.04360900819301605
-0.265161395072937
-0.27767759561538696
-0.2014278769493103
0.3406837582588196
-0.06838789582252502
-0.006274812389165163
0.2596670389175415
0.13540908694267273
0.2028200775384903
0.15370766818523407
-0.06191905587911606
-0.04925040155649185
0.01576097309589386
0.08925022184848785
0.17082329094409943
-0.003931879997253418
0.028086870908737183
-0.02874145470559597
-0.007943838834762573
0.14264525473117828
0.03301606327295303
-0.1538652628660202
-0.12454582005739212
-0.04004436731338501
-0.02422614023089409
-0.10909994691610336
-0.05196617543697357
-0.19707827270030975
0.13912758231163025
0.11957107484340668
-0.14065119624137878
-0.13996313512325287
0.17601065337657928
0.043590329587459564
0.11134373396635056
-0.27558356523513794
-0.03800734877586365
0.11367160826921463
0.16445967555046082
-0.11931606382131577
-0.008130023255944252
0.14209003746509552
0.1595873385667801
0.09449279308319092
0.3412180244922638
0.12937986850738525
0.4683287441730499
-0.15274813771247864
-0.11620418727397919
-0.03034995123744011
0.21121880412101746
0.36540305614471436
0.027279892936348915
0.1356949359178543
-0.04404670000076294
0.04243858903646469
-0.12890855967998505
-0.06982611864805222
-0.04578650742769241
-0.11615746468305588
-0.012303980067372322
0.15813076496124268
0.00939103402197361
0.139895960688591
-0.06794016808271408
-0.271501749753952
-0.24021953344345093
0.14125604927539825
-0.08890145272016525
-0.14815500378608704
-0.019117768853902817
0.0961180031299591
-0.062136486172676086
0.08898021280765533
0.04630214720964432
0.06932628154754639
0.1355268806219101
0.16586771607398987
-0.0035807283129543066
-0.06234610453248024
-0.09215788543224335
-0.00969888735562563
-0.2160235345363617
-0.29914894700050354
0.10450424998998642
0.009317420423030853
0.460979700088501
-0.0034442313481122255
0.06592018157243729
0.2778320014476776
-0.06433627009391785
-0.1639702469110489
-0.07578586786985397
0.060664210468530655
0.2018595039844513
-0.16953682899475098
0.09596194326877594
-0.14844922721385956
0.11635368317365646
0.0975826233625412
0.15693147480487823
-0.2747938632965088
-0.03928249329328537
-0.11834750324487686
0.2471645176410675
-0.2617596685886383
0.2150699645280838
-0.0015500023728236556
0.13175715506076813
0.570101261138916
0.06872022151947021
-0.23118415474891663
-0.1427837461233139
-0.03934207186102867
-0.14274758100509644
0.06348694115877151
0.16952209174633026
-0.08275479823350906
-0.3072311580181122
0.042033907026052475
0.01473681628704071
0.08031325042247772
-0.20640411972999573
-0.12075895816087723
-0.07873305678367615
-0.02036004699766636
0.03013218566775322
0.14527471363544464
-0.10359088331460953
0.3883354365825653
0.49903398752212524
-0.39895525574684143
0.40961480140686035
0.09087545424699783
0.18161998689174652
-0.11711903661489487
-0.11679242551326752
0.25970107316970825
-0.12719176709651947
0.07947376370429993
-0.22551986575126648
0.03659559786319733
0.03709879517555237
-0.07922051846981049
0.07376457750797272
-0.003041312098503113
-0.4792058765888214
0.139076367020607
-0.09332353621721268
0.6440417170524597
-0.044469937682151794
0.20791707932949066
0.16973908245563507
-0.1474141925573349
-0.22538715600967407
-0.03700339421629906
0.09581530094146729
0.11436090618371964
0.17469434440135956
0.06727272272109985
-0.2904575765132904
0.09367784112691879
0.31156104803085327
-0.1419009268283844
0.1936558485031128
0.21491193771362305
0.0874478667974472
-0.0669698566198349
0.024974538013339043
-0.2467389553785324
0.06989353895187378
0.17278051376342773
-0.3126291334629059
-0.05989464372396469
0.029787534847855568
-0.0036518522538244724
0.05710218846797943
-0.06335856765508652
-0.19018693268299103
-0.12727904319763184
-0.06294892728328705
0.32460013031959534
-0.01205379981547594
-0.14291882514953613
-0.011168339289724827
0.1926555335521698
0.2274826616048813
-0.1134476363658905
-0.09564530849456787
-0.12154679000377655
0.1023930162191391
-0.22199386358261108
-0.025230025872588158
-0.03688845783472061
-0.0710139349102974
0.16210593283176422
-0.2133711725473404
-0.0010313986567780375
0.1493045836687088
0.069476418197155
-0.40276992321014404
0.6072302460670471
-0.0183815099298954
-0.05015095695853233
0.1985464096069336
0.29957252740859985
-0.05871938541531563
-0.1793544739484787
0.10935061424970627
-0.3337041139602661
0.2959924042224884
0.1274375021457672
-0.17148858308792114
0.305647611618042
0.17988944053649902
-0.08212205767631531
0.2833603322505951
-0.215530127286911
0.07338494062423706
-0.5213043093681335
0.2097262740135193
0.18063656985759735
0.027881372720003128
0.21342329680919647
0.08599147200584412
0.11048274487257004
-0.4856337904930115
0.28790444135665894
0.13063031435012817
0.06897393614053726
0.3237593173980713
-0.07258975505828857
-0.3055768609046936
0.03307541832327843
-0.2409152239561081
-0.11268874257802963
-0.10977363586425781
0.4074552357196808
0.10277853161096573
-0.0997079536318779
-0.1724260151386261
-0.004439784679561853
-0.16833177208900452
-0.31921377778053284
-0.07141159474849701
-0.3064500093460083
0.15795691311359406
0.1977279782295227
0.17941294610500336
-0.1868552565574646
-0.0873706191778183
0.11691666394472122
-0.39973920583724976
0.0687272772192955
0.4418773651123047
0.12537817656993866
-0.3514103293418884
0.1241333931684494
0.13295067846775055
0.28105416893959045
-0.01191422063857317
-0.056399114429950714
0.099415622651577
0.20167449116706848
0.1652347296476364
-0.0038441477809101343
-0.01542411744594574
-0.2070685625076294
0.05003071203827858
-0.04064503312110901
0.11945836246013641
0.16742083430290222
-0.7421696186065674
-0.2331622838973999
0.19210852682590485
-0.12091848254203796
-0.22182129323482513
-0.6241761445999146
0.3092225193977356
-0.46110671758651733
-0.16342100501060486
-0.24536648392677307
-0.06647960841655731
-0.0014500500401481986
-0.2691783607006073
0.16770349442958832
0.3049180805683136
-0.05671941488981247
-0.044843316078186035
0.10315030813217163
0.1032072976231575
0.25103962421417236
-0.856357753276825
-0.1377071738243103
-0.06797756999731064
-0.2824417054653168
-0.5134654641151428
0.11943625658750534
-0.4704570770263672
-0.004979859571903944
0.06671137362718582
0.06215395778417587
-0.3806104362010956
-0.30685219168663025
-0.027769695967435837
0.03897121548652649
-0.20645233988761902
0.13520164787769318
-0.13819514214992523
0.19268596172332764
0.22562918066978455
-0.04601876810193062
0.07223591208457947
0.5557401180267334
-0.3837989568710327
-0.14901308715343475
-0.2650088667869568
0.10390731692314148
0.28882816433906555
0.1410597264766693
-0.30707111954689026
-1.1021838188171387
0.04877644404768944
-0.031181994825601578
-0.13246752321720123
0.20627710223197937
-0.2935231029987335
0.103215791285038
-0.34027543663978577
0.01118272915482521
-0.12208283692598343
0.2261868119239807
0.05605005845427513
0.23790723085403442
-0.8835597634315491
0.37242642045021057
-0.1251421719789505
-0.0945226326584816
0.08244981616735458
-0.24025800824165344
-0.08771157264709473
0.034567691385746
0.33686530590057373
-0.45350828766822815
-0.5179591178894043
0.057595137506723404
0.10890864580869675
0.11728530377149582
-0.01554684154689312
0.3982996940612793
-0.20096857845783234
-0.031005114316940308
0.21726682782173157
0.23566216230392456
-0.0026186704635620117
-0.11971315741539001
0.3483373522758484
-0.7491100430488586
0.1286984533071518
-0.22720707952976227
0.09223528951406479
0.01529590506106615
0.324555903673172
-0.2912418246269226
0.2567274570465088
0.25001466274261475
0.034486837685108185
-0.03795306384563446
-0.2631656527519226
-0.27167531847953796
0.14780043065547943
0.09561531245708466
0.03308909758925438
0.2527250647544861
-0.11651631444692612
0.012535587884485722
-0.018499942496418953
-0.2352246642112732
-0.5820653438568115
0.3357113003730774
-0.371707022190094
0.3664136528968811
-0.31533780694007874
-0.28568729758262634
-0.058261603116989136
-0.16729077696800232
-0.18711715936660767
-0.1044495478272438
0.05034935474395752
0.34056273102760315
0.21674950420856476
0.18280351161956787
0.26266393065452576
0.10014856606721878
0.08765394240617752
0.24218879640102386
0.13006410002708435
-0.08986597508192062
-0.44991907477378845
0.13950414955615997
0.1663537621498108
-0.127661794424057
0.04519312456250191
-0.1631336659193039
0.3814449608325958
-0.12987104058265686
0.06515219807624817
-0.4907713532447815
-0.2227761149406433
0.21064096689224243
-0.9060471057891846
-0.221628800034523
-0.007657601032406092
-0.017950518056750298
-0.07386428862810135
0.15754349529743195
-0.08934120088815689
0.10383864492177963
-0.14181065559387207
0.2233559489250183
0.03230765089392662
-0.033013973385095596
0.3619302809238434
0.17276522517204285
-0.10641162842512131
0.35332685708999634
-0.331917941570282
-0.1302764117717743
-0.2878722548484802
-0.04453864321112633
0.03768467158079147
0.22804562747478485
-0.26378804445266724
-0.2548832595348358
0.11148776113986969
0.2625284790992737
-0.27616557478904724
0.13100212812423706
-0.6156390905380249
0.10787290334701538
-0.058610789477825165
0.19769622385501862
0.14093780517578125
-0.3128945231437683
-0.19240722060203552
0.34242674708366394
-0.5896293520927429
-0.00704141054302454
-0.19858144223690033
-0.3978160321712494
0.2849968671798706
-0.893843412399292
0.08286382257938385
0.2396007776260376
-0.040411327034235
0.1409594714641571
-0.3067619204521179
0.22412143647670746
0.13864532113075256
-0.23645758628845215
-0.06789104640483856
-0.16792021691799164
0.22994491457939148
-0.09848679602146149
-1.2053850889205933
-0.08608029782772064
0.21015319228172302
-1.0085279941558838
-0.18266285955905914
0.04139145091176033
-0.10824046283960342
0.03494419902563095
0.19966931641101837
0.006956202443689108
0.39669567346572876
-0.3969513475894928
-0.15205785632133484
-0.008888284675776958
0.17738650739192963
0.4160861372947693
0.2221917361021042
0.04552285000681877
-0.08439412713050842
-0.06332272291183472
-0.12091043591499329
-0.232807919383049
0.12469934672117233
-1.00728178024292
-0.034181565046310425
-0.16509909927845
0.30163827538490295
-0.18980348110198975
-0.05829640105366707
-0.35039031505584717
0.06055575981736183
-0.1746758073568344
0.12600547075271606
0.213069349527359
0.012201792560517788
0.09812641888856888
-0.013704388402402401
-0.060669783502817154
0.02349124848842621
0.2440711259841919
-0.1851695477962494
0.27420106530189514
-0.1406775563955307
-0.0874231606721878
0.3442544937133789
-0.10078741610050201
0.009250061586499214
0.16041044890880585
-0.09355199337005615
0.016072586178779602
0.021921152248978615
0.015098806470632553
-1.318007230758667
-0.11917892843484879
0.32755687832832336
0.2034509927034378
-0.10166949033737183
0.10146435350179672
0.17725428938865662
0.2234557420015335
-0.027680201455950737
0.24758529663085938
-0.4197578430175781
-0.058945994824171066
0.260829895734787
-0.3756428360939026
-0.007867778651416302
0.1608157902956009
-0.32021093368530273
0.16183753311634064
-0.5403313040733337
-0.19758787751197815
0.001847979729063809
-0.24061447381973267
0.04747764393687248
0.21875609457492828
0.3674919605255127
-0.2644054889678955
-0.029239961877465248
0.1951303631067276
0.26393669843673706
0.02751022018492222
-0.1473192572593689
-0.22174280881881714
0.18313997983932495
0.09606599807739258
-0.13741496205329895
-0.04860476404428482
-0.48168084025382996
0.174127459526062
-0.3703862428665161
-0.25479620695114136
-0.18514679372310638
-0.01548412162810564
0.04138421639800072
-0.2556055784225464
-0.2356676161289215
-0.2464260756969452
-0.4066210985183716
0.1252085119485855
-0.049513958394527435
0.05740533024072647
-0.08457819372415543
0.1492696851491928
-0.051667701452970505
-0.2436310201883316
-0.25076645612716675
-0.21667976677417755
-0.16616326570510864
-0.3637159466743469
-0.17143133282661438
-0.12414523959159851
0.025143420323729515
-0.23702599108219147
0.13544073700904846
0.1524214893579483
0.15623702108860016
-0.09608140587806702
-0.011260991916060448
-0.10580127686262131
-0.11192729324102402
0.23719224333763123
0.021245334297418594
0.14851868152618408
-0.2521960437297821
0.023253953084349632
-0.3109647333621979
0.3282017707824707
-0.10368042439222336
0.049063537269830704
-0.09327420592308044
-0.12784506380558014
0.11728514730930328
0.12734191119670868
0.10849050432443619
0.15860995650291443
-0.21483221650123596
0.0469680018723011
0.06805639714002609
-0.43808209896087646
-0.0860646590590477
0.2732526659965515
-0.12452887743711472
0.05062394216656685
0.24782295525074005
0.09053534269332886
0.07307294756174088
-0.08417220413684845
-0.07585210353136063
-0.09386222064495087
0.05860006809234619
0.05058088153600693
-0.1281602829694748
-0.6545977592468262
0.20063847303390503
0.35195228457450867
-0.7611615657806396
-0.06836533546447754
0.11863582581281662
-0.0016591669991612434
0.16704532504081726
0.00041375478031113744
-0.0984077975153923
0.060337163507938385
-0.17340518534183502
-0.1724972426891327
0.09786233305931091
-0.055316805839538574
0.22264420986175537
-0.11524900794029236
0.24150419235229492
0.20582537353038788
0.21119311451911926
-0.05453561246395111
-0.009065456688404083
0.3568224608898163
-0.5549787282943726
-0.29629355669021606
-0.04983091354370117
0.2368634045124054
-0.2213839888572693
-0.3193433880805969
0.059949081391096115
0.00247101834975183
0.1996951699256897
-0.24633286893367767
-0.10679745674133301
0.08766089379787445
0.20342518389225006
0.019455498084425926
-0.05379018560051918
0.023369982838630676
0.10680125653743744
-0.06965699046850204
-0.145877406001091
0.24031195044517517
0.016193829476833344
-0.060607295483350754
0.23016318678855896
0.032875366508960724
0.38234004378318787
0.04926000162959099
0.17593476176261902
0.0004112660535611212
0.1627727895975113
0.37316739559173584
-0.7163674235343933
-0.26518872380256653
-0.3105335831642151
0.15986664593219757
-0.38913285732269287
-0.004737969487905502
0.25030139088630676
-0.05582265555858612
0.04881969094276428
0.1146915853023529
0.13281644880771637
0.016657525673508644
-0.7263954877853394
-0.01102588139474392
-0.15269410610198975
0.4154717028141022
-0.5707626938819885
-0.15136979520320892
0.14590060710906982
0.2063504308462143
-0.28041186928749084
-0.024650156497955322
0.05891711264848709
-0.18771108984947205
0.13301387429237366
0.21833238005638123
0.23637495934963226
-0.1571885645389557
0.10084885358810425
0.03191641718149185
-0.4351315200328827
-0.2362193614244461
-0.23293712735176086
-0.3442746102809906
-0.31360504031181335
0.05106717348098755
-0.05151393264532089
-0.40825358033180237
0.005795035976916552
-0.2879159152507782
-0.15315517783164978
-0.38764286041259766
-0.04512324929237366
0.2907661497592926
-0.10811908543109894
0.01820302940905094
0.1443280279636383
-0.18964752554893494
0.04241136088967323
-0.10326074063777924
-0.19474197924137115
-0.5433564186096191
-0.1956281214952469
0.2549050748348236
0.09114155173301697
-0.20134541392326355
0.0006841397844254971
-0.028958216309547424
-0.41346946358680725
-0.17114116251468658
-0.1440269947052002
0.025197569280862808
0.2442280352115631
0.17054322361946106
-0.09518712759017944
-0.3428960144519806
-0.19527725875377655
-0.07690292596817017
-0.008272789418697357
0.3004406690597534
-0.23757928609848022
0.02352561242878437
-0.033774301409721375
0.19405119121074677
-0.024676084518432617
-0.08944736421108246
0.24351461231708527
-1.1806299686431885
0.031626272946596146
0.27282020449638367
-0.41930270195007324
-0.042557492852211
-0.08255352079868317
0.030185921117663383
0.16868294775485992
-0.1873936504125595
0.3043684661388397
-0.2252703756093979
0.3002978265285492
-0.05241316556930542
0.2628522217273712
-0.1941998451948166
-0.2295200675725937
-0.25769007205963135
-0.2189890295267105
-0.4252469837665558
0.07467925548553467
-0.1565113663673401
-1.0217339992523193
0.12263541668653488
0.22028987109661102
-0.04387947916984558
0.2105620950460434
0.32827329635620117
0.38686561584472656
0.07058726251125336
-0.21378262341022491
0.024156322702765465
-0.11451856046915054
0.1452399343252182
-0.006710155867040157
0.09563090652227402
-0.13574622571468353
0.39375561475753784
0.23697499930858612
-0.046800583600997925
-0.6622520089149475
-0.010298340581357479
0.33163774013519287
0.332461953163147
-0.22329585254192352
0.29483461380004883
0.1266777366399765
0.04040105268359184
-0.08889053761959076
-0.131525456905365
-0.12260640412569046
0.37634024024009705
0.07411742955446243
-0.22559574246406555
0.06195095553994179
0.0001231501519214362
-0.24253101646900177
0.24012036621570587
-0.5876415967941284
0.16491250693798065
-0.147693932056427
0.024760201573371887
-0.08839593082666397
0.2428906261920929
0.03582655265927315
0.005979356821626425
-0.27087312936782837
0.28285232186317444
-0.18578371405601501
0.1782558113336563
-0.4834109842777252
-0.2909865081310272
-0.07993976026773453
-0.17602568864822388
0.059413183480501175
-0.19553311169147491
-0.11379776149988174
0.38065510988235474
-0.36815354228019714
-0.2149783819913864
0.029769744724035263
-0.04066742956638336
0.2435285896062851
-0.017916718497872353
-0.3064325451850891
0.19217227399349213
0.18782150745391846
-0.5716749429702759
-0.3552541732788086
-0.0995873361825943
0.375564306974411
0.04251762107014656
-0.0787639245390892
-0.16227048635482788
-0.15187697112560272
0.14356349408626556
0.028905881568789482
0.15062379837036133
-0.24064545333385468
-0.020633867010474205
-0.11906126141548157
0.0891098901629448
-0.36415180563926697
0.10334402322769165
-0.18612386286258698
0.05769874155521393
0.13934895396232605
0.34993740916252136
-0.15938398241996765
-0.43235573172569275
0.019057875499129295
-0.2850721478462219
0.2828976809978485
0.18293063342571259
-0.30095165967941284
0.14044640958309174
0.1813841611146927
0.315184086561203
0.2654646933078766
-0.41221609711647034
-0.20237959921360016
-0.5330849885940552
-0.2790270149707794
0.1882852464914322
-0.2179400473833084
0.06220526620745659
0.06871044635772705
0.043168485164642334
0.181248277425766
-0.12070416659116745
0.008499937132000923
-0.3384009897708893
-0.18305444717407227
-0.252695232629776
-0.0309247225522995
0.0900900587439537
0.11626019328832626
0.6819742321968079
0.1465311199426651
-0.015023044310510159
0.06933773308992386
0.16435754299163818
0.1254473477602005
-0.12582910060882568
-0.11338742077350616
0.1321861296892166
0.07880932092666626
0.39492490887641907
-0.11478085070848465
-0.2289583534002304
-0.049272291362285614
0.12441354990005493
0.11949115246534348
-0.05687887966632843
0.3085993826389313
-0.12247198075056076
-0.42997726798057556
-0.18183748424053192
-0.2249918431043625
0.03882872685790062
0.31446850299835205
-0.040338870137929916
-0.12878765165805817
-0.062059272080659866
-0.1185220330953598
-0.10134711116552353
-0.09116518497467041
0.1784539669752121
-0.08424603193998337
-0.26256340742111206
0.11495327949523926
-0.17566649615764618
0.008835291489958763
0.08426378667354584
0.27539435029029846
-0.02011280506849289
-0.34693682193756104
-0.27693167328834534
0.10946685820817947
0.13110481202602386
-0.043630506843328476
0.16560660302639008
-0.29493075609207153
-0.16565267741680145
-0.37360721826553345
-0.11141304671764374
0.1103256419301033
-0.023401666432619095
-0.5826388001441956
-0.08968508988618851
0.144422709941864
-0.21787519752979279
0.16843491792678833
0.21908482909202576
0.1389872431755066
-0.184796541929245
-0.4176003634929657
-0.18913941085338593
-0.5380350351333618
0.4603366255760193
0.20295777916908264
0.2500683665275574
0.029831595718860626
0.10661324113607407
-0.12440929561853409
0.22433269023895264
0.2922895550727844
0.010495026595890522
-0.1731966882944107
0.04392058402299881
-0.28016602993011475
0.1979326456785202
0.1323869526386261
0.13522441685199738
-0.12775707244873047
0.23810021579265594
-0.0372614860534668
-0.5171880125999451
0.04873032495379448
0.0181055199354887
-0.07663577795028687
0.2748302221298218
0.011510882526636124
0.13776260614395142
0.4360039532184601
-0.511913537979126
0.04685494676232338
-0.26569652557373047
0.25171542167663574
0.11110549420118332
-0.09762807935476303
-0.25755998492240906
0.3277977705001831
-0.23586341738700867
-0.1722031533718109
0.12198759615421295
-0.17629079520702362
-0.3379213809967041
0.022570624947547913
-0.17403413355350494
0.0014640146400779486
-0.22068530321121216
0.1800742745399475
0.26173093914985657
0.01872345246374607
-0.23829171061515808
-0.48432791233062744
0.1884579211473465
0.5078228712081909
0.2589207887649536
0.24538490176200867
0.3399207890033722
-0.25169113278388977
-0.2989254295825958
-0.04439690336585045
0.18304044008255005
0.18276222050189972
-0.11892802268266678
-0.23757469654083252
0.1757233589887619
-0.14008726179599762
0.4290529489517212
0.1916588991880417
0.23503154516220093
0.18860311806201935
0.19920843839645386
-0.14372526109218597
-0.013805988244712353
-0.07201875001192093
-0.15840189158916473
-0.3273314833641052
0.15527714788913727
-0.40598174929618835
0.11901199072599411
-0.12681984901428223
0.25383856892585754
-0.1747911423444748
-0.050710566341876984
-0.15245771408081055
-0.2575567960739136
-0.13169655203819275
0.14045587182044983
-0.175641730427742
0.023839684203267097
-0.3135170340538025
0.13187798857688904
-0.40454697608947754
-0.3925388753414154
-0.4286712408065796
0.021002672612667084
-0.033999089151620865
-0.003298666561022401
-0.3770100176334381
0.28957003355026245
0.2255522757768631
0.27646636962890625
0.08602915704250336
-0.0751967802643776
-0.2074139267206192
0.200296550989151
0.054429344832897186
0.1894114762544632
-0.12135549634695053
0.036924153566360474
-0.9293720722198486
0.003821436082944274
0.011629965156316757
0.20506815612316132
0.10649179667234421
-0.12404804676771164
-0.048373207449913025
-0.15723581612110138
0.0742345005273819
-0.3085469603538513
-0.811809241771698
-0.2113448977470398
-0.7000782489776611
0.22309331595897675
-0.32768094539642334
0.10222334414720535
-0.21400004625320435
0.1424597203731537
0.016767561435699463
-0.15594914555549622
-0.08591722697019577
0.15655601024627686
0.13463643193244934
0.015421965159475803
0.060969993472099304
0.12022962421178818
0.007562031503766775
-0.22478164732456207
0.25296980142593384
-0.09290438890457153
-0.1349918693304062
-0.15643729269504547
-0.02786187268793583
-0.5083321332931519
0.3167772889137268
-0.02671062760055065
0.15002885460853577
-0.2766295075416565
-0.028939329087734222
-0.14820514619350433
-0.2898995578289032
0.1511550396680832
-0.07963787019252777
-0.07197795063257217
0.337950736284256
-0.2005181461572647
-0.030883345752954483
-0.2429398000240326
-0.24262818694114685
0.37241628766059875
0.21738074719905853
-0.15830232203006744
0.02943408489227295
-0.6650795340538025
0.02246857061982155
0.09538662433624268
-0.015910083428025246
0.28023144602775574
-0.06630680710077286
0.03858666121959686
0.17983974516391754
0.132594034075737
0.240425243973732
-0.08386339992284775
-0.36575454473495483
-0.7098690867424011
-0.12905552983283997
0.13030625879764557
0.010784325189888477
-0.1819334775209427
0.15683665871620178
-0.022604694589972496
-0.01635909453034401
-0.02238820679485798
-0.4389214515686035
0.48326247930526733
0.09385073930025101
-0.055939190089702606
0.27406251430511475
0.09599091112613678
-0.06011736020445824
0.09769223630428314
0.22983132302761078
-0.2061193585395813
-0.03555461764335632
0.1311740279197693
0.2435225397348404
-0.473684698343277
-0.12437140941619873
-0.07129795104265213
-0.31711480021476746
-0.443249374628067
-0.032428350299596786
-0.4353272318840027
-0.18087823688983917
0.07832836359739304
0.34664615988731384
-0.19099341332912445
0.012296286411583424
0.22190585732460022
0.19807301461696625
0.24590753018856049
0.15769310295581818
-0.4476769268512726
-0.052343640476465225
-0.10875819623470306
0.016548799350857735
-0.23173296451568604
-0.5973531603813171
0.023386377841234207
-0.5750346183776855
0.3108081817626953
-0.5246071219444275
-0.20107129216194153
-0.3756539225578308
-0.13418027758598328
-0.745043158531189
0.04127103090286255
-0.11592748016119003
0.22624966502189636
0.029285727068781853
-0.11723523586988449
-0.042047761380672455
0.35535693168640137
-0.24220360815525055
0.16582737863063812
-0.07997889071702957
-0.21499788761138916
0.32532867789268494
0.0620788149535656
0.4063074588775635
-0.18456564843654633
0.12026229500770569
0.06490051001310349
-0.19574952125549316
0.08111522346735
0.18653875589370728
-0.07832903414964676
-0.014676137827336788
-0.4642128348350525
-0.19505396485328674
-0.30766522884368896
0.19335810840129852
0.17353685200214386
-0.018170591443777084
-0.03739728778600693
0.1986435204744339
-0.3527925908565521
-0.1908223032951355
-0.11948306858539581
0.10146945714950562
0.31784549355506897
-0.25483348965644836
-0.34107691049575806
-0.1641303300857544
-0.6290624141693115
-0.10098191350698471
-0.1368873417377472
-0.8244837522506714
0.22959710657596588
-0.2983560860157013
0.12813067436218262
0.03732816129922867
-0.15173524618148804
0.12264715880155563
0.23393964767456055
-0.06318754702806473
0.0026147037278860807
-0.3554426431655884
0.22137516736984253
-0.3893149197101593
0.1933646947145462
-0.24750521779060364
-0.12170284986495972
-0.015578974969685078
-0.2505142390727997
-0.5238270163536072
0.16493558883666992
0.1520843356847763
0.12370950728654861
0.18863365054130554
-0.3038254380226135
-0.014855727553367615
-0.3041444718837738
0.049275126308202744
-0.16983570158481598
0.08255137503147125
0.01117030344903469
0.2399226874113083
0.1853993982076645
-0.24597065150737762
-0.14893822371959686
-0.24069876968860626
0.029017234221100807
-0.8764103651046753
-0.3775923252105713
-0.46130314469337463
-0.014326765201985836
-0.09002362191677094
0.14321686327457428
0.03984170779585838
0.15193650126457214
0.3390953242778778
-0.44025152921676636
0.09016260504722595
0.5781798958778381
-0.03655584529042244
0.2662865221500397
-0.24293439090251923
-1.025629997253418
-0.213690385222435
0.24016828835010529
0.2157699018716812
0.2422545999288559
-0.22833845019340515
0.23088502883911133
-0.15804091095924377
-0.6100365519523621
-0.20473149418830872
-0.4737797975540161
-0.9422621726989746
-0.21383090317249298
-0.10883566737174988
-0.6139101386070251
0.2313794195652008
-0.00885359849780798
0.12478486448526382
0.0026307872030884027
0.19356727600097656
0.049821607768535614
0.12745992839336395
0.20222944021224976
0.039396267384290695
-0.001017305301502347
0.18377982079982758
0.5807387828826904
-0.21904020011425018
0.08960309624671936
-0.9105143547058105
-0.04519611597061157
0.18587101995944977
0.29535946249961853
0.26185545325279236
0.05301999673247337
0.2213495671749115
-0.18444521725177765
-0.4989800453186035
-0.0816909447312355
-0.26488786935806274
0.22417491674423218
0.01878299005329609
0.35929256677627563
0.1274709701538086
0.08716659247875214
0.160944864153862
-0.19128909707069397
-0.11762771010398865
0.10398600995540619
0.13537868857383728
-0.1943126618862152
-0.572276771068573
0.03120456449687481
-0.6115348935127258
0.0012970665702596307
0.04717402160167694
-0.06530087441205978
0.0007636229274794459
-0.3845670521259308
0.2650585472583771
-0.488384872674942
-0.6473608613014221
-0.08302786946296692
-0.10963340848684311
0.0947040319442749
-0.21306337416172028
0.1298193484544754
0.05157418176531792
0.2825488746166229
-0.2127547413110733
-0.1936604380607605
0.058398567140102386
0.2992013394832611
-0.35515809059143066
0.15939484536647797
0.16349680721759796
-0.037951402366161346
-0.6803279519081116
-0.22005648910999298
0.08281506597995758
0.08581995964050293
-0.11768202483654022
-0.28421661257743835
0.029997443780303
0.3549523651599884
0.17041721940040588
-0.19516830146312714
-0.016168255358934402
0.1117040291428566
0.4591462016105652
0.17583732306957245
-0.27453577518463135
0.09459105879068375
-0.004029005765914917
-0.6170729994773865
-0.1226971447467804
-0.11548829823732376
-0.587274968624115
-0.12863580882549286
-0.1769166886806488
0.14434336125850677
0.07088270038366318
-0.5717103481292725
0.09340701252222061
0.12627679109573364
0.010332738980650902
-0.10397560894489288
-0.0029092226177453995
0.1934501975774765
-0.1231578066945076
-0.23503583669662476
-0.06354673206806183
0.005083626601845026
0.21663591265678406
0.10329701751470566
0.22951266169548035
-0.2327914983034134
0.11834212392568588
-0.07075264304876328
-0.2945760488510132
-0.030627261847257614
0.22474806010723114
-0.06076844036579132
-0.09813548624515533
0.10144661366939545
0.32596203684806824
0.127719908952713
0.016335677355527878
0.25429975986480713
0.07855088263750076
-0.3409854769706726
-0.21698711812496185
-0.2247764766216278
0.15346163511276245
0.04039209336042404
0.09432059526443481
-0.2847970724105835
-0.05497158318758011
-0.7033182978630066
-0.15642648935317993
0.129751518368721
-0.24713879823684692
0.5422329306602478
-0.1026824414730072
-0.21783170104026794
0.2256644368171692
0.13075247406959534
0.14121013879776
-0.07027123123407364
-0.10116317123174667
0.25446537137031555
0.2118462175130844
0.1607595980167389
-0.09125155210494995
0.08948753774166107
0.3534380793571472
-0.028401367366313934
0.08713187277317047
-0.019787907600402832
0.19780346751213074
-0.316123366355896
-0.027940882369875908
0.3686303198337555
-0.23466312885284424
0.157863050699234
-0.5813273191452026
0.08049546927213669
-0.9080256223678589
0.02383035607635975
0.2688952088356018
0.03835706412792206
-0.11125508695840836
0.06034263223409653
-0.2472831904888153
-0.6160180568695068
-0.06954692304134369
0.262509822845459
-0.7166833877563477
0.13208849728107452
-0.11802862584590912
-0.16389425098896027
-0.02277383580803871
-0.08469735085964203
-0.08884099870920181
0.023045292124152184
-0.04808797687292099
-0.05069230496883392
-0.2691769301891327
-0.2692541182041168
0.1183430626988411
-0.5469955801963806
-0.2695614993572235
0.2672192454338074
0.0046724542044103146
-0.2598840296268463
0.021589430049061775
-0.03271539509296417
-0.27975597977638245
-0.293657511472702
-0.11752307415008545
-0.08912177383899689
-0.17452260851860046
0.01548219658434391
-0.05177438631653786
0.18722721934318542
-0.6723851561546326
0.11787332594394684
-0.16068299114704132
-0.18626157939434052
-0.6189576387405396
0.23011411726474762
0.09378877282142639
-0.061159648001194
0.11731238663196564
0.1020156592130661
0.04002395272254944
-0.14453279972076416
0.0675731897354126
0.3575798571109772
-0.0018687017727643251
0.10578140616416931
0.15899880230426788
-0.2408709079027176
-0.2436559647321701
-0.10374841839075089
0.33077937364578247
-0.11734247207641602
0.17337685823440552
0.08782228082418442
-0.01168867852538824
0.16407723724842072
-0.2918325960636139
0.5621407628059387
-0.07519049942493439
-0.049395233392715454
-0.3072759211063385
-0.09399115294218063
0.11219773441553116
0.23132863640785217
-0.46421459317207336
0.13787174224853516
-0.10688357800245285
0.09083683788776398
-0.11584629118442535
-0.01971232332289219
-0.3415328562259674
-0.3925521671772003
-0.09395847469568253
0.31765568256378174
0.2257453203201294
0.059427980333566666
-0.08041957020759583
0.0025343052111566067
0.13366305828094482
-0.12882991135120392
0.15143489837646484
-0.1153331995010376
0.22910162806510925
-0.11254715174436569
0.0776578038930893
0.2868262529373169
0.13237904012203217
-0.04805653914809227
0.050923872739076614
0.150860995054245
0.0011383593082427979
0.3033958971500397
-0.4679636061191559
-0.21620814502239227
-0.07421386241912842
-0.0930294468998909
0.307306170463562
-0.24907317757606506
0.24081139266490936
-0.05497642979025841
0.10030776262283325
-0.22923409938812256
-0.2627035677433014
-0.06842297315597534
-0.7230165004730225
0.10858028382062912
-0.1510903239250183
-0.18069294095039368
0.0249041598290205
-0.6002723574638367
0.0770987868309021
-0.5114693641662598
-0.12607361376285553
-0.12307123839855194
0.2962110638618469
0.1318894326686859
-0.11005567014217377
0.3645743131637573
0.011798313818871975
-0.27546989917755127
-0.08499632030725479
-0.27322623133659363
-0.4490554928779602
0.05863901600241661
0.2270643562078476
0.19133393466472626
-0.2575666606426239
0.1956377923488617
-0.09972336143255234
-0.0764288678765297
-0.24573364853858948
-0.000914791424293071
-0.2517240643501282
-0.1672058403491974
0.06794139742851257
-0.17657910287380219
-0.366845965385437
-0.06873967498540878
0.15624473989009857
-0.03266064450144768
-0.27968156337738037
-0.06491325795650482
0.12187357246875763
0.006764816120266914
-0.39426082372665405
-0.40193450450897217
-0.5654613375663757
-0.20780564844608307
-0.11253734678030014
-0.22688226401805878
0.06661491096019745
-0.0031547797843813896
-0.2025354951620102
-0.21380673348903656
-0.0353287011384964
-0.20598351955413818
0.10223547369241714
0.21854910254478455
-0.09653401374816895
-0.27603664994239807
0.2680304944515228
-0.47681885957717896
-0.3605780303478241
0.14676997065544128
0.15403400361537933
-0.1677156239748001
0.2565447688102722
-0.17174984514713287
0.01870092935860157
-0.47552698850631714
0.026273341849446297
-0.22775915265083313
0.16115644574165344
-0.007578300777822733
0.04863905906677246
0.26446789503097534
0.02146335132420063
-0.1864689439535141
-0.047547876834869385
-0.360233873128891
-0.14939235150814056
-0.3917464017868042
0.05589306727051735
-0.010620670393109322
0.07769764214754105
0.3009033501148224
-0.0878247618675232
0.350956529378891
-0.009849061258137226
-0.1254723221063614
-0.008110369555652142
-0.2629575729370117
-0.2622741460800171
-0.11098470538854599
-0.2496497929096222
-0.029905283823609352
-0.1670192927122116
-0.029765354469418526
0.04252966493368149
-0.12072224915027618
-0.06103575602173805
-0.21559055149555206
-0.29204919934272766
0.12554903328418732
0.17080657184123993
0.02058703452348709
-0.327140212059021
-0.14127615094184875
-0.5091561675071716
0.031138649210333824
0.06529604643583298
-0.03606664389371872
-0.06268294900655746
-0.4283919632434845
0.15170034766197205
-0.2084098905324936
-0.19405215978622437
-0.1571214497089386
-0.2460334599018097
-0.24350674450397491
0.03440999984741211
0.2573241889476776
-0.040208831429481506
0.2612399756908417
-0.2706766724586487
0.057958368211984634
-0.14881843328475952
-0.6235219836235046
0.12036636471748352
0.019589727744460106
-0.15375152230262756
-0.03478597477078438
-0.25157925486564636
-0.10207083821296692
-0.12158364802598953
0.3218425512313843
-0.2087211310863495
0.14825907349586487
0.09392492473125458
-0.02954912930727005
-0.23213079571723938
0.10860320180654526
-0.24358756840229034
-0.1111045777797699
0.08058902621269226
-0.5330376625061035
-0.4277057945728302
-0.046129174530506134
0.13200300931930542
-0.2447706162929535
0.1476897895336151
0.2177228182554245
0.06875250488519669
-0.003180989297106862
0.26494354009628296
-0.0715910866856575
-0.17536745965480804
0.3201204836368561
0.14986222982406616
-0.4511147439479828
-0.2134913057088852
-0.06982532888650894
0.18829220533370972
-0.11124081909656525
-0.32816433906555176
0.0819409191608429
-0.6078946590423584
0.09661656618118286
0.2621380090713501
0.16266079246997833
-0.17140865325927734
0.17607787251472473
-0.1885455995798111
0.08769343048334122
0.058757346123456955
-0.2172318994998932
-0.4277682900428772
-0.18088215589523315
-0.01180395856499672
0.1911340355873108
-0.11640965193510056
-0.20795726776123047
-0.27830371260643005
0.15351015329360962
0.006387259345501661
0.021197378635406494
0.14098188281059265
-0.36369603872299194
-0.3748782277107239
-0.36466237902641296
-0.44061294198036194
-0.012203371152281761
0.0004037119506392628
-0.2488626390695572
0.12058724462985992
0.0888647511601448
0.13553349673748016
0.1259170025587082
0.03873542696237564
0.1898748278617859
-0.05093332380056381
-0.01730423979461193
-0.1887359917163849
-0.1923770159482956
0.3929954171180725
0.21880008280277252
0.08761770278215408
-0.2552691400051117
-0.15350571274757385
-0.6070044040679932
-0.2284993976354599
0.2575662136077881
-0.15110988914966583
-0.1758139431476593
-0.2429860681295395
0.06968769431114197
-0.1679757535457611
-0.38036563992500305
0.048474278301000595
0.30032801628112793
-0.4034036695957184
-0.1689268946647644
-0.30671364068984985
-0.3526391386985779
-0.05537234991788864
-0.1873706579208374
0.2695334851741791
-0.1733035147190094
-0.1624942570924759
-0.1798296421766281
-0.028189433738589287
0.3142491579055786
-0.1633952409029007
0.18906369805335999
0.0695355236530304
0.12563903629779816
0.3283780515193939
0.1884288191795349
0.08432180434465408
-0.10851604491472244
0.1654585599899292
-0.11546418815851212
0.1190345510840416
-0.007071369327604771
0.026973072439432144
-0.18169277906417847
0.13997654616832733
-0.10977994650602341
-0.12992048263549805
-0.07646024227142334
0.198081374168396
0.16071684658527374
-0.334849089384079
-0.4361654818058014
-0.15762779116630554
0.09804626554250717
-0.07292427122592926
0.08785006403923035
0.058150943368673325
0.18102580308914185
0.23300017416477203
0.29094305634498596
-0.08280614018440247
-0.2431258261203766
-0.006000211462378502
-0.12111055105924606
0.0823984444141388
-0.21660828590393066
-0.2321787327528
-0.16231350600719452
-0.042547840625047684
-0.3253440260887146
-0.0635676458477974
0.03748390078544617
0.0936104953289032
-0.2609948217868805
-0.47901538014411926
0.011069510132074356
0.48060476779937744
0.07484479248523712
-0.09957891702651978
-0.019411465153098106
0.033156320452690125
-0.036381833255290985
0.018251847475767136
0.11085358262062073
-0.14067469537258148
-0.1908223181962967
0.2521476149559021
0.18340496718883514
0.23067842423915863
0.02696184813976288
0.02024894766509533
-0.19188997149467468
-0.3362068831920624
0.21675732731819153
-0.116337850689888
-0.030239636078476906
-0.1621377319097519
-0.27045267820358276
-0.24422194063663483
-0.12408819794654846
0.17291027307510376
0.2932199239730835
-0.36308830976486206
0.17600981891155243
0.07325414568185806
-0.04119938984513283
-0.1533803790807724
0.1394786387681961
0.20213748514652252
0.0789891928434372
0.05450030416250229
0.20153918862342834
-0.21107573807239532
-0.18809255957603455
-0.4824199974536896
-0.16999073326587677
-0.84853595495224
0.07594449073076248
-0.014963144436478615
0.4369175434112549
-0.1353204995393753
-0.37253162264823914
0.24499720335006714
0.20907042920589447
0.17752739787101746
0.16924302279949188
-0.07761584222316742
-0.1918775886297226
-0.052594706416130066
-0.13004085421562195
-0.7080892324447632
-0.2633205056190491
0.07785008102655411
-0.1382942646741867
0.37983518838882446
-0.2133820503950119
-0.0921248346567154
0.07609857618808746
-0.05652908608317375
0.3508293628692627
-0.4636250436306
0.21458464860916138
0.06401441246271133
-0.26942622661590576
-0.20143084228038788
-0.707257091999054
-0.04616301506757736
