-0.1863362342119217
-0.26549458503723145
-0.0639628916978836
-0.13147231936454773
-0.024128958582878113
-0.26303911209106445
0.24399268627166748
0.09997108578681946
0.17116686701774597
-0.12749303877353668
0.15228289365768433
-0.04840606451034546
0.02043837308883667
0.12871778011322021
0.19256144762039185
-0.15697407722473145
0.26649945974349976
-0.2713606357574463
-0.2690880298614502
-0.12348794937133789
-0.2089083194732666
0.10740131139755249
0.04918015003204346
0.18288612365722656
0.19827106595039368
0.26074033975601196
-0.021125376224517822
0.04236578941345215
-0.1646004021167755
0.10966631770133972
0.20316451787948608
0.03882354497909546
0.0015827715396881104
-0.2144792526960373
0.144651859998703
-0.09615831077098846
-0.13088059425354004
-0.06156030297279358
-0.15539902448654175
-0.08466635644435883
0.1748756766319275
0.2492031455039978
0.188416987657547
0.15747815370559692
0.21958261728286743
0.19073709845542908
-0.035187721252441406
0.02072376012802124
-0.14355802536010742
0.22753110527992249
0.234017014503479
0.1268116533756256
-0.1900957226753235
-0.0852823406457901
0.08613169193267822
0.09216657280921936
0.0803455114364624
-0.25368747115135193
0.0014593005180358887
-0.13807207345962524
-0.0721515417098999
0.07017481327056885
0.2458706498146057
0.0649576485157013
0.14074194431304932
0.1316690742969513
-0.10668012499809265
-0.24720443785190582
-0.19149097800254822
0.17968514561653137
0.25705379247665405
0.2450629472732544
0.0
0.0
0.0
0.0
0.0
0.0
0.0
0.0
-0.14505621790885925
-0.08564706891775131
-0.00842297077178955
-0.03566591441631317
-0.07315580546855927
0.12583746016025543
-0.02798764407634735
-0.11649978160858154
0.04525446891784668
0.06563572585582733
0.004722118377685547
-0.12521883845329285
-0.16349589824676514
-0.08825715631246567
-0.07307132333517075
0.08995689451694489
-0.12707781791687012
-0.013247177004814148
0.0020320862531661987
0.08973671495914459
-0.07454407215118408
0.11318854987621307
0.0580950528383255
-0.056956373155117035
-0.04097621142864227
-0.08158572763204575
0.14953739941120148
0.11111526191234589
0.11863569915294647
-0.07823054492473602
-0.14593617618083954
0.12780587375164032
-0.11122890561819077
0.06411659717559814
-0.07248222827911377
0.08498658239841461
-0.0005560368299484253
0.0906347781419754
0.016326427459716797
-0.006135821342468262
-0.06568937003612518
-0.06648369878530502
0.13038770854473114
0.0176926851272583
0.08014523983001709
-0.03140409290790558
-0.1462981402873993
-0.08224471658468246
-0.0838751420378685
0.10291416943073273
0.07217176258563995
0.015059307217597961
0.01716335117816925
-0.036939024925231934
-0.11016719043254852
0.13906104862689972
0.1548530012369156
0.1465020328760147
0.16557209193706512
-0.05764174461364746
0.15261857211589813
0.12747277319431305
0.04409606754779816
0.14865131676197052
-0.0917360782623291
-0.0033091306686401367
7.192790508270264e-05
-0.10763029754161835
-0.034540414810180664
0.04241609573364258
-0.036234065890312195
0.09232844412326813
0.04782767593860626
-0.08901362121105194
-0.11593528836965561
-0.028160855174064636
-0.006080701947212219
0.06105749309062958
-0.007136538624763489
-0.06840118020772934
0.13426126539707184
0.15173117816448212
0.14772631227970123
0.1453510969877243
-0.11219863593578339
-0.11743263900279999
0.04257376492023468
0.05728857219219208
-0.07703733444213867
-0.03402113914489746
0.07222647964954376
0.003529980778694153
0.11412246525287628
0.026030823588371277
-0.10594320297241211
0.12288786470890045
-0.05555860698223114
-0.05533158779144287
0.01908724009990692
-0.036429211497306824
-0.0098981112241745
0.1553163081407547
-0.038242414593696594
0.0977039784193039
0.12772853672504425
-0.05891188234090805
-0.07733893394470215
0.06807692348957062
-0.1210440844297409
0.10684163868427277
-0.10078545659780502
-0.1568501889705658
-0.018663331866264343
0.007138058543205261
0.11850838363170624
0.08387510478496552
-0.09520848840475082
0.018056795001029968
-0.13782250881195068
0.15561525523662567
0.0430576354265213
-0.05336034297943115
0.030839040875434875
-0.057009220123291016
-0.04616936296224594
-0.060126349329948425
-0.1320076435804367
0.09628920257091522
-0.14647214114665985
0.025458529591560364
-0.017682954668998718
-0.05177633464336395
-0.08381426334381104
0.0581466406583786
0.03989057242870331
-0.0944562777876854
-0.06137828528881073
-0.009525731205940247
-0.05589103698730469
-0.08787091821432114
-0.156630277633667
0.10513027012348175
-0.09202790260314941
0.008933544158935547
-0.025238871574401855
-0.13755325973033905
0.08864705264568329
0.08083975315093994
-0.07255172729492188
-0.15343992412090302
0.06273074448108673
0.02961258590221405
0.08330182731151581
-0.0456676110625267
-0.06107223033905029
-0.018464207649230957
0.1368498057126999
-0.06661657989025116
0.09669114649295807
0.03731842339038849
-0.16098952293395996
0.09048749506473541
0.02805061638355255
-0.16576938331127167
0.018353939056396484
-0.10874863713979721
-0.03639121353626251
-0.005369827151298523
-0.013809606432914734
-0.09524035453796387
-0.16623692214488983
0.0971883088350296
0.027981996536254883
0.1205979734659195
0.04115466773509979
0.039073750376701355
-0.13399216532707214
0.02660982310771942
-0.009000584483146667
0.1245754212141037
0.076163649559021
0.1430627554655075
-0.13355061411857605
0.15533606708049774
0.12572868168354034
0.060085728764534
0.11480124294757843
-0.03099195659160614
-0.15451912581920624
0.012756898999214172
0.09866122901439667
-0.029752179980278015
-0.0019776076078414917
0.05360424518585205
0.03865821659564972
0.07112042605876923
-0.15775573253631592
-0.07403477281332016
-0.04486867040395737
0.11300875246524811
0.04882971942424774
0.11974482238292694
0.1273595541715622
0.1266355961561203
-0.07035867869853973
0.1108836680650711
-0.0011272430419921875
0.0004324913024902344
-0.10745545476675034
0.07772719860076904
0.15794672071933746
0.08064901828765869
0.021301433444023132
0.11225004494190216
0.036192700266838074
-0.16145846247673035
0.060912445187568665
0.06881213188171387
-0.0558343380689621
-0.10662174224853516
0.16551698744297028
-0.08080192655324936
-0.12603744864463806
-0.0147123783826828
-0.05337373912334442
-0.05646157264709473
0.01677393913269043
-0.12274806201457977
0.039974525570869446
-0.06451459974050522
0.07833468914031982
-0.09485308825969696
0.16592277586460114
0.037485525012016296
0.07653498649597168
0.1562747210264206
-0.07905161380767822
0.044881343841552734
-0.09185405820608139
-0.1347712278366089
-0.03526902198791504
-0.11009077727794647
0.015446826815605164
0.009503558278083801
-0.029657438397407532
0.10244543850421906
0.043930694460868835
-0.09973704814910889
-0.165920227766037
-0.022829174995422363
0.04413139820098877
-0.0577777624130249
0.06441481411457062
0.040928006172180176
-0.10912001132965088
0.10875536501407623
-0.16041199862957
0.1150970607995987
0.04417271912097931
-0.13890719413757324
0.04940347373485565
0.059108734130859375
-0.05560886859893799
-0.10010918229818344
0.07158541679382324
0.08666296303272247
-0.1453435868024826
0.03367054462432861
-0.08810238540172577
-0.08725707232952118
-0.045491501688957214
0.132745161652565
0.022946760058403015
0.030999064445495605
0.028135061264038086
-0.15251588821411133
0.0173138827085495
0.05210904777050018
0.079877570271492
0.0842532366514206
-0.027153775095939636
-0.01369321346282959
0.08807198703289032
0.0671503096818924
-0.10902687162160873
-0.08339035511016846
0.007228255271911621
0.13483847677707672
0.04954524338245392
0.06499743461608887
-0.161616250872612
-0.14866936206817627
-0.08183133602142334
0.12854613363742828
0.12501676380634308
-0.1337154358625412
0.07113237679004669
-0.03299522399902344
0.03283111751079559
0.01051609218120575
-0.12310707569122314
0.003217175602912903
0.022155404090881348
-0.0013576298952102661
0.009905174374580383
0.019630149006843567
-0.16009831428527832
0.11359889805316925
0.13074852526187897
-0.13776791095733643
0.08962108194828033
-0.0723578929901123
0.051877573132514954
-0.00758516788482666
0.13447053730487823
-0.10764031112194061
0.15243448317050934
-0.1661965548992157
0.05104236304759979
0.06084795296192169
0.11496920883655548
0.026207730174064636
0.1643139272928238
0.15281648933887482
0.05306704342365265
-0.13190822303295135
0.03556208312511444
0.1574566811323166
0.015347078442573547
0.03006117045879364
-0.10955413430929184
0.056779906153678894
-0.14133381843566895
-0.025477290153503418
-0.002113819122314453
0.029166460037231445
0.06538848578929901
-0.13492612540721893
-0.024518728256225586
-0.10132118314504623
0.0067193955183029175
-0.1459725797176361
-0.1031147688627243
-0.11734025180339813
0.002001047134399414
-0.09357838332653046
0.06703753769397736
0.13091303408145905
0.05082857608795166
0.12195612490177155
0.16283158957958221
0.01589803397655487
0.056650593876838684
0.12684102356433868
-0.14378099143505096
0.021132424473762512
-0.043835125863552094
-0.01613159477710724
-0.08433561027050018
0.04801376163959503
-0.043358609080314636
-0.14022545516490936
-0.09701641649007797
-0.00865626335144043
-0.04603787511587143
0.011950209736824036
-0.0432765930891037
0.027486249804496765
0.0984840840101242
0.03148770332336426
0.09372405707836151
0.022310569882392883
-0.13239192962646484
-0.049852773547172546
-0.04565756022930145
-0.05922206491231918
-0.009639188647270203
0.08575411140918732
0.030425742268562317
0.13405992090702057
0.020801663398742676
-0.0012404173612594604
0.11845673620700836
0.002812817692756653
0.04602043330669403
-0.13495783507823944
0.09665505588054657
-0.06955882161855698
0.13999347388744354
0.14212410151958466
-0.04598136991262436
-0.08302712440490723
-0.021353885531425476
-0.13728806376457214
-0.13927499949932098
-0.11988218873739243
-0.05028581619262695
-0.0071030110120773315
0.0891590267419815
-0.02727508544921875
0.1264794021844864
-0.1473129242658615
-0.05703310668468475
0.08382730185985565
-0.11122012138366699
0.06068575382232666
0.11252348124980927
-0.05214028060436249
-0.15035967528820038
-0.04238458722829819
-0.08736046403646469
-0.05124752223491669
0.1121833473443985
0.13960905373096466
0.06084601581096649
0.1644696146249771
-0.08480469882488251
-0.042041778564453125
0.1096552163362503
-0.06479009240865707
-0.09817922115325928
0.12029893696308136
0.05878150463104248
0.09004105627536774
-0.09872452914714813
0.14848001301288605
-0.1358913630247116
-0.11209845542907715
-0.11472229659557343
-0.041556552052497864
-0.13580703735351562
-0.12032215297222137
0.10684145987033844
-0.13117890059947968
-0.13785068690776825
-0.06175192445516586
0.08761720359325409
-0.08806324005126953
0.06079383194446564
0.12611813843250275
-0.05805182456970215
-0.0515284538269043
0.047469452023506165
-0.029307648539543152
-0.05426788330078125
0.04317955672740936
0.07115960121154785
-0.04662875831127167
0.15691830217838287
0.04583318531513214
-0.06623630225658417
-0.02005934715270996
-0.05486186593770981
0.11827762424945831
0.06397692859172821
-0.06426727771759033
0.09534017741680145
-0.11990539729595184
-0.07738614082336426
-0.00300578773021698
-0.14259850978851318
0.15113551914691925
0.12615574896335602
0.13065727055072784
-0.16266874969005585
0.0407407283782959
-0.06142711639404297
-0.15108148753643036
-0.061208367347717285
0.11066503822803497
0.04650676250457764
0.07526087760925293
0.13842864334583282
0.04816286265850067
-0.08491842448711395
-0.027414128184318542
-0.03741271793842316
-0.14072160422801971
-0.04122559726238251
0.009046599268913269
-0.10781916230916977
0.06840403378009796
0.0900389701128006
-0.02621622383594513
-0.002204224467277527
0.05389995872974396
-0.13091576099395752
-0.08044588565826416
-0.1362524926662445
-0.08813373744487762
0.16613496840000153
-0.07435190677642822
-0.05352739989757538
-0.06084160506725311
-0.10396822541952133
0.07747940719127655
-0.09673456847667694
0.1659081131219864
0.03814740478992462
-0.11227838695049286
0.16421206295490265
-0.10799956321716309
0.15985099971294403
-0.10339049994945526
0.14498217403888702
0.06839068233966827
-0.09820016473531723
-0.10134204477071762
0.012126132845878601
0.051512643694877625
-0.002981826663017273
-0.11225688457489014
0.0029271841049194336
-0.004773855209350586
0.08428408205509186
0.09095434844493866
0.01259477436542511
-0.11617903411388397
0.15618033707141876
-0.04725790023803711
0.12355978786945343
0.09468893706798553
0.007556036114692688
-0.07528054714202881
0.0006411820650100708
0.056067898869514465
0.08226299285888672
-0.10205762088298798
-0.11817082017660141
0.09144331514835358
0.14016850292682648
0.13931722939014435
0.13220052421092987
0.11582057178020477
0.04962535202503204
0.14223964512348175
0.029914095997810364
-0.0758218765258789
-0.046824775636196136
-0.0013584345579147339
0.03677713871002197
0.0092058926820755
0.0808866024017334
-0.006949901580810547
-0.1172792911529541
0.15130798518657684
0.11091725528240204
0.00241716206073761
-0.12063273042440414
-0.06834443658590317
-0.06717698276042938
-0.10849551856517792
-0.0395052433013916
-0.0748058557510376
0.013690903782844543
-0.04138994216918945
0.08370400965213776
-0.06571869552135468
0.08168430626392365
0.009836152195930481
0.09429101645946503
-0.005883052945137024
-0.09226779639720917
0.07362072169780731
-0.14816753566265106
0.06588061153888702
0.0004789382219314575
0.037509799003601074
-0.04406218230724335
-0.1632366180419922
-0.06783279031515121
-0.012123703956604004
0.0911489874124527
0.16624633967876434
0.009650468826293945
-0.008449390530586243
0.06501121819019318
-0.0696302279829979
-0.16333536803722382
-0.09263281524181366
-0.15973663330078125
0.16009874641895294
0.0092238187789917
0.15096677839756012
0.03535652160644531
0.06939668953418732
-0.12337987124919891
-0.041567012667655945
0.022613927721977234
-0.0599207878112793
0.10892240703105927
-0.020879149436950684
0.028335094451904297
0.12160904705524445
0.04215538501739502
-0.08267848193645477
-0.04013717174530029
0.045560792088508606
-0.06317786872386932
-0.08566594123840332
-0.09758011996746063
0.022264525294303894
0.05690877139568329
-0.13107435405254364
0.04462599754333496
-0.11550486087799072
-0.08422013372182846
-0.015128448605537415
0.011371895670890808
0.12529416382312775
-0.06250226497650146
0.09756828844547272
-0.0295151025056839
-0.03782050311565399
0.002400323748588562
0.0011380910873413086
-0.15877871215343475
-0.0012680292129516602
0.016543790698051453
0.051067039370536804
-0.060160718858242035
-0.03460204601287842
-0.08104070276021957
-0.12530140578746796
-0.11622457206249237
-0.060503482818603516
-0.08287008851766586
0.14526809751987457
0.019573137164115906
-0.11092814058065414
-0.07538291066884995
0.008388921618461609
0.13578705489635468
0.0018950700759887695
-0.016895055770874023
0.028479740023612976
0.0680897980928421
0.027402713894844055
-0.10359466075897217
0.1296253353357315
-0.03792755305767059
-0.10420195758342743
-0.025734901428222656
-0.12502357363700867
0.1185731440782547
0.1503685861825943
-0.00858481228351593
-0.07833417505025864
0.03727944195270538
-0.0585172176361084
0.08027620613574982
0.14106984436511993
-0.003537610173225403
0.019743159413337708
0.10987429320812225
0.1610472947359085
-0.11722525209188461
0.0326533317565918
0.10636664927005768
0.11410589516162872
0.030382588505744934
0.07385630905628204
-0.13129083812236786
-0.13425779342651367
-0.14580845832824707
-0.09782242774963379
-0.15231578052043915
-0.12312328815460205
-0.029633641242980957
-0.060594916343688965
0.11691741645336151
-0.06384464353322983
0.020728707313537598
0.14567060768604279
-0.009387850761413574
0.049329400062561035
0.12392263114452362
0.10062830150127411
-0.08319783210754395
-0.14254753291606903
0.13420678675174713
0.09809620678424835
-0.051400184631347656
0.04259137809276581
-0.019567415118217468
-0.059446536004543304
0.12937475740909576
-0.0415521115064621
0.01947963237762451
0.0754898339509964
0.004852011799812317
-0.018502354621887207
-0.06392300128936768
0.05207483470439911
-0.14862017333507538
0.07867264747619629
0.011843323707580566
0.013100579380989075
-0.07186075299978256
-0.025007769465446472
-0.07277119159698486
0.0027988702058792114
-0.0485132560133934
-0.10187669843435287
0.1438133269548416
-0.019593238830566406
-0.022005721926689148
0.013386443257331848
-0.10074945539236069
0.024230360984802246
0.16153888404369354
-0.16556525230407715
-0.04951366037130356
0.05477209389209747
-0.07946865260601044
0.06707067787647247
0.11965660750865936
0.14489401876926422
0.09347085654735565
-0.14101120829582214
-0.009709075093269348
0.10548286139965057
0.11300690472126007
-0.13385602831840515
0.11235006153583527
-0.01867826282978058
0.10925866663455963
0.03903360664844513
0.14770229160785675
0.05784738063812256
-0.07215818017721176
-0.016669675707817078
0.10087920725345612
-0.09504612535238266
0.11690814793109894
-0.16198253631591797
-0.15907037258148193
0.15943773090839386
-0.003459736704826355
0.13720645010471344
0.055518195033073425
-0.13559699058532715
-0.02033388614654541
0.009505316615104675
-0.07025559991598129
0.028634145855903625
0.06341083347797394
-0.07013078778982162
0.011473342776298523
-0.036888644099235535
0.1509568840265274
-0.08279204368591309
-0.008768722414970398
-0.08571942895650864
0.13881517946720123
0.07984745502471924
0.032235145568847656
-0.08665593713521957
0.13972394168376923
0.15007342398166656
0.13398899137973785
0.09848253428936005
-0.011059239506721497
-0.12082028388977051
-0.040497228503227234
-0.1171269416809082
-0.02128779888153076
0.028630495071411133
0.013394162058830261
-0.0041025131940841675
-0.05101454257965088
0.11135305464267731
-0.015904501080513
-0.06486046314239502
0.14125172793865204
-0.13837122917175293
-0.14153032004833221
-0.16478197276592255
0.0649900883436203
0.1462240368127823
-0.024186894297599792
0.09249310195446014
-0.1508428305387497
0.14319853484630585
0.0572916716337204
-0.005903765559196472
0.005874752998352051
-0.04531145095825195
0.012681126594543457
-0.030791759490966797
-0.14713892340660095
-0.03360319137573242
0.0003145188093185425
-0.09756167978048325
-0.1645093411207199
0.019802376627922058
-0.005074262619018555
0.09973303973674774
0.1281297653913498
-0.10586508363485336
0.01651632785797119
0.09534110128879547
-0.0929214209318161
-0.11980760097503662
0.12574522197246552
-0.13777348399162292
-0.08804266154766083
0.023574352264404297
-0.057886600494384766
-0.05623316764831543
-0.017964765429496765
-0.05027306079864502
-0.10317246615886688
-0.12817344069480896
0.1375308483839035
-0.10457746684551239
-0.04159100353717804
-0.08536529541015625
0.05095799267292023
0.0025787353515625
-0.09167647361755371
0.006764531135559082
-0.09724883735179901
0.14466635882854462
0.0843258649110794
0.16152776777744293
0.01071755588054657
0.1346476525068283
0.13853706419467926
-0.0772273987531662
0.08130741119384766
-0.05324038118124008
0.05209831893444061
0.034738585352897644
-0.0031634122133255005
0.13580910861492157
0.035436198115348816
-0.15821945667266846
0.13847221434116364
-0.022211626172065735
-0.10231177508831024
0.01833653450012207
-0.1314447820186615
-0.15866351127624512
0.08044230937957764
-0.06122978776693344
-0.1367563009262085
-0.012223601341247559
0.13252581655979156
-0.08193199336528778
-0.16547386348247528
-0.10971605777740479
0.0120774507522583
0.002376869320869446
0.14534835517406464
-0.0930117815732956
-0.10147317498922348
-0.09942813962697983
-0.0609440803527832
-0.007143810391426086
-0.002884313464164734
-0.12409655749797821
0.14886541664600372
0.002010628581047058
-0.1499943733215332
0.10981257259845734
0.12905879318714142
0.09719021618366241
0.07598952949047089
0.09646476805210114
0.01021568477153778
-0.10345642268657684
0.15552987158298492
-0.03367714583873749
-0.15165457129478455
-0.023037239909172058
-0.04260885715484619
-0.09413405507802963
-0.15447275340557098
0.044728755950927734
-0.014698222279548645
-0.10530726611614227
-0.0825427770614624
0.08448903262615204
0.06024010479450226
-0.13054272532463074
0.12155444920063019
-0.11188308894634247
0.10110928118228912
-0.0341925173997879
-0.0823156088590622
0.05648159980773926
-0.045294925570487976
-0.0015162229537963867
-0.11830612272024155
-0.15135788917541504
-0.04273402690887451
-0.005872607231140137
0.12017802894115448
0.040064528584480286
0.1420431286096573
0.15623845160007477
-0.08689006417989731
-0.027175545692443848
-0.0826909989118576
0.029161259531974792
-0.13067162036895752
0.01449255645275116
0.023589447140693665
-0.11262635886669159
-0.003327414393424988
0.08198578655719757
-0.003632590174674988
0.03436620533466339
-0.007831886410713196
-0.11637389659881592
0.04995572566986084
-0.11816315352916718
-0.019801661372184753
0.026110291481018066
-0.16016089916229248
-0.06381376832723618
0.13536541163921356
-0.09306876361370087
0.15398924052715302
0.16141028702259064
0.10394348204135895
0.09964887797832489
-0.0064020901918411255
0.14057321846485138
-0.05841001123189926
0.03473639488220215
0.07790584862232208
-0.10794281959533691
-0.07550036907196045
-0.07888400554656982
-0.13884060084819794
-0.11908435821533203
-0.09313321113586426
-0.11524669826030731
0.13169069588184357
0.11549408733844757
-0.12466239929199219
0.10935463011264801
0.07892946898937225
-0.047428689897060394
0.08222663402557373
0.12206847965717316
0.09078709781169891
0.028743937611579895
0.10338641703128815
0.07682175934314728
0.08707372844219208
0.036409974098205566
-0.0684010237455368
-0.16073748469352722
0.06532149016857147
-0.024377942085266113
-0.14532813429832458
-0.0709494799375534
-0.08879991620779037
-0.023856282234191895
-0.04202902317047119
-0.030874893069267273
0.043956637382507324
-0.0060975998640060425
-0.08542387187480927
-0.05267135798931122
-0.09779425710439682
-0.01600603759288788
-0.14039263129234314
0.10944552719593048
0.012165620923042297
-0.04184131324291229
-0.08123540878295898
-0.06559630483388901
-0.12056704610586166
0.12984777987003326
-0.03693051636219025
0.06494688987731934
0.021562740206718445
-0.03847117722034454
0.01749153435230255
-0.07385718822479248
0.08577068150043488
0.05476260185241699
-0.10712485015392303
0.07667684555053711
0.05183291435241699
-0.0011856555938720703
-0.07759960740804672
0.07781493663787842
0.03150467574596405
-0.06092052161693573
-0.14221200346946716
-0.05125217139720917
-0.13789662718772888
0.012166187167167664
-0.14446012675762177
0.09883524477481842
-0.03351394832134247
-0.11767344176769257
-0.12022213637828827
0.026537850499153137
-0.04158814251422882
-0.047971487045288086
-0.028859570622444153
-0.15032756328582764
-0.11839902400970459
-0.019020989537239075
0.150725856423378
0.08465926349163055
0.059154585003852844
-0.09307830035686493
0.006158992648124695
-0.045934438705444336
0.14382673799991608
0.15001417696475983
-0.10637402534484863
-0.04070734977722168
0.15532498061656952
-0.06996969878673553
0.11819009482860565
0.11919976770877838
0.16428019106388092
0.010753318667411804
-0.14454162120819092
-0.15681621432304382
0.018668770790100098
0.014257475733757019
-0.1630663126707077
0.06165643036365509
-0.09127529710531235
-0.002329990267753601
-0.05124068260192871
-0.16078099608421326
0.07177388668060303
0.025849774479866028
0.06764943897724152
-0.15307757258415222
0.0706145316362381
0.06556041538715363
-0.12039975821971893
-0.08843215554952621
-0.02835988998413086
0.1627613753080368
-0.08551021665334702
0.004559114575386047
0.021111413836479187
-0.1427779644727707
0.008159473538398743
-0.11709054559469223
0.13494820892810822
0.037471458315849304
-0.07854565232992172
0.16385681927204132
-0.03858073055744171
0.003487631678581238
-0.11688800901174545
-0.07818524539470673
-0.00933663547039032
0.06261710822582245
-0.0326235294342041
-0.13381962478160858
0.12103010714054108
-0.008909031748771667
0.05269460380077362
0.08352090418338776
0.052048489451408386
0.05141814053058624
0.036727190017700195
0.10365213453769684
0.07166238129138947
-0.0027612000703811646
0.01782257854938507
-0.0668526142835617
0.010731294751167297
0.09775321185588837
0.10369594395160675
0.04408876597881317
0.09436528384685516
0.048700690269470215
0.1460808664560318
-0.09085270017385483
0.13924504816532135
-0.1064818724989891
-0.11762170493602753
0.03335289657115936
0.1357397586107254
-0.08342897891998291
0.1383434683084488
0.015688732266426086
-0.014456748962402344
0.01505434513092041
0.13821475207805634
-0.037178829312324524
0.11989475786685944
0.02990896999835968
-0.09175138175487518
-0.052303873002529144
0.11953012645244598
-0.007835909724235535
0.016225576400756836
0.15252645313739777
-0.036264777183532715
-0.05394204705953598
-0.16405734419822693
0.01054246723651886
0.10722525417804718
0.04874749481678009
0.11895342171192169
-0.027019694447517395
-0.1559666097164154
0.11823026835918427
0.1484195739030838
-0.042844414710998535
-0.13518473505973816
0.03328859806060791
-0.03904545307159424
-0.14320707321166992
0.05416436493396759
0.1405680924654007
0.021339014172554016
0.07958865165710449
-0.11387968063354492
-0.08829732984304428
0.13025431334972382
-0.16041891276836395
-0.10801815986633301
-0.15019798278808594
0.0947761982679367
0.15101273357868195
0.08624465763568878
0.07952983677387238
-0.022124335169792175
0.06271569430828094
-0.011973068118095398
0.055173471570014954
-0.05858457088470459
-0.1250857561826706
-0.07058024406433105
0.05204550921916962
-0.0929330587387085
-0.020103812217712402
-0.08456552028656006
-0.027719929814338684
0.02358412742614746
0.010795429348945618
-0.15440723299980164
0.14720149338245392
0.09428907930850983
-0.01888720691204071
0.0
0.0
0.0
0.0
0.0
0.0
0.0
0.0
0.0
0.0
0.0
0.0
0.0
0.0
0.0
0.0
-0.03446877747774124
-0.07197970151901245
0.03979130834341049
0.10757195204496384
-0.08307541161775589
-0.07798409461975098
-0.11975656449794769
0.08459379523992538
-0.07218093425035477
0.10648701339960098
-0.05411615967750549
-0.027465879917144775
0.11835481971502304
-0.003119535744190216
0.06652980297803879
0.0917808786034584
0.048698268830776215
-0.039580799639225006
0.10321801155805588
-0.01942562311887741
0.009383253753185272
0.11860524863004684
-0.023452840745449066
0.10450132936239243
0.08538264781236649
0.11322978883981705
-0.06243742257356644
0.02493869513273239
-0.031764961779117584
0.008117981255054474
0.09466832131147385
-0.06656299531459808
-0.018214404582977295
-0.07163524627685547
0.10396086424589157
-0.052142687141895294
0.0655185803771019
-0.09688491374254227
0.028100602328777313
0.035002149641513824
0.045605845749378204
-0.04223264008760452
0.09064029902219772
-0.005020275712013245
0.1002909317612648
-0.057211413979530334
0.005628667771816254
-0.00536753237247467
0.050687260925769806
0.10626571625471115
0.03843358904123306
0.05075060576200485
-0.04765418916940689
-0.05062055587768555
0.009476490318775177
0.014958538115024567
0.06549670547246933
-0.01818334311246872
0.04252278059720993
-0.10071621090173721
-0.012393534183502197
-0.013841718435287476
-0.11589445918798447
0.05885867029428482
-0.11047642678022385
-0.08039762079715729
0.04928494244813919
-0.03266024589538574
0.01677066832780838
0.11396234482526779
-0.004269346594810486
-0.10142245888710022
-0.025378011167049408
-0.007024355232715607
-0.0348065122961998
0.05258142203092575
-0.0836760476231575
0.051221393048763275
-0.0127524733543396
0.10478510707616806
-0.10122063010931015
-0.024044103920459747
0.0021744221448898315
0.07664085179567337
0.013998620212078094
0.021796397864818573
0.03998274356126785
0.09582976251840591
-0.08197186887264252
0.04699135571718216
-0.042866699397563934
0.006114743649959564
-0.03294961154460907
0.032809190452098846
-0.029248446226119995
-0.012550316751003265
-0.05099581182003021
0.05963972955942154
0.043034590780735016
0.06827237457036972
0.004182972013950348
0.07918357104063034
0.0393439456820488
-0.057818248867988586
-0.010958157479763031
-0.04095015674829483
0.013292558491230011
-0.03845619410276413
-0.002336658537387848
0.1000712439417839
-0.08004124462604523
0.0033205971121788025
-0.054729804396629333
0.09779397398233414
0.10137435048818588
-0.030345536768436432
-0.11157974600791931
-0.04816766828298569
-0.027075156569480896
-0.030929066240787506
-0.09378057718276978
0.08934088796377182
0.06062246114015579
0.04360995441675186
0.11960124224424362
0.007300339639186859
-0.03846424072980881
0.11847736686468124
-0.031217023730278015
-0.007255986332893372
-0.11041851341724396
0.038652487099170685
0.10458376258611679
-0.016558855772018433
0.10407929867506027
-0.005089357495307922
-0.0684240460395813
0.0017420798540115356
-0.09254190325737
0.070620097219944
0.02227436751127243
0.011869676411151886
0.06305434554815292
-0.04835204780101776
0.058986030519008636
0.015322394669055939
0.040798820555210114
0.033711500465869904
0.11018417030572891
0.09138911217451096
-0.04502955079078674
0.030482299625873566
-0.11849401146173477
0.11239362508058548
-0.04301990568637848
0.11927234381437302
0.01628730446100235
0.09940171986818314
0.0316791906952858
-0.09913331270217896
-0.09216095507144928
0.05731063336133957
-0.023218274116516113
0.07930473238229752
0.08123112469911575
-0.05367343872785568
-0.06529992818832397
-0.08148735016584396
-0.023377828299999237
-0.07237334549427032
-0.09114871919155121
-0.02221710979938507
0.11742467433214188
-0.004106506705284119
-0.10542713105678558
0.11587020009756088
-0.0019024387001991272
-0.08692330121994019
0.013513930141925812
-0.064064159989357
-0.0890679806470871
0.0398140475153923
-0.0683240294456482
0.04773489385843277
0.0603434219956398
-0.10475661605596542
0.01917535811662674
0.09295295923948288
0.11742890626192093
-0.11864681541919708
-0.08570241928100586
-0.07659284770488739
0.0829615518450737
-0.10419042408466339
-0.013769492506980896
-0.0205068439245224
-0.10373500734567642
-0.10954780131578445
-0.09474772959947586
0.09547991305589676
0.04539855569601059
-0.1083538606762886
-0.07775786519050598
-0.11165372282266617
-0.035160258412361145
0.08203122764825821
0.10068849474191666
-0.11461209505796432
0.07150007039308548
-0.04068276286125183
0.10917254537343979
0.07617589086294174
-0.017101630568504333
0.11457692831754684
-0.05427978187799454
0.07153274863958359
-0.00776313990354538
-0.10434858500957489
0.016249440610408783
-0.011738419532775879
-0.016462840139865875
-0.08138769865036011
0.017948739230632782
0.06451458483934402
0.07491684705018997
0.04891230911016464
0.05921737104654312
0.06981983035802841
0.035263024270534515
0.06559162586927414
-0.0738980621099472
-0.029283374547958374
-0.07590174674987793
-0.03552582859992981
-0.08528000116348267
-0.06057775393128395
-0.0705571323633194
-0.02174704521894455
-0.07695966213941574
-0.015623651444911957
-0.06201884150505066
-0.07043931633234024
0.12051775306463242
-0.07218099385499954
-0.0013749822974205017
-0.07011008262634277
0.008978508412837982
0.005951352417469025
0.09759398549795151
-0.0709725171327591
0.09264656156301498
-0.06446855515241623
-0.015041448175907135
0.045807383954524994
-0.03574848920106888
-0.08590558171272278
-0.0611971914768219
-0.024222172796726227
0.09799469262361526
0.07260162383317947
-0.058479104191064835
-0.07250440120697021
0.08358917385339737
-0.09341874718666077
0.09879470616579056
-0.02649395912885666
0.0951903685927391
0.08614277094602585
-0.033220529556274414
-0.03333153575658798
0.0698944702744484
-0.11429878324270248
0.08296936005353928
-0.07607908546924591
-0.02804337441921234
-0.021263770759105682
-0.10296192765235901
0.051577500998973846
-0.00983283668756485
-0.055092401802539825
-0.10695116221904755
0.05126505345106125
-0.08966157585382462
-0.07035922259092331
-0.09258747100830078
-0.027078330516815186
-0.008028112351894379
0.028925307095050812
-0.09937137365341187
-0.001461707055568695
0.10875638574361801
-0.0974135547876358
-0.019255712628364563
-0.08879736065864563
0.08243676275014877
0.09897672384977341
-0.009406842291355133
-0.08955595642328262
-0.10818155854940414
0.011088408529758453
-0.049947381019592285
-0.09828109294176102
-0.0633721649646759
0.09714064747095108
0.02180591970682144
0.1113976314663887
-0.03370431810617447
0.10981786996126175
0.017744429409503937
0.020054109394550323
-0.05707485228776932
0.10345273464918137
-0.10623441636562347
-0.08896619826555252
-0.037555404007434845
0.017573393881320953
0.10834316164255142
-0.10702107846736908
0.0199829563498497
-0.0728624165058136
0.0489601269364357
-0.03284633159637451
-0.020716093480587006
0.1037277951836586
-0.10052642971277237
-0.016256183385849
-0.07562927156686783
0.09523161500692368
-0.07105284184217453
0.031907789409160614
-0.0550486221909523
0.07447006553411484
-0.09038466960191727
-0.047411203384399414
-0.05963649973273277
-0.0073766037821769714
0.013476438820362091
0.12002260237932205
-0.02098114788532257
0.05653577297925949
0.0034602507948875427
-0.1140003576874733
-0.10958722978830338
0.11580698937177658
0.031408511102199554
-0.06582853198051453
-0.11157780885696411
0.08049339801073074
0.0094284787774086
-0.08466129004955292
0.030902929604053497
-0.07181654870510101
0.043875329196453094
-0.08286178112030029
-0.030841447412967682
-0.06357266753911972
0.04832572489976883
-0.012510664761066437
-0.0676364004611969
-0.04473288357257843
-0.009330123662948608
-0.05569906532764435
-0.11001873016357422
-0.10668088495731354
0.06536052376031876
-0.11225992441177368
0.09782075136899948
-0.11449779570102692
0.07540635019540787
-0.06453204154968262
-0.014660507440567017
-0.08176417648792267
0.06821627169847488
-0.10683239251375198
-0.0655980333685875
-0.09927304834127426
0.11869985610246658
0.01371542364358902
-0.09653379023075104
-0.0693211704492569
-0.01609034836292267
0.02809234708547592
0.10795988887548447
0.07080788165330887
-0.014389507472515106
0.10820005089044571
-0.00433986634016037
0.0640697255730629
0.06529516726732254
-0.012744948267936707
0.09216897934675217
-0.04360602796077728
-0.11748794466257095
0.02270924299955368
-0.005817867815494537
-0.04484251141548157
-0.007541202008724213
0.11676784604787827
0.04985257238149643
0.05351399630308151
-0.1158222109079361
0.013349123299121857
0.030981965363025665
-0.10323405265808105
0.04646178334951401
-0.09919488430023193
-0.030074164271354675
-0.08976887166500092
0.04565977305173874
-0.09683602303266525
-0.0025908127427101135
0.09538767486810684
0.04596374183893204
-3.573298454284668e-05
0.0003620535135269165
-0.06597499549388885
0.037415869534015656
-0.10031461715698242
0.1179022267460823
0.08797455579042435
0.10526341944932938
-0.002032168209552765
0.04844938963651657
-0.027054212987422943
0.05716080218553543
-0.013537608087062836
-0.052728839218616486
-0.01427365094423294
-0.01758945733308792
0.006360732018947601
0.07883874326944351
-0.04570430517196655
-0.0271313413977623
0.02081625908613205
0.08446579426527023
-0.07807041704654694
-0.09165201336145401
0.035292528569698334
-0.07423797249794006
0.04503350704908371
0.040330372750759125
-0.10566859692335129
0.07959722727537155
0.06636574119329453
0.06465225666761398
0.025886498391628265
-0.08221039175987244
0.026391349732875824
0.025957413017749786
-0.030719585716724396
0.04397469013929367
-0.11390794813632965
-0.0042433664202690125
0.04711856693029404
0.043778739869594574
0.029954470694065094
-0.03870619833469391
0.11910880357027054
-0.020187079906463623
-0.10720468312501907
-0.08171863853931427
-0.006445445120334625
-0.09791857749223709
-0.11331196129322052
-0.10026800632476807
-0.007645405828952789
-0.0623638778924942
-0.03513602912425995
-0.09020507335662842
-0.11851754784584045
0.06573330610990524
0.015244491398334503
-0.04433073848485947
-0.07465378195047379
0.0056545063853263855
-0.060863059014081955
-0.07837311923503876
-0.08000372350215912
-0.04939592629671097
0.08339881151914597
0.05648661404848099
-0.0018494278192520142
0.09924421459436417
-0.0033933669328689575
-0.031624212861061096
0.04124728590250015
-0.029456429183483124
-0.02575356513261795
0.017795823514461517
-0.11956309527158737
-0.10957621037960052
0.018895335495471954
0.03805107623338699
0.006613872945308685
-0.09620591998100281
-0.021374352276325226
-0.011075779795646667
0.016784481704235077
0.03415081650018692
0.03166797012090683
0.04061036556959152
0.039441727101802826
-0.06375139951705933
0.11020577698945999
-0.041360922157764435
0.08121231943368912
0.014394320547580719
-0.05714830756187439
0.07656536251306534
-0.04842276871204376
0.055515535175800323
-0.09855978935956955
0.009852476418018341
-0.07656241953372955
0.010214678943157196
-0.11234422773122787
0.08936496824026108
0.04211380332708359
-0.052766188979148865
0.01411312073469162
0.09262170642614365
0.032828278839588165
-0.08869488537311554
0.04307859390974045
-0.08269155770540237
-0.0546274408698082
0.06655887514352798
-0.03658219426870346
-0.10313299298286438
0.039279691874980927
0.05210273712873459
-0.08721762895584106
-0.08929398655891418
0.09266182035207748
-0.07435959577560425
-0.014750637114048004
0.06379931420087814
0.030164606869220734
0.02805241197347641
-0.035078950226306915
0.0633169636130333
0.09509109705686569
-0.0008308514952659607
0.10298074036836624
-0.07345589250326157
0.08929058164358139
0.01156037300825119
0.08851563185453415
0.055504210293293
-0.01881469041109085
0.006317131221294403
0.06649170070886612
0.057942233979701996
0.04384057968854904
0.02409651130437851
0.020428769290447235
-0.11059926450252533
0.09012157469987869
-0.034666165709495544
0.037209413945674896
0.1002744659781456
0.05378251522779465
0.06755957752466202
0.09412942081689835
-0.08832728862762451
-0.10339394956827164
-0.09155983477830887
-0.020823441445827484
0.10627435892820358
0.012071512639522552
0.05851728469133377
0.046815551817417145
-0.08959059417247772
-0.08265405893325806
0.051832862198352814
-0.01564909517765045
0.05671023577451706
-0.042478084564208984
-0.07044024020433426
0.07171297818422318
-0.09917847812175751
-0.04688910394906998
-0.06812813133001328
0.01316630095243454
-0.10288742929697037
0.09224646538496017
-0.06427764892578125
0.09437867254018784
0.11251702159643173
0.014105729758739471
0.02327001839876175
0.09673968702554703
0.05086400359869003
0.024389363825321198
-0.02648381143808365
0.08370127528905869
-0.06091947481036186
-0.004270792007446289
0.12024108320474625
-0.08307376503944397
-0.008929453790187836
0.037437789142131805
0.001762300729751587
0.027151621878147125
-0.025441206991672516
0.10808563977479935
0.08213966339826584
0.11742054671049118
-0.11573600023984909
-0.05715872347354889
-0.012963593006134033
0.00859834998846054
0.0038437917828559875
-0.09297389537096024
0.10796729475259781
0.07233353704214096
0.09075304120779037
0.08857957273721695
0.11566764861345291
0.1188037171959877
-0.005791477859020233
0.00991339236497879
0.02710140496492386
-0.04438643157482147
0.008283443748950958
0.018082253634929657
-0.04011651128530502
-0.09595853835344315
-0.04668533802032471
-0.03739146888256073
-0.04145396500825882
0.10425286740064621
-0.02350126951932907
0.0437561497092247
-0.0579819530248642
0.02348499745130539
0.018931038677692413
0.11050858348608017
-0.0894813984632492
0.03339833766222
-0.03547651320695877
0.060226716101169586
0.0329224094748497
-0.03100549429655075
0.03865870088338852
0.12067814916372299
0.004188336431980133
-0.061248358339071274
0.06507126241922379
-0.11057552695274353
0.02169836312532425
0.05848444253206253
-0.07817220687866211
-0.015980400145053864
0.08224900811910629
0.045374877750873566
-0.054656773805618286
0.029332347214221954
-0.02525857836008072
-0.0707872062921524
-0.08508358895778656
0.10422667115926743
0.11308624595403671
-0.08644391596317291
0.00850176066160202
-0.07269567251205444
-0.10950923711061478
0.09044864028692245
0.09624170511960983
-0.11826595664024353
-0.06299052387475967
0.030049823224544525
0.05367041379213333
0.04544883221387863
0.11239968985319138
0.019096992909908295
-0.0951242595911026
-0.007376685738563538
0.039769940078258514
0.0063417330384254456
-0.055305108428001404
0.06734054535627365
-0.0067078471183776855
-0.02541351318359375
-0.10242950916290283
-0.10531876981258392
0.04126992076635361
0.01266934722661972
-0.06531590223312378
0.09557410329580307
-0.0007271319627761841
0.030253417789936066
-0.08000700920820236
-0.018738143146038055
-0.026604250073432922
-0.0759386271238327
0.002054668962955475
-0.042576953768730164
-0.09188468009233475
0.02565322071313858
-0.023054108023643494
0.0990937128663063
0.056837938725948334
0.027676530182361603
0.09891682118177414
-0.062218427658081055
-0.03816356509923935
0.004862450063228607
-0.09648412466049194
0.037486158311367035
-0.07473044097423553
-0.048041075468063354
-0.09383539855480194
0.06116955727338791
-0.02039303630590439
0.1040697768330574
-0.11019443720579147
0.04649168998003006
-0.0598699189722538
-0.041852183640003204
0.08817241340875626
-0.1040608286857605
-0.10747626423835754
-0.005271635949611664
0.04704771190881729
-0.09567344188690186
-0.11826538294553757
-0.00783827155828476
-0.06167570874094963
-0.03929205983877182
0.007121436297893524
-0.08420846611261368
0.02967839688062668
0.11358229070901871
0.03021099418401718
-0.07049380242824554
0.11506883054971695
0.027024947106838226
0.023025698959827423
0.0669320598244667
-0.03914765268564224
-0.02103341370820999
0.00609242171049118
-0.007895611226558685
0.10045155137777328
-0.06333529949188232
-0.09375905990600586
-0.10700714588165283
-0.09413480758666992
-0.046806126832962036
0.1050189957022667
0.030391864478588104
0.04406573623418808
-0.08719663321971893
0.005219779908657074
-0.11305699497461319
0.05727478116750717
0.08763661235570908
0.04111441224813461
-0.008728131651878357
-0.02883829176425934
-0.00011660903692245483
-0.053650736808776855
-0.05065328627824783
0.04684322327375412
-0.020626254379749298
-0.0042603835463523865
-0.09394309669733047
0.06918328255414963
-0.08593191206455231
4.1328370571136475e-05
-0.047694943845272064
0.021624810993671417
0.08352988213300705
-0.10796210169792175
0.05908068269491196
-0.026062779128551483
0.0794682726264
-0.11312644928693771
-0.10910340398550034
-0.0009552687406539917
-0.011231034994125366
0.08420076221227646
-0.021731793880462646
-0.02270776778459549
-0.017755702137947083
0.10155510157346725
0.02201051265001297
0.11546973139047623
0.013172201812267303
-0.01373300701379776
-0.09232887625694275
0.08166437596082687
0.073273204267025
-0.04123032093048096
0.054466910660266876
-0.009075075387954712
-0.05022207647562027
0.021920479834079742
-0.07478111982345581
-0.07853388041257858
0.0741751566529274
-0.08653851598501205
-0.0152774378657341
0.039333827793598175
0.05427966266870499
0.03682541102170944
0.05165906995534897
-0.0014069080352783203
-0.019786693155765533
0.012687094509601593
0.103896863758564
0.0799032673239708
0.08413194864988327
-0.02518633008003235
-0.09211905300617218
0.04904792457818985
0.07633651047945023
-0.011140123009681702
-0.05792456120252609
0.09775053709745407
0.022901929914951324
0.09611449390649796
-0.003635518252849579
-0.02981940656900406
0.05713265389204025
-0.08644189685583115
-0.06859788298606873
0.07681954652070999
0.030279897153377533
0.014718331396579742
0.08090973645448685
0.11118275672197342
0.061162762343883514
0.02870780974626541
-0.029071271419525146
-0.10407326370477676
-0.05421505868434906
-0.09246019273996353
0.04267241805791855
0.08077125996351242
0.10253653675317764
-0.1042967289686203
0.10618429630994797
0.09000090509653091
-0.008054763078689575
0.11464370042085648
-0.024336181581020355
0.07647866755723953
0.05471896380186081
0.053705163300037384
0.007997043430805206
0.1169513389468193
0.042285703122615814
0.100336454808712
0.08789733797311783
-0.019227392971515656
0.04869500547647476
0.09902855008840561
0.04623004049062729
0.05090752989053726
-0.07585409283638
-0.11525624990463257
0.07089389115571976
-0.05857771262526512
-0.10900416225194931
0.10426581650972366
0.07613643258810043
-0.11623776704072952
-0.037107519805431366
0.07253608852624893
0.006221257150173187
-0.09448318928480148
-0.06567293405532837
-0.08687438070774078
-0.08398182690143585
0.046178899705410004
-0.039171501994132996
0.05791991204023361
0.05004512518644333
0.041466884315013885
-0.04317723959684372
-0.0764956846833229
-0.07558165490627289
-0.05092798173427582
-0.03956542909145355
-0.05000247061252594
0.08811124414205551
-0.09748583287000656
0.044106580317020416
0.05780947953462601
-0.11245114356279373
-0.12080404162406921
0.06574697047472
0.07080019265413284
-0.02347167581319809
0.06909381598234177
-0.0070601776242256165
-0.07794830203056335
-0.04293040931224823
-0.006484292447566986
-0.11566078662872314
0.02947782725095749
-0.05575735121965408
0.04226837307214737
-0.09249552339315414
0.09691775590181351
0.06284435838460922
-0.10455524176359177
-0.008125774562358856
-0.10520371794700623
0.026945389807224274
0.11686738580465317
0.04281022399663925
-0.002421736717224121
0.077965147793293
0.005000807344913483
0.03449297696352005
0.006212778389453888
-0.031036563217639923
0.10610664635896683
0.008657507598400116
-0.11781833320856094
-0.06637924909591675
-0.032247431576251984
-0.022846847772598267
-0.11064676195383072
-0.03470764309167862
-0.10316797345876694
0.054024212062358856
0.09216981381177902
-0.09406758099794388
0.0024164021015167236
0.01612279564142227
0.019985534250736237
0.12062456458806992
0.10814579576253891
-0.0535779744386673
0.0595255121588707
-0.06059630215167999
-0.10605438798666
-0.004508763551712036
-0.1055685430765152
0.09647119790315628
-0.052471138536930084
-0.06317049264907837
0.08299826830625534
-0.09619218856096268
-0.05948205292224884
-0.028074093163013458
-0.11810845136642456
0.02862241119146347
-0.06096484139561653
0.12088393419981003
-0.0396999716758728
-0.0509834960103035
-0.09411415457725525
-0.11786257475614548
0.08052539080381393
-0.004631489515304565
-0.06904841959476471
0.05099079757928848
0.06869406253099442
-0.07363995909690857
-0.10765877366065979
0.09441310912370682
0.023905955255031586
0.023033909499645233
-0.037506721913814545
-0.044342540204524994
0.10440840572118759
0.100916288793087
-0.11643599718809128
0.10209595412015915
0.01149066537618637
-0.11645422130823135
0.07557510584592819
-0.002808712422847748
0.01889752596616745
0.044859446585178375
-0.04880795627832413
-0.06447134912014008
-0.0829973965883255
0.10569391399621964
0.08950551599264145
-0.004505708813667297
0.0064833685755729675
0.11566222459077835
-0.06411027908325195
-0.03386557847261429
-0.09566152840852737
0.07807815819978714
0.024959228932857513
-0.09625264257192612
-0.08040759712457657
-0.009896926581859589
0.08643757551908493
-0.04922503978013992
0.05096416920423508
0.08382714539766312
0.02068137377500534
0.013133592903614044
-0.10900727659463882
-0.04851102828979492
-0.08386221528053284
0.08862436562776566
-0.07875657081604004
0.0855432078242302
-0.08593122661113739
0.05697626620531082
-0.02860291302204132
-0.002897977828979492
-0.11569052189588547
-0.09886173903942108
0.08804389089345932
-0.05862247571349144
0.009626589715480804
-0.044004254043102264
0.016162969172000885
0.008260779082775116
0.0071396902203559875
-0.11297482252120972
0.08347775787115097
0.017666809260845184
-0.12041150778532028
0.031874410808086395
0.06801304966211319
-0.02890990674495697
-0.06720784306526184
0.0026900246739387512
0.09247446805238724
-0.09041743725538254
0.06806791573762894
-0.07517918944358826
-0.09713185578584671
0.09155585616827011
0.002430565655231476
-0.04568403214216232
0.06047879904508591
0.05326514691114426
-0.09810887277126312
-0.10610373318195343
0.05416867882013321
0.03338610380887985
0.07861273735761642
-0.04888908565044403
0.004035390913486481
0.07257526367902756
0.10336329787969589
0.08751144260168076
-0.06561602652072906
0.021774791181087494
-0.08362897485494614
-0.0781225711107254
0.09706491976976395
-0.029489852488040924
-0.03035883605480194
0.029998742043972015
0.04277423769235611
-0.09980157762765884
-0.004253022372722626
0.06839939206838608
-0.08423309773206711
-0.11915486305952072
-0.05016011744737625
-0.01865781843662262
0.05952880531549454
-0.06616376340389252
-0.0844239741563797
0.0332094207406044
-0.003248058259487152
0.037197135388851166
-0.1165161207318306
-0.06650277972221375
-0.06371335685253143
-0.03673534095287323
0.10851434618234634
0.05208713561296463
0.106279157102108
0.05141124874353409
-0.0758998692035675
0.01683809608221054
-0.09100805968046188
-0.034379713237285614
0.03551933914422989
0.013081066310405731
-0.08333556354045868
-0.05921768769621849
0.04996708780527115
-0.03122870624065399
0.04375685006380081
-0.038493864238262177
0.10082519799470901
-0.06262749433517456
-0.10336020588874817
0.11058963090181351
-0.09288716316223145
-0.015788771212100983
0.10678518563508987
-0.06838274747133255
-0.06837870925664902
-0.07252320647239685
0.092788465321064
-0.003017410635948181
-0.05105078965425491
0.008713863790035248
-0.05181507021188736
0.013573132455348969
-0.05423352122306824
0.02555786818265915
0.04151507467031479
0.08489323407411575
0.014784298837184906
0.0979510024189949
-0.06940747052431107
0.03540191799402237
-0.033863238990306854
-0.0588868111371994
-0.043222665786743164
-0.03344428539276123
0.09921150654554367
0.047798775136470795
-0.08859096467494965
-0.008379116654396057
0.04825987666845322
0.0549069419503212
0.007046617567539215
0.0191894993185997
-0.013319216668605804
0.11353962868452072
-0.09565189480781555
0.07418974488973618
0.07381049543619156
-0.04220627248287201
0.0842096135020256
0.05571418255567551
0.10640103369951248
0.06592359393835068
0.025282971560955048
0.023871280252933502
-0.10612663626670837
0.033500008285045624
-0.08684805035591125
-0.031475186347961426
0.041302599012851715
0.05454786866903305
-0.040992870926856995
-0.06721612066030502
-0.028099559247493744
-0.08237147331237793
0.11534450203180313
0.0769282802939415
0.06669595092535019
0.00980425626039505
0.06094067543745041
-0.06418801099061966
-0.09620346128940582
0.02883615344762802
-0.11533201485872269
-0.09541622549295425
0.06747394055128098
-0.0488542765378952
-0.022342056035995483
-0.054144226014614105
-0.02925392985343933
0.11555037647485733
0.025212831795215607
0.05894247442483902
-0.037150926887989044
0.07159135490655899
0.0805017426609993
-0.035087667405605316
0.01053733378648758
-0.06854769587516785
0.03472220152616501
-0.03032393753528595
0.11247796565294266
0.08644688874483109
0.02974579483270645
0.09318394213914871
0.08201723545789719
0.06630220264196396
0.09075038880109787
-0.04628080129623413
-0.05659569799900055
0.017286650836467743
0.08415868133306503
-0.036237649619579315
-0.06369288265705109
-0.11546315997838974
0.04238034039735794
0.0910724624991417
-0.004783079028129578
-0.1162794977426529
0.021097637712955475
0.07189884036779404
-0.059208400547504425
-0.10855887085199356
-0.11446090042591095
0.0733393058180809
-0.03805854916572571
0.06947775930166245
-0.01528487354516983
0.08691508322954178
0.0955229178071022
-0.07763263583183289
0.031225048005580902
-0.05048343539237976
0.01417512446641922
-0.10567522794008255
-0.04598715901374817
0.031956590712070465
0.07629511505365372
-0.10528698563575745
-0.09606805443763733
0.024948783218860626
-0.07027716934680939
0.06958510726690292
0.10902688652276993
-0.06792569160461426
0.057377927005290985
-0.056603431701660156
0.011283300817012787
-0.04343944042921066
-0.021867290139198303
-0.02342570573091507
0.11955510824918747
0.11036252230405807
-0.019249945878982544
-0.07390594482421875
0.06494998186826706
0.007570542395114899
-0.05577826499938965
-0.11654166877269745
-0.015322253108024597
-0.11417560279369354
-0.020113587379455566
0.09024862200021744
-0.06672506034374237
-0.010949879884719849
-0.034117914736270905
0.09299471229314804
-0.0831698402762413
0.06594223529100418
-0.11874508112668991
0.000298425555229187
-0.018151387572288513
0.10426973551511765
-0.05477788299322128
0.050431810319423676
0.0986492857336998
-0.10990031063556671
0.027641989290714264
-0.04429762810468674
-0.011496208608150482
0.07744758576154709
0.01621600240468979
0.04738461226224899
0.02949173003435135
0.059660904109478
-0.0033366605639457703
-0.04805261641740799
-0.11528987437486649
-0.005846366286277771
-0.018824495375156403
-0.11799807101488113
0.0037489235401153564
0.02292119711637497
0.09340139478445053
-0.07885835319757462
0.10437538474798203
-0.02959810197353363
0.1160241886973381
-0.10519549995660782
-0.011471718549728394
0.035377584397792816
0.04325801879167557
-0.040183015167713165
-0.041900232434272766
0.1159900352358818
0.015222571790218353
-0.034637294709682465
0.02543538063764572
-0.012365616858005524
0.06691957265138626
0.04579729586839676
0.061803244054317474
-0.05418598651885986
0.06473716348409653
0.06274516135454178
-0.06744619458913803
0.06424535065889359
-0.020002052187919617
-0.11442620307207108
-0.09895546734333038
0.06733953207731247
-0.05644981563091278
0.10934901982545853
0.10750769823789597
-0.10659121721982956
-0.0835561454296112
0.08913777023553848
-0.10062985867261887
-0.015811271965503693
-0.026218466460704803
-0.05699824541807175
-0.12071768939495087
0.10811490565538406
0.04440491646528244
0.02698998898267746
0.060727767646312714
0.06262020021677017
0.07769296318292618
-0.0244712233543396
0.006778128445148468
0.08116044849157333
-0.09924066066741943
0.06565075367689133
-0.06606703251600266
0.08588971942663193
0.08000222593545914
0.04481577128171921
0.05211580544710159
-0.10815932601690292
-0.006099365651607513
0.07810655981302261
-0.02298860251903534
0.013495348393917084
0.04212131351232529
0.06541990488767624
-0.11562063544988632
0.07240990549325943
-0.06598572432994843
-0.021057091653347015
0.026279665529727936
0.11320988088846207
-0.08714589476585388
0.11568395048379898
-0.01064041256904602
-0.0326252281665802
0.05109826475381851
0.11486335843801498
0.061170823872089386
-0.019548140466213226
0.05772910267114639
0.10625887662172318
0.06897901743650436
0.04885413497686386
-0.11797650158405304
-0.10211940109729767
0.06910858303308487
0.005369327962398529
0.006431885063648224
0.04150957614183426
0.043126873672008514
0.02280040830373764
-0.05055776238441467
0.09057421237230301
-0.021062657237052917
0.10331138223409653
0.06363647431135178
-0.08156974613666534
0.1170618012547493
0.0973050519824028
-0.056864336133003235
-0.07430557906627655
-0.11825346946716309
0.027434609830379486
0.07799317687749863
0.08684637397527695
-0.11742983013391495
-0.006355457007884979
0.002149820327758789
-0.05771975219249725
0.09139996021986008
-0.1015050932765007
0.05302856117486954
0.07681190222501755
-0.10856688767671585
-0.0836726725101471
0.10947483032941818
-0.03324738144874573
0.04680653661489487
-0.021016940474510193
0.11627248674631119
0.032311029732227325
0.10212453454732895
0.0018737688660621643
-0.033039771020412445
0.0499124601483345
0.007505692541599274
-0.05976744368672371
-0.07521864771842957
0.06012805551290512
-0.013715505599975586
-0.10187903046607971
0.013460882008075714
0.00550716370344162
0.009653635323047638
-0.06408331543207169
0.09611953049898148
0.0350211039185524
-0.035598024725914
0.10896766930818558
-0.11706045269966125
-0.02740023285150528
-0.05153397470712662
-0.05181322246789932
-0.03203907608985901
0.08664444833993912
-0.058231204748153687
-0.08552573621273041
0.10918497294187546
-0.011037275195121765
-0.1148800328373909
0.05260913819074631
0.0677686408162117
0.003416985273361206
-0.05477540194988251
0.01371593028306961
0.06405263394117355
0.035584114491939545
-0.017298445105552673
0.06005252152681351
0.08373958617448807
-0.08854006230831146
-0.017281830310821533
0.0828467532992363
0.08489654213190079
-0.10306036472320557
-0.09307282418012619
-0.11247187852859497
-0.11025267094373703
-0.03973764181137085
0.06489207595586777
-0.045133091509342194
0.02197890728712082
-0.023826897144317627
-0.05787893384695053
-0.10259497165679932
-0.0620395764708519
-0.030711106956005096
0.013215266168117523
-0.0007698461413383484
-0.09188765287399292
-0.05312325060367584
-0.010339215397834778
-0.06023145094513893
0.11667581647634506
-0.06746837496757507
-0.10713693499565125
-0.10761357843875885
0.08950375765562057
0.08643745630979538
0.07908155769109726
-0.021149873733520508
0.08066443353891373
-0.1188928633928299
-0.06456497311592102
0.11824925988912582
0.11840907484292984
-0.016201764345169067
-0.07469084858894348
0.049647800624370575
0.005738966166973114
0.018276624381542206
0.023904912173748016
0.11060862988233566
-0.06000325456261635
-0.06992843747138977
-0.1056944951415062
0.029959343373775482
-0.06904628872871399
-0.048197634518146515
-0.07614929229021072
0.00480642169713974
0.05016227811574936
-0.027083896100521088
0.019660599529743195
0.09477097541093826
-0.09309376031160355
-0.050930485129356384
-0.11602606624364853
0.0005398616194725037
-0.049846380949020386
-0.031236782670021057
-0.03426296263933182
0.11911546438932419
0.02414294332265854
-0.0062256380915641785
-0.05095168948173523
0.025597266852855682
0.01757148653268814
0.019532792270183563
-0.06935783475637436
-0.11792617291212082
0.000899001955986023
0.11193455010652542
-0.10007396340370178
0.017488859593868256
-0.027125798165798187
0.11658447235822678
0.10751355439424515
0.09902120381593704
-0.08427754044532776
0.028206102550029755
0.09660402685403824
-0.012758329510688782
-0.02807663381099701
0.030333571135997772
0.0005405545234680176
-0.039360448718070984
-0.03143627941608429
0.029319308698177338
-0.11551328748464584
-0.030832216143608093
0.10463055223226547
0.10553982108831406
0.06882325559854507
-0.007613137364387512
-0.07557865977287292
-0.04114232957363129
0.05959805101156235
-0.09414435923099518
0.014950431883335114
-0.11652318388223648
-0.0047715455293655396
0.10861415416002274
0.025863192975521088
-0.005702272057533264
-0.02894090861082077
0.07664715498685837
0.1198749914765358
-0.09946291893720627
0.03240969032049179
-0.06892544031143188
0.034206487238407135
0.038329117000103
0.002085357904434204
0.03934360295534134
0.11339817196130753
-0.0632992759346962
0.09945838898420334
-0.07432045787572861
0.04960917681455612
0.030895613133907318
-0.033424586057662964
0.11157063394784927
0.010540269315242767
0.09686630219221115
0.08147812634706497
-0.0735328420996666
0.10363944619894028
-0.03546901047229767
0.080157570540905
-0.11130020767450333
-0.006282687187194824
-0.039834119379520416
-0.02072644978761673
-0.05660481005907059
-0.08217110484838486
-0.06600505113601685
0.005213893949985504
0.11428237706422806
-0.11624826490879059
-0.04538168013095856
-0.08471614122390747
0.11832063645124435
0.0674929991364479
-0.0810985267162323
-0.08528225123882294
0.01321738213300705
-0.05851360037922859
-0.020937196910381317
0.08950810879468918
0.006463445723056793
-0.06555652618408203
-0.012828700244426727
-0.0642721951007843
0.04704522341489792
0.10515400022268295
-0.04075650870800018
-0.08029687404632568
-0.0491519495844841
0.02288684993982315
-0.011899329721927643
-0.04974067211151123
0.06581371277570724
0.11492010205984116
0.019912786781787872
0.07524316757917404
-0.06713657081127167
0.0860980674624443
0.03832975775003433
-0.02689431607723236
-0.09139638394117355
-0.0766429752111435
-0.020859383046627045
0.04476573318243027
-0.10234462469816208
0.10681610554456711
0.08560674637556076
-0.05379535257816315
0.09929638355970383
0.007932133972644806
0.06595561653375626
-0.10691926628351212
-0.09858407080173492
0.09769640117883682
-0.05778231471776962
0.10056600719690323
-0.014805525541305542
-0.0463256761431694
0.04577506333589554
-0.07959286868572235
0.02380404621362686
0.03247075527906418
-0.12018691003322601
0.054531343281269073
0.02815461903810501
-0.1073574349284172
0.0029316917061805725
-0.002886667847633362
-0.032897062599658966
0.045611672103405
0.06135553866624832
-0.07916569709777832
0.02301124483346939
-0.11514996737241745
-0.05334876477718353
-0.07782997190952301
-0.03550341725349426
-0.11581788212060928
-0.09417983144521713
0.10122735053300858
0.11476839333772659
-0.0076571181416511536
-0.05354835093021393
-0.09422929584980011
-0.04073508083820343
-0.034608252346515656
-0.10043797641992569
0.1193835511803627
0.016645438969135284
0.05793248862028122
0.09949985891580582
-0.055137135088443756
-0.04905233532190323
-0.04210743308067322
-0.013852126896381378
0.10268072038888931
-0.027557767927646637
-0.10185237973928452
0.011897720396518707
0.07215660065412521
0.07536741346120834
0.09673245996236801
0.024428047239780426
-0.005387924611568451
-0.10420152544975281
0.0825754925608635
-0.011191144585609436
0.0407462939620018
-0.030508004128932953
0.1177058145403862
0.05711831897497177
-0.02592133730649948
0.056716062128543854
-0.0079164057970047
-0.09936568886041641
-0.018531322479248047
0.043252624571323395
0.07301115244626999
-0.1115557998418808
0.07767985016107559
0.006210096180438995
-0.0632585808634758
-0.04619744420051575
-0.0527988076210022
0.005281783640384674
-0.07359494268894196
-0.09776084125041962
0.05746693164110184
0.035245828330516815
0.06636764854192734
0.10909193009138107
0.027988456189632416
-0.07833939790725708
0.00993473082780838
0.10910951346158981
-0.07755899429321289
-0.11778294295072556
0.06338103860616684
0.09284647554159164
-0.08168263733386993
0.06557676941156387
0.012190751731395721
-0.10636483877897263
-0.030916869640350342
0.020083479583263397
0.09099943190813065
-0.0299932062625885
-0.020550712943077087
0.060620613396167755
-0.03478854149580002
-0.033827707171440125
0.10891356319189072
-0.00865686684846878
-0.07231098413467407
0.1208915188908577
0.1187208816409111
-0.026480577886104584
-0.09093315899372101
0.020994387567043304
-0.020561471581459045
0.11655857414007187
-0.1195012554526329
-0.06736260652542114
0.06615076214075089
-0.10008679330348969
-0.007481701672077179
-0.10854626446962357
-0.11727762967348099
-0.10532448440790176
0.09864019602537155
0.10261955112218857
-0.059446461498737335
-0.028624512255191803
-0.07356929779052734
0.044260911643505096
-0.001336708664894104
-0.03229992091655731
-0.099869504570961
0.05627616494894028
-0.03800605982542038
-0.06575242429971695
-0.02509535849094391
-0.0788966566324234
0.04364851862192154
0.0030517056584358215
-0.09178318083286285
-0.010122522711753845
0.03249319642782211
0.026003770530223846
0.04324176162481308
0.11181610077619553
0.08576550334692001
-0.10585375875234604
0.07088417559862137
-0.019486047327518463
-0.013558052480220795
0.034328944981098175
-0.04946589469909668
0.05715153366327286
0.04796072095632553
0.04756859689950943
-0.11418318748474121
-0.09782769531011581
0.11320547014474869
-0.07600037753582001
0.04502999037504196
0.059351883828639984
0.05686747282743454
0.0923551544547081
0.11534173041582108
-0.11006712913513184
-0.09841399639844894
0.019963927567005157
-0.051019951701164246
-0.040266454219818115
0.047317780554294586
0.05583944171667099
0.09575290232896805
-0.04757925868034363
-0.017048418521881104
0.03530605882406235
-0.011952340602874756
-0.07120466232299805
-0.09658882021903992
-0.08206658065319061
-0.11957228928804398
-0.11116352677345276
-0.025637127459049225
0.10877751559019089
-0.05957688391208649
0.06883830577135086
-0.10784988105297089
0.003012359142303467
0.020352594554424286
-0.007762104272842407
-0.002618841826915741
0.06866057962179184
-0.06888003647327423
0.09300080686807632
0.047381095588207245
-0.06620809435844421
0.048867546021938324
0.00911017507314682
-0.005729325115680695
0.049254633486270905
0.036441363394260406
0.040106408298015594
-0.0373154953122139
-0.036130182445049286
-0.037350572645664215
0.02303711324930191
-0.01949596405029297
-0.10598845034837723
0.0673607662320137
0.1170109286904335
0.011362098157405853
0.022046692669391632
-0.10033310949802399
-0.0681404173374176
0.09685621410608292
0.0048544034361839294
-0.03379932790994644
0.05682242661714554
-0.0016992464661598206
-0.06658528745174408
-0.03996243327856064
0.014892451465129852
0.0013255178928375244
-0.08539969474077225
0.12072288244962692
0.11149979382753372
-0.07532767206430435
0.0036183297634124756
0.06820986419916153
1.0326504707336426e-05
-0.06656157970428467
-0.04743608832359314
0.10492023080587387
0.105453722178936
-0.12020574510097504
-0.11338726431131363
-0.002220161259174347
-0.09005448967218399
-0.012834899127483368
-0.04251880943775177
0.012927316129207611
0.039495281875133514
-0.07873713225126266
-0.09485919773578644
0.10647749155759811
0.08291349560022354
-0.0779590904712677
0.03164408355951309
0.08666268736124039
-0.05060645192861557
-0.06684030592441559
-0.04229242354631424
0.0789475068449974
-0.03151438385248184
0.07163242250680923
-0.07100635021924973
-0.06941372901201248
-0.015550456941127777
-0.08820632845163345
-0.12050088495016098
0.004124931991100311
-0.08688661456108093
-0.05379293113946915
0.019220702350139618
0.005427099764347076
0.038687966763973236
0.011792637407779694
-0.0621488019824028
0.0023414120078086853
0.06620056182146072
0.10869719833135605
0.0377146378159523
-0.09488749504089355
-0.009346157312393188
-0.0006382167339324951
-0.007240727543830872
0.07641581445932388
-0.08447479456663132
0.12026418000459671
-0.032356709241867065
-0.0854630321264267
-0.09139405190944672
-0.02668587863445282
-0.017190493643283844
-0.10253146290779114
-0.10580871254205704
0.020097903907299042
-0.07732301205396652
-0.1135164201259613
-0.08543087542057037
-0.005179598927497864
-0.08019199967384338
0.017138518393039703
-0.029908612370491028
-0.0708329826593399
-0.08630062639713287
0.06152725964784622
-0.07233607769012451
-0.06488275527954102
-0.028739824891090393
-0.03417570888996124
-0.026394255459308624
0.05284901708364487
-0.07634235918521881
0.1016770526766777
-0.07975882291793823
-0.08960340172052383
0.09636988490819931
0.012402154505252838
0.047271840274333954
-0.0714111477136612
0.08662844449281693
-0.024375639855861664
-0.06334983557462692
0.0008339658379554749
-0.022550009191036224
-0.06309213489294052
0.07387778908014297
-0.05661303550004959
-0.10465618968009949
0.04107748717069626
-0.08038100600242615
-0.006995312869548798
0.07179831713438034
-0.049407608807086945
-0.0910756066441536
0.08156078308820724
-0.011537738144397736
-0.008546315133571625
0.062745101749897
0.03623101860284805
-0.029209338128566742
0.11295212060213089
-0.06398531049489975
-0.07673197984695435
-0.0328386053442955
-0.07692669332027435
0.04143717139959335
0.12045551091432571
-0.07935042679309845
-0.11258136481046677
-0.034769393503665924
0.11191477626562119
-0.1038433089852333
0.0359608456492424
0.052255548536777496
0.08214030414819717
-0.06585443764925003
-0.11082448810338974
0.11497192829847336
0.06791550666093826
-0.03189723193645477
0.006386958062648773
0.06289226561784744
-0.008300811052322388
0.042393721640110016
-0.07784311473369598
0.014451898634433746
-0.033531323075294495
0.11850046366453171
-0.04388974606990814
-0.11717772483825684
0.02959885448217392
0.004321925342082977
0.09369637817144394
0.08459708839654922
0.02261296659708023
0.010515548288822174
0.03676583617925644
-0.002328120172023773
-0.044373221695423126
0.04512671381235123
0.022718898952007294
-0.0856497585773468
0.006331600248813629
0.036196403205394745
-0.030841819941997528
-0.09760056436061859
-0.03552357852458954
-0.12008974701166153
0.026234842836856842
0.04295117408037186
0.030881129205226898
-0.11881043016910553
-0.07371734082698822
0.009623445570468903
0.022175230085849762
-0.05029772222042084
0.027198366820812225
-0.114569753408432
0.07691649347543716
-0.0031831637024879456
-0.02154238522052765
0.06177709251642227
0.06291446834802628
0.05097060650587082
0.012386642396450043
0.027430139482021332
-0.057980455458164215
0.0712042972445488
-0.01830952614545822
0.04686816781759262
-0.09869998693466187
0.07676411420106888
0.08899816125631332
-0.036747053265571594
0.013250373303890228
-0.007091820240020752
-0.09102585911750793
0.04582569748163223
-0.10928669571876526
0.052802927792072296
-0.04342862218618393
-0.06298501789569855
-0.08613357692956924
-0.03786865621805191
0.06443602591753006
-0.013294927775859833
0.032444097101688385
0.11290771514177322
0.03535393625497818
-0.022414885461330414
-0.049179092049598694
0.11846666783094406
0.06450209766626358
0.06659726053476334
0.04503742605447769
0.03841979056596756
0.09193774312734604
0.038156814873218536
-0.08924942463636398
-0.052331626415252686
0.025086216628551483
-0.0855514332652092
0.10330834239721298
-0.11832825839519501
0.025051750242710114
-0.10544037073850632
0.059845082461833954
0.012196026742458344
0.09383725374937057
0.028659097850322723
-0.04514457285404205
-0.10504139959812164
0.09542698413133621
-0.10538747161626816
0.05088178068399429
-0.09407732635736465
0.002467624843120575
0.05847572535276413
0.09246494621038437
0.07051517814397812
0.06648895889520645
-0.02502158284187317
-0.11014623939990997
-0.06559477746486664
-0.03339850902557373
0.03210938721895218
0.07558882981538773
-0.04050307720899582
0.06479804962873459
0.04679485410451889
0.02291182428598404
-0.11437901854515076
-0.02611318975687027
-0.10595012456178665
0.09771258383989334
-0.07172664999961853
-0.013917051255702972
-0.08107081055641174
-0.008044205605983734
0.054847411811351776
-0.010486021637916565
-0.05111192911863327
0.026493839919567108
-0.10467147827148438
-0.07496556639671326
0.054646529257297516
0.04286950081586838
-0.016664959490299225
-0.06523208320140839
0.09786147624254227
0.05432429164648056
-0.0406574085354805
0.09203756600618362
0.020158551633358
-0.048844583332538605
-0.08167845755815506
-0.028743453323841095
-0.1023457795381546
0.04565628618001938
-0.07460348308086395
-0.02742762863636017
0.017754293978214264
-0.09436655044555664
0.09903167933225632
-0.09784595668315887
0.10937244445085526
0.07073851674795151
-0.06782509386539459
-0.022313304245471954
-0.09589658677577972
0.015592701733112335
0.01648756116628647
0.010657168924808502
0.0988755002617836
-0.05079694837331772
0.11867190152406693
-0.09040984511375427
0.11635192483663559
-0.02798306941986084
0.047924406826496124
-0.03840102255344391
0.02638436108827591
0.04055043309926987
-0.029530808329582214
0.10854805260896683
-0.047669798135757446
0.10352858155965805
0.1019895002245903
0.052650563418865204
-0.0969027653336525
-0.11372029781341553
-0.09951835125684738
-0.006823211908340454
0.04530637711286545
-0.016772225499153137
0.06346099823713303
0.04909006506204605
0.033692263066768646
-0.07033107429742813
-0.11850113421678543
-0.026188068091869354
0.07837686687707901
-0.09957193583250046
0.005499191582202911
0.09250905364751816
-0.024954356253147125
-0.05072923004627228
0.0599873885512352
0.02428395301103592
-0.10167736560106277
-0.07615096867084503
-0.07202859222888947
0.029169447720050812
-0.02198158949613571
0.07305557280778885
-0.0007978230714797974
-0.022997863590717316
-0.02249102294445038
-0.016141019761562347
0.11677324026823044
0.05642550438642502
0.005665101110935211
-0.06892324239015579
0.11314455419778824
-0.06460489332675934
-0.04481545835733414
0.10496623069047928
0.01198231428861618
0.07586190849542618
-0.07622531801462173
0.10727935284376144
0.04627326875925064
0.06766767054796219
0.04896906763315201
-0.04349207878112793
-0.058050110936164856
0.048148222267627716
-0.03487931191921234
0.06583014875650406
0.021561674773693085
-0.06983969360589981
0.10485398024320602
0.054404668509960175
-0.11192722618579865
0.03953748196363449
0.061169929802417755
-0.06049647927284241
-0.013299606740474701
0.07458900660276413
0.0726688876748085
-0.11168859153985977
-0.030590690672397614
0.04803810268640518
0.019242502748966217
0.029806680977344513
0.008398003876209259
-0.014465533196926117
-0.11713749170303345
-0.024041853845119476
-0.004790693521499634
0.07674934715032578
-0.08106501400470734
0.03795994073152542
0.0767330750823021
0.017783798277378082
-0.08748992532491684
-0.031132228672504425
0.026059888303279877
0.043496228754520416
-0.10814718157052994
-0.11050330102443695
-0.09649793803691864
-0.07070581614971161
-0.04313547909259796
0.055689312517642975
-0.04062112420797348
-0.09247400611639023
-0.08172795176506042
0.011191152036190033
0.06038994342088699
0.07948692888021469
-0.009074673056602478
-0.08718399703502655
-0.05178149789571762
-0.09411747753620148
-0.1033645048737526
0.0823756530880928
0.06176050752401352
-0.04802391678094864
0.04780971258878708
0.025473646819591522
0.01978614181280136
0.011334724724292755
0.007327280938625336
0.05731932073831558
0.09412878006696701
-0.09737600386142731
0.06913398951292038
-0.0874057337641716
0.0733339712023735
0.048829592764377594
-0.10771317034959793
0.06069598346948624
-0.08946117758750916
-0.0553080216050148
0.0742735043168068
0.055328525602817535
-0.113984115421772
-0.044213756918907166
-0.07928581535816193
-0.0697861909866333
-0.07650624215602875
-0.08884751796722412
-0.0593644343316555
-0.08028143644332886
0.02857326716184616
-0.11193680763244629
-0.07968533784151077
-0.11806455254554749
-0.05591638386249542
0.0022036656737327576
0.014987640082836151
-0.07634659856557846
0.10364159196615219
0.08439155668020248
0.018236495554447174
0.052545540034770966
-0.08228791505098343
0.07254616171121597
0.11038977652788162
0.06312810629606247
-0.10267659276723862
0.011632941663265228
-0.0361938402056694
-0.09838304668664932
0.11179078370332718
0.007836513221263885
-0.05143401026725769
-0.07559183239936829
-0.08255954831838608
0.06867840141057968
-0.021717920899391174
0.04928220063447952
0.04173339158296585
-0.035550862550735474
-0.021932415664196014
-0.10375700891017914
0.08585900813341141
-0.05972602590918541
-0.019089698791503906
-0.016475871205329895
0.11055285483598709
0.020229734480381012
0.11056237667798996
-0.1197526678442955
-0.1072251945734024
-0.05341019481420517
-0.10849057137966156
-0.11807519942522049
-0.08050595223903656
0.08664805442094803
0.06496665626764297
0.0595286563038826
-0.002934403717517853
0.09692033380270004
-0.11625640094280243
-0.09866872429847717
0.007907204329967499
-0.10671662539243698
0.06568364053964615
0.012139491736888885
0.10763419419527054
-0.09616669267416
0.1066933199763298
-0.09307380020618439
0.09053977578878403
0.014154531061649323
-0.11195197701454163
0.0559019073843956
-0.019086062908172607
-0.034743063151836395
-0.05801613628864288
-0.04283073544502258
-0.08637864887714386
0.07938364893198013
0.012555129826068878
-0.07989311218261719
-0.083910271525383
-0.03190752863883972
-0.11864646524190903
-0.048901550471782684
-0.11463984102010727
0.09330961853265762
0.07615964859724045
0.10643371194601059
0.025241591036319733
0.052021317183971405
-0.03213641792535782
0.11886923760175705
0.0964384451508522
-0.01876583695411682
-0.08672596514225006
-0.07286388427019119
-0.05227538198232651
-0.04096347838640213
0.006573967635631561
0.012115724384784698
0.09487604349851608
0.013074584305286407
-0.02572546899318695
-0.1052570790052414
0.04615155607461929
0.04032523185014725
-0.10148326307535172
-0.09924884885549545
0.08856535702943802
0.019564323127269745
-0.014966748654842377
0.07096242159605026
0.04618718475103378
0.010271377861499786
-0.011013336479663849
0.045807935297489166
0.07484116405248642
0.0733327642083168
0.09157704561948776
0.11632979661226273
-0.07008493691682816
-0.06424935907125473
0.11549559980630875
0.06728974729776382
-0.0909942165017128
0.016933538019657135
-0.024462252855300903
-0.04705981910228729
-0.0670056939125061
-0.030851855874061584
-0.012999564409255981
-0.03662069886922836
-0.0818573608994484
0.019992224872112274
-0.040229253470897675
0.024573586881160736
-0.03878963738679886
0.05213562399148941
0.020675979554653168
-0.09081602841615677
-0.0742301195859909
0.011411212384700775
0.048267923295497894
0.10298136621713638
0.07902572304010391
-0.04882422089576721
0.02224508672952652
-0.08944615721702576
0.051652632653713226
-0.08305288851261139
-0.0977122113108635
0.08825620263814926
-0.0016256719827651978
-0.04421927034854889
-0.08895058929920197
0.0199696347117424
0.04951418191194534
0.07903050631284714
0.11284748464822769
0.11170647293329239
-0.03070741891860962
0.05655563622713089
-0.0663449764251709
-0.038369178771972656
-0.09441385418176651
-0.11327959597110748
-0.012291409075260162
0.02377379685640335
0.09199514240026474
-0.06529155373573303
-0.10834826529026031
0.08707209676504135
0.01079142838716507
-0.032681070268154144
-0.0008348599076271057
-0.08366251736879349
0.06900327652692795
-7.048994302749634e-05
0.1009448990225792
-0.11862434446811676
-0.024034298956394196
0.054537393152713776
-0.09786634147167206
0.09708548337221146
-0.004956305027008057
0.08701624721288681
-0.06617861986160278
-0.025338008999824524
0.02577730268239975
0.020333848893642426
-0.08163683861494064
0.09298104792833328
0.061844371259212494
0.02746269851922989
0.059585221111774445
0.1061709001660347
-0.11768023669719696
0.09542032331228256
0.03728175908327103
0.06569280475378036
0.04627055674791336
-0.09286092221736908
-0.09061303734779358
0.04361145943403244
-0.09764544665813446
-0.05602142959833145
0.09295444935560226
0.017244569957256317
0.029957376420497894
0.02167191356420517
0.07156781107187271
0.0409713014960289
0.11041075736284256
0.11685573309659958
0.09866786748170853
-0.08346223831176758
0.10732763260602951
0.08723068982362747
-0.020360559225082397
-0.09836499392986298
-0.03993485867977142
0.06733290106058121
0.028681881725788116
0.053508974611759186
0.06346636265516281
-0.03063424676656723
0.11818767338991165
0.09544708579778671
-0.11223834753036499
0.031383298337459564
-0.07268506288528442
0.02542746812105179
0.09752935916185379
-0.07468628883361816
0.09140100330114365
-0.037530772387981415
0.09064073115587234
0.03359293192625046
0.04362509399652481
0.11310363560914993
-0.05178045481443405
0.08422646671533585
-0.027204103767871857
0.07378096133470535
0.010430552065372467
0.09920402616262436
0.05688244849443436
0.07135588675737381
-0.04309821128845215
-0.10650154948234558
-0.08990159630775452
-0.09683853387832642
-0.11864681541919708
-0.019821763038635254
0.10029924660921097
-0.09957338124513626
-0.0628797709941864
0.024926550686359406
-0.042055435478687286
0.01253887265920639
-0.08540710806846619
0.10241232067346573
0.11172475665807724
-0.0035763680934906006
-0.11629458516836166
-0.039726622402668
-0.02791641652584076
0.03314798325300217
-0.07042394578456879
-0.09687193483114243
-0.03459648787975311
-0.08132092654705048
-0.05888808146119118
0.06734613329172134
-0.06316512823104858
-0.069711834192276
-0.07191677391529083
-0.09755176305770874
0.05838937312364578
0.01554454118013382
0.08487261086702347
0.054849185049533844
-0.04970560222864151
0.0654858723282814
-0.04858192056417465
-0.11651931703090668
-0.06533952057361603
-0.058149151504039764
0.005352042615413666
-0.025952257215976715
0.0886661484837532
-0.06756018102169037
-0.03052271157503128
-0.07957473397254944
0.015118725597858429
-0.06192239373922348
-0.07704208791255951
0.0738120898604393
-0.038418903946876526
0.09632756561040878
-0.07869115471839905
-0.04930071532726288
-0.09577983617782593
-0.06588570028543472
-0.009362421929836273
0.011506758630275726
0.04553525894880295
0.07328417152166367
-0.11495326459407806
0.013400398194789886
-0.052702680230140686
0.07917004078626633
-0.004052110016345978
0.033111728727817535
-0.0802588015794754
0.008132122457027435
-0.05135706067085266
0.10301009565591812
0.03438221663236618
-0.07674014568328857
-0.10273029655218124
-0.08139880001544952
0.11213674396276474
0.004355378448963165
-0.05458755046129227
-0.013392329216003418
0.028373442590236664
0.08863823860883713
0.0348968431353569
-0.10324512422084808
0.10157214850187302
-0.10046222805976868
0.037756554782390594
0.05514252930879593
0.06879507750272751
-0.01188303530216217
-0.0810166448354721
0.001083560287952423
-0.05022163689136505
-0.08823508024215698
-0.037042222917079926
0.0042304471135139465
-0.01170453429222107
0.1185094341635704
-0.01102542132139206
0.04501039534807205
0.08927134424448013
-0.06029663234949112
-0.02388085424900055
-0.028286948800086975
0.07677683979272842
0.04444841295480728
-0.1142401173710823
0.02607058733701706
-0.08203727751970291
0.0569351390004158
0.06047802418470383
0.03806170076131821
-0.0914035364985466
0.07790308445692062
0.0043908581137657166
-0.06343472003936768
-0.06630589812994003
0.06668774038553238
0.04181592911481857
-0.01509152352809906
0.07714571803808212
-0.01952388882637024
0.023941822350025177
-0.0832933709025383
0.05954570323228836
-0.055720262229442596
0.023574091494083405
0.02976410835981369
-0.10020925849676132
0.03480500727891922
0.03200342506170273
-0.009772643446922302
-0.01619783788919449
0.05227772146463394
-0.07901138812303543
0.018540211021900177
-0.03641044348478317
-0.04446090757846832
-0.08498910069465637
-0.1103537306189537
-0.07824863493442535
-0.08422337472438812
-0.01439443975687027
-0.056880079209804535
0.06085478514432907
-0.021118521690368652
-0.09385890513658524
0.11938164383172989
-0.0739937350153923
-0.08021735399961472
-0.006943918764591217
-0.0015116631984710693
0.017521746456623077
0.02359119802713394
0.044581376016139984
-0.039013855159282684
0.011306174099445343
-0.10038037598133087
0.07739647477865219
-0.10021369904279709
0.10049594193696976
0.0952051654458046
-0.07194775342941284
0.12084326893091202
-0.08397331833839417
0.041396044194698334
0.02665867656469345
0.023213542997837067
0.07713257521390915
0.007712431252002716
-0.03220275044441223
0.0013948231935501099
0.11237283796072006
0.04923740774393082
0.020194031298160553
0.09786995500326157
0.0869474932551384
-0.06409040838479996
-0.005799613893032074
0.11626643687486649
0.06823617964982986
-0.044570617377758026
0.06632719188928604
-0.08367186784744263
-0.07946290820837021
0.10812266916036606
0.05971258133649826
0.07476865500211716
-0.09206785261631012
0.0011556074023246765
0.08138515800237656
0.11812541633844376
-0.110023632645607
-0.005646035075187683
0.01774951070547104
-0.11308794468641281
0.07467956095933914
-0.052093133330345154
-0.026857517659664154
0.10947748273611069
0.08052472025156021
0.04926665872335434
0.03999897092580795
-0.06571097671985626
-0.04650847613811493
-0.08943623304367065
0.06375209242105484
-0.023374512791633606
0.063155896961689
-0.06068568304181099
-0.06438884139060974
0.0572224035859108
-0.031636036932468414
0.10253971070051193
0.11029177159070969
0.10889919847249985
-0.10258550941944122
-0.07266758382320404
0.053663887083530426
-0.027677200734615326
0.0860210582613945
0.08675318211317062
0.014185048639774323
-0.094453826546669
0.06317882984876633
0.081214539706707
-0.0025251954793930054
0.005395449697971344
0.10158080607652664
0.060219861567020416
-0.06295522302389145
0.06665339320898056
0.08092101663351059
0.0494857057929039
-0.07555153965950012
-0.11183188110589981
0.1075204536318779
0.05771248787641525
-0.005184359848499298
-0.029869303107261658
0.03511754423379898
-0.08326112478971481
0.10532312840223312
-0.06538267433643341
-0.10441507399082184
0.11076100915670395
-0.02856527268886566
-0.006602860987186432
0.06342456489801407
-0.11483451724052429
-0.0010914355516433716
-0.10001907497644424
0.09223464876413345
-0.06969782710075378
-0.00498739629983902
0.05903638154268265
0.08181958645582199
0.11151141673326492
0.013340823352336884
0.015280090272426605
-0.007799394428730011
0.06256925314664841
0.05343260616064072
-0.0852203220129013
-0.027401186525821686
-0.06544257700443268
-0.11631947755813599
-0.04568062722682953
0.10043156892061234
-0.09202609211206436
0.059458740055561066
-0.03506704419851303
-0.09211581945419312
0.10039157420396805
-0.061657968908548355
0.05687209218740463
-0.01541408896446228
-0.013374559581279755
0.06026478856801987
0.06294236332178116
0.10718735307455063
-0.07821090519428253
0.05186101049184799
0.05622222274541855
-0.036525435745716095
-0.08253924548625946
0.04622822254896164
0.06859032064676285
0.038887836039066315
0.08921567350625992
0.00047309696674346924
-0.020514659583568573
0.09530141204595566
-0.036631226539611816
-0.05170696973800659
-0.023266121745109558
-0.09232798218727112
0.11582503467798233
-0.017497889697551727
-0.10773598402738571
0.019841201603412628
-0.11952072381973267
-0.08182782679796219
0.09978989511728287
0.11162807792425156
-3.427267074584961e-07
-0.09766921401023865
0.10313905030488968
-0.02697914093732834
0.08469777554273605
0.09277946501970291
0.009784035384654999
0.07238603383302689
0.026693172752857208
-0.03798443078994751
-0.010016389191150665
0.001946479082107544
0.09234035760164261
0.10814779251813889
-0.08318175375461578
0.09889446943998337
-0.08841416239738464
0.05908464640378952
-0.06898029148578644
0.050379715859889984
0.09847701340913773
0.053378306329250336
-0.023951604962348938
0.01662016659975052
-0.04850410670042038
-0.005881384015083313
-0.03561849892139435
0.11030853539705276
0.09949169307947159
0.07561058551073074
0.017193667590618134
-0.09848251938819885
-0.09333395957946777
-0.08851383626461029
-0.08750982582569122
0.008422262966632843
0.03613539785146713
-0.10080325603485107
-0.03605931997299194
0.008250601589679718
-0.052136220037937164
0.061887405812740326
-0.09668982774019241
0.08119656890630722
-0.02021387219429016
0.1082204058766365
-0.06566442549228668
0.09986070543527603
0.03649427741765976
0.04915284365415573
-0.052198201417922974
0.03286219388246536
-0.10100846737623215
-0.08959463238716125
-0.052937425673007965
0.022700421512126923
-0.08674710243940353
0.05570962280035019
0.05103062838315964
0.0743022933602333
-0.11479850113391876
-0.062114596366882324
-0.03370155394077301
0.009226255118846893
-0.09756673872470856
-0.01989482343196869
0.10637528449296951
-0.08774367719888687
-0.023663215339183807
-0.09078242629766464
0.08674407750368118
0.08071989566087723
-0.03564094007015228
0.025641746819019318
0.09253961592912674
-0.11092592775821686
-0.03000018745660782
-0.060321349650621414
0.06672532111406326
0.11575677245855331
0.0961708202958107
0.06889540702104568
0.11961203068494797
-0.03073190152645111
0.016686908900737762
0.03776053339242935
-0.1017216145992279
0.09511751681566238
-0.05382024496793747
-0.06931518018245697
-0.041992127895355225
0.08773445338010788
-0.006313920021057129
0.08281996101140976
0.11317066103219986
0.02796206623315811
-0.0001171007752418518
0.07881154865026474
0.06163155287504196
0.03139010816812515
-0.07926595211029053
-0.06782719492912292
-0.1174648180603981
-0.0001828894019126892
0.027119316160678864
0.0404948815703392
0.08280923217535019
-0.017442449927330017
-0.04547891020774841
0.08238650113344193
0.047605596482753754
0.0026453211903572083
0.0757082924246788
-0.04242348670959473
-0.0967799574136734
0.05860159546136856
-0.05209636688232422
-0.08599839359521866
-0.08641472458839417
0.06757479161024094
-0.02151516079902649
0.06141532212495804
0.07786466926336288
0.1059069111943245
0.029277406632900238
0.1163768395781517
-0.041562728583812714
-0.009646318852901459
0.10574179142713547
-0.10654322803020477
0.017010919749736786
-0.08144333958625793
-0.044298842549324036
0.07531172782182693
0.08853838592767715
0.06022637337446213
0.08484815806150436
-0.11451657116413116
0.029774002730846405
0.07005428522825241
-0.06746295094490051
0.10479725152254105
0.020747222006320953
0.05491075664758682
0.05578310042619705
-0.06272414326667786
0.047220759093761444
-0.09636327624320984
0.07190658897161484
0.11858668178319931
-0.10948293656110764
0.06344663351774216
-0.06571020185947418
0.03203382343053818
0.058759309351444244
-0.024357497692108154
-0.03988897055387497
-0.021327629685401917
-0.07278448343276978
0.11559214442968369
0.008847855031490326
-0.021306775510311127
0.03972884267568588
-0.09973901510238647
0.054655902087688446
-0.01524437963962555
0.05812334269285202
0.058937571942806244
-0.07617715001106262
-0.11282934248447418
-0.06491389870643616
-0.007466331124305725
-0.1166265532374382
0.015431739389896393
0.06239966303110123
-0.03435998409986496
0.08161667734384537
0.023500956594944
0.0986681804060936
-0.11721614003181458
-0.09835922718048096
0.015591003000736237
-0.0353500097990036
-0.006418675184249878
0.03085828572511673
-0.10121557861566544
-0.04162479192018509
0.09261821955442429
-0.11645825952291489
-0.08021821826696396
-0.07808224856853485
0.0341232493519783
0.09801498800516129
0.1195891723036766
0.057160310447216034
-0.04155208170413971
0.09968266636133194
0.03375733643770218
-0.08468928933143616
0.12030046433210373
0.10281754285097122
0.017403744161128998
-0.10739389061927795
0.08855491131544113
0.07587528973817825
-0.0026292577385902405
0.002100929617881775
-0.030869826674461365
-0.010383658111095428
-0.06587684899568558
-0.053351305425167084
0.0704265758395195
-0.034548260271549225
-0.06611859798431396
-0.07216587662696838
-0.11779525876045227
-0.0866667777299881
-0.00423373281955719
0.03570600599050522
-0.09198100864887238
-0.07534460723400116
-0.11145162582397461
0.03470668941736221
-0.0527399405837059
-0.09426428377628326
-0.018474586308002472
-0.01957923173904419
-0.07219605147838593
0.11953990906476974
0.1174248680472374
0.11323610693216324
0.046893320977687836
0.09267803281545639
-0.09772888571023941
0.10670284181833267
0.026739515364170074
0.08403301984071732
-0.10996808856725693
0.03541640192270279
-0.08680395036935806
0.03956311196088791
0.08755173534154892
-0.09538672119379044
0.04160697013139725
-0.0011479109525680542
-0.09516501426696777
-0.05051407217979431
-0.0623946487903595
-0.11478214710950851
-0.06370583176612854
-0.0663812905550003
0.04011192172765732
-0.05025460571050644
-0.029965750873088837
0.07025245577096939
0.03480841964483261
0.11492995172739029
-0.04841841757297516
-0.05738097429275513
0.10001762956380844
0.07622791081666946
-0.0893382579088211
0.009072162210941315
0.058321572840213776
-0.07698094844818115
-0.08741912245750427
0.10809480398893356
-0.06552630662918091
0.09532701224088669
0.023095346987247467
0.09398471564054489
-0.10843447595834732
0.04849403351545334
0.09557289630174637
0.05455625802278519
-0.033303938806056976
0.0263030007481575
-0.09335368126630783
0.07128658145666122
-0.04535846412181854
-0.11421658098697662
0.00638221949338913
-0.08580826967954636
0.11261778324842453
-0.11171454936265945
0.030841149389743805
0.03281647711992264
0.10087599605321884
-0.012364231050014496
0.0448814257979393
0.08582516759634018
0.0793716236948967
-0.10891138017177582
-0.08874094486236572
0.11882219463586807
0.027562983334064484
0.09394557029008865
0.038192324340343475
0.09373713284730911
0.0813787654042244
-0.047061435878276825
0.08612731844186783
0.12034427374601364
0.06334366649389267
-0.014996342360973358
0.025861598551273346
-0.0744280070066452
0.1155170127749443
-0.024341754615306854
-0.06964616477489471
-0.002012789249420166
-0.009521111845970154
0.0010968297719955444
0.029256127774715424
-0.059398699551820755
-0.07650052756071091
0.05362997204065323
0.04715956002473831
-0.10163825750350952
0.10148752480745316
-0.06666454672813416
-0.01997445523738861
0.02730690687894821
-0.08468358218669891
-0.024583131074905396
0.09220878034830093
0.05497031658887863
-0.09174306690692902
-0.04892020672559738
-0.002309255301952362
-0.0445585623383522
0.02546655386686325
-0.09150725603103638
-0.03689160943031311
-0.08613424003124237
0.018584303557872772
-0.041427284479141235
0.038083381950855255
0.0036737099289894104
-0.07007363438606262
-0.0029417574405670166
-0.038362860679626465
0.05214758962392807
-0.02393476665019989
0.0018272176384925842
-0.02108229696750641
-0.07069721817970276
0.048488207161426544
-0.10856553167104721
0.016935013234615326
-0.01622728258371353
0.05460119992494583
0.04034847766160965
0.027971826493740082
-0.1111116111278534
0.1005212739109993
-0.03604233264923096
0.02335181087255478
0.05340442806482315
-0.10011563450098038
0.1055045947432518
-0.08209948986768723
0.04843609780073166
-0.04274792969226837
-0.0830155611038208
0.10092880576848984
-0.07935010641813278
-0.11744976043701172
0.025798924267292023
-0.0599699430167675
0.10450150817632675
-0.05085720121860504
-0.10254669189453125
-0.08936548233032227
0.05295019596815109
-0.0385931059718132
0.07061987370252609
-0.0981912761926651
-0.01711772382259369
-0.01026754081249237
0.0262608602643013
0.03557347506284714
-0.02470140904188156
-0.11361715942621231
-0.030149444937705994
-0.024623364210128784
0.07199188321828842
-0.11153973639011383
-0.007409714162349701
-0.1005694642663002
-0.06322497874498367
-0.10939937829971313
0.06518126279115677
-0.00511208176612854
-0.095124751329422
-0.10294808447360992
0.05206628888845444
0.08736667782068253
0.0584992989897728
-0.11882958561182022
-0.005008108913898468
-0.10664399713277817
-0.09864187240600586
0.0430745854973793
0.1007562205195427
0.03754643350839615
0.03243207186460495
0.023468278348445892
-0.07688847929239273
0.10588683933019638
-0.10936606675386429
0.07183540612459183
-0.11171022057533264
0.09470925480127335
0.11489861458539963
0.06676753610372543
-0.010832756757736206
0.0017784759402275085
-0.06894156336784363
0.013443760573863983
0.0012242794036865234
0.08723778277635574
-0.08707347512245178
0.02651704102754593
0.056692056357860565
0.0029403716325759888
0.00312187522649765
-0.09663309156894684
-0.0271691232919693
-0.09935998171567917
0.11882822960615158
0.0981612280011177
0.04733643680810928
0.05631837993860245
0.08258026093244553
0.1178915873169899
0.00024149566888809204
0.04728173464536667
-0.0877455472946167
-0.11556295305490494
-0.09651048481464386
-0.0033444762229919434
-0.09040050208568573
0.09420018643140793
-0.025114797055721283
-0.016039811074733734
-0.0883578360080719
-0.001591324806213379
0.10868249088525772
-0.05928148329257965
-0.057533204555511475
-0.00398554652929306
0.004253603518009186
0.11628953367471695
0.0436897948384285
-0.10783401876688004
-0.01469554752111435
-0.08100231736898422
0.08271186798810959
0.032922156155109406
-0.07831644266843796
-0.03039632737636566
0.025880776345729828
-0.10869667679071426
-0.08333531022071838
0.026471756398677826
0.04349755495786667
-0.02873474359512329
0.11174220591783524
-0.08422768115997314
0.060455746948719025
0.10190210491418839
-0.07468735426664352
0.0965062752366066
-0.07500097900629044
0.11337123066186905
0.010963238775730133
0.03098326176404953
-0.0033572539687156677
0.04401557892560959
0.06444104760885239
-0.021017782390117645
-0.11678899079561234
-0.10445614159107208
-0.003016658127307892
0.04980836063623428
0.07039134949445724
-0.03673194348812103
-0.0370774120092392
-0.004033856093883514
0.08907570689916611
0.10268435627222061
0.06361841410398483
0.061270080506801605
-0.06918008625507355
0.0961289331316948
0.05544998496770859
-0.01680103689432144
0.09605904668569565
-0.1036057099699974
-0.010001905262470245
-0.07500521838665009
0.027446694672107697
0.06554960459470749
-0.07634282112121582
0.09144706279039383
-0.0917607992887497
-0.0760754868388176
0.09643004089593887
-0.071612149477005
0.08267015963792801
0.0013245642185211182
0.008940435945987701
-0.03895622491836548
0.0985654965043068
0.04007532447576523
-0.047423169016838074
-0.11093053966760635
-0.0988861620426178
0.004771776497364044
-0.04241012781858444
0.04517797380685806
-0.08543848991394043
-0.05322990566492081
-0.0861314982175827
-0.05782834440469742
0.09049142152070999
0.07862816005945206
-0.11026279628276825
0.026252292096614838
0.08905413001775742
0.11444947868585587
-0.0997856855392456
-0.10412333160638809
0.05246908217668533
-0.053844988346099854
-0.048940226435661316
-0.0295039564371109
0.046246327459812164
0.011767573654651642
-0.0025861933827400208
0.0797213539481163
0.1107238307595253
0.08652975410223007
0.11203322559595108
-0.05568521469831467
0.05480097979307175
-0.040882840752601624
0.052855513989925385
-0.07745352387428284
0.028756730258464813
0.027733810245990753
0.09770099073648453
0.039613790810108185
-0.1120813637971878
-0.11363224685192108
-0.08580919355154037
-0.08948105573654175
0.01164739578962326
0.033582575619220734
0.06372832506895065
-0.022509798407554626
0.11183521896600723
-0.012566208839416504
-0.005521722137928009
-0.05777841806411743
-0.04332854598760605
0.04346141964197159
-0.11559637635946274
-0.08779005706310272
-0.03953944146633148
-0.07102913409471512
0.0059237852692604065
-0.028954319655895233
0.01050247997045517
-0.06629055738449097
-0.03442828357219696
-0.07814812660217285
-0.09607875347137451
-0.03426108509302139
0.01719551533460617
0.044263653457164764
0.08225033432245255
0.025613106787204742
0.12061522156000137
-0.052488356828689575
-0.04519616812467575
0.08135513216257095
-0.001301690936088562
-0.043806999921798706
0.010143987834453583
0.007992573082447052
-0.04438433051109314
0.10458318144083023
-0.08388151228427887
0.08344868570566177
-0.018258102238178253
-0.07700410485267639
0.06591197103261948
-0.09413230419158936
0.023599915206432343
-0.018172703683376312
-0.02211688458919525
-0.026534713804721832
0.07907979935407639
0.07331737130880356
-0.10290943831205368
0.029214389622211456
0.056055836379528046
-0.04702509194612503
0.1005202904343605
0.09754980355501175
0.031693004071712494
0.09333650022745132
-0.008438043296337128
-0.05857474356889725
0.057472698390483856
-0.03538908809423447
0.04897097498178482
-0.09157246351242065
-0.11389142274856567
-0.07670515775680542
-0.034148283302783966
-0.024424351751804352
0.06961322575807571
0.035105638206005096
0.10138770192861557
-0.09776724129915237
0.11266139894723892
-0.043211475014686584
0.05382237583398819
-0.11630938202142715
-0.016825810074806213
-0.11801283806562424
0.09729879349470139
-0.04727962613105774
0.04514310508966446
-0.04697698354721069
0.006505437195301056
-0.05058179050683975
-0.03486846387386322
-0.10513274371623993
0.033057622611522675
-0.11036670953035355
0.07535477727651596
-0.06918533146381378
0.02481038123369217
0.050450392067432404
0.08205271512269974
-0.10045476257801056
-0.048028215765953064
0.0011831820011138916
-0.07067394256591797
0.10814643651247025
-0.00621110200881958
0.07723204046487808
0.0057291314005851746
0.0643196776509285
0.03945770114660263
-0.08823955059051514
0.08742984384298325
-0.026786215603351593
-0.09098201245069504
0.11153120547533035
-0.0535317063331604
-0.05436841398477554
0.05271530896425247
0.0014200881123542786
-0.04968855530023575
0.045232392847537994
0.10548482090234756
0.0770602598786354
-0.062483109533786774
-0.025119729340076447
-0.055570222437381744
-0.07763563096523285
0.0012696757912635803
0.10547345131635666
0.0023873597383499146
0.08533044904470444
-0.010413020849227905
0.018842674791812897
0.01892971247434616
-0.05764944106340408
0.05732216686010361
0.04947391897439957
0.03827071934938431
0.08407972007989883
-0.054663293063640594
0.09475917369127274
0.06580410152673721
0.03644152730703354
0.10381186753511429
-0.0345829576253891
0.05929668992757797
0.06001222878694534
-0.06405239552259445
-0.05914633348584175
0.07331127673387527
-0.07273444533348083
-0.07934260368347168
0.037299834191799164
-0.06410817801952362
-0.07697466015815735
-0.052372753620147705
-0.06295499205589294
0.009128771722316742
0.020988278090953827
0.022402457892894745
-0.049799881875514984
0.11729899793863297
0.010646842420101166
-0.10776672512292862
0.058527179062366486
0.07307258993387222
0.03172717243432999
-0.03732213377952576
0.0744539424777031
0.04318811744451523
-0.03837347775697708
-0.002982623875141144
-0.005912646651268005
-0.09500300884246826
-0.11042984575033188
-0.07852251827716827
-0.05467217415571213
-0.0688381940126419
-0.008013837039470673
0.06373775750398636
0.02657800167798996
0.016587845981121063
0.07001975923776627
-0.08337981253862381
0.02272287756204605
0.011356271803379059
-0.018586382269859314
0.09245375543832779
-0.07994626462459564
-0.10959899425506592
-0.09408468008041382
0.11782289296388626
0.0748039111495018
-0.017451390624046326
0.0694800391793251
0.11939369887113571
-0.040252670645713806
0.08505576103925705
0.03998308628797531
0.022713102400302887
-0.08308951556682587
-0.011855088174343109
0.07243024557828903
0.05986502021551132
-0.0008948221802711487
-0.10505472123622894
0.018147580325603485
0.027104221284389496
-0.10785236209630966
-0.05521232634782791
0.11979079991579056
-0.06476147472858429
-0.011323012411594391
0.03565054386854172
0.107956163585186
-0.007174648344516754
0.05679035931825638
-0.06449656188488007
-0.012815520167350769
-0.09446894377470016
-0.04748068004846573
-0.07916707545518875
-0.1058366596698761
0.0810944065451622
0.07699049264192581
-0.05393665283918381
-0.0881756991147995
-0.11125310510396957
0.0019111484289169312
0.09383747726678848
0.055946268141269684
0.09454404562711716
-0.017121560871601105
0.07053010910749435
-0.03324945271015167
-0.023888960480690002
-0.08331866562366486
-0.09813393652439117
-0.0924559235572815
-0.07109278440475464
-0.1107373833656311
-0.0710161030292511
0.02253028005361557
0.03373982757329941
0.02626163512468338
-0.023225337266921997
-0.05266198515892029
0.1141306683421135
-0.005107209086418152
0.09637037664651871
-0.07785920798778534
-0.08441171050071716
-0.01195574551820755
0.08546092361211777
0.07670868188142776
0.04981396347284317
0.0913517102599144
-0.1118626520037651
-0.009917229413986206
-0.003402821719646454
-0.027492672204971313
0.044974230229854584
0.01889709383249283
0.07659798115491867
-0.032073572278022766
0.09652433544397354
0.1038372740149498
-0.0953194871544838
0.04390045255422592
-0.08200298249721527
-0.06746404618024826
-0.09298592060804367
-0.04857012629508972
0.10784252732992172
-0.017668746411800385
-0.02048308402299881
0.005500756204128265
-0.09626412391662598
0.09520582109689713
-0.07086072862148285
0.11642295867204666
-0.09556787461042404
-0.05986934155225754
0.0935778096318245
0.09755808860063553
-0.04944100230932236
-0.049829594790935516
0.09223245829343796
-0.09228990972042084
-0.07896489650011063
-0.08472401648759842
0.021594621241092682
-0.06425336748361588
0.11110395938158035
0.05289050191640854
-0.0358099490404129
-0.0760401263833046
-0.06824012100696564
-0.10284488648176193
0.06690157204866409
0.026616908609867096
-0.11679746955633163
0.09773736447095871
-0.0801711231470108
0.027675993740558624
0.04533360153436661
-0.062247902154922485
-0.11915899068117142
-0.08691404014825821
0.011725522577762604
-0.08656054735183716
0.07270107418298721
-0.11402986198663712
-0.11104103177785873
-0.04995502531528473
0.11722759157419205
-0.12071440368890762
-0.014282219111919403
-0.08636690676212311
-0.0036256015300750732
-0.072850301861763
-0.09273609519004822
0.05396101623773575
0.017889849841594696
-0.02057649940252304
-0.10006453096866608
0.041858188807964325
-0.02248343825340271
0.015723414719104767
0.09658146649599075
0.038328804075717926
0.11446353048086166
0.06295547634363174
0.0009307861328125
0.08977062255144119
0.06765934079885483
-0.00028873980045318604
-0.10329000651836395
0.04914192110300064
0.0756344124674797
0.03131837397813797
-0.03457216918468475
0.03368254750967026
-0.0759492740035057
0.07351917773485184
-0.07361705601215363
0.011117197573184967
-0.011097900569438934
0.07273011654615402
0.011430077254772186
-0.09782703220844269
-0.06734547764062881
-0.02493811398744583
-0.04356565326452255
0.08987287431955338
0.0548863485455513
-0.09341448545455933
-0.012294113636016846
0.00951983779668808
0.07869770377874374
-0.1147531270980835
-0.008111439645290375
0.10841215401887894
0.061215244233608246
0.07413779944181442
-0.06897833198308945
0.12006311863660812
0.07598411291837692
0.06865417212247849
-0.10450909286737442
-0.07509414106607437
0.09193647652864456
0.007190220057964325
0.03792201727628708
-0.11352671682834625
-0.030649937689304352
-0.0972781702876091
0.12080173939466476
-0.07610553503036499
-0.03663010150194168
-0.08539848029613495
-0.040316469967365265
-0.07632814347743988
0.027442000806331635
-0.07898032665252686
-0.05294541269540787
0.07313863188028336
-0.0380333736538887
-0.10153733938932419
0.012642495334148407
-0.11062570661306381
0.10756324976682663
-0.02234332263469696
-0.06543031334877014
0.030679531395435333
0.0051833465695381165
0.032661862671375275
0.10601931065320969
0.07955881208181381
0.011299960315227509
0.07799581438302994
-0.0340573713183403
0.054893068969249725
-0.11945490539073944
0.0992690697312355
-0.04025592654943466
-0.056217268109321594
-0.06386007368564606
-0.08132445067167282
0.05759028345346451
0.103556327521801
0.08734465390443802
0.08994045108556747
-0.08509653806686401
-0.027401991188526154
0.02500871568918228
-0.11354941129684448
0.10198476165533066
-0.04202292859554291
0.04260732978582382
0.10402149707078934
-0.03142370283603668
0.09841526299715042
-0.03815488517284393
-0.04411336034536362
0.0814114436507225
0.059847138822078705
0.0854206308722496
0.03527934104204178
-0.02002575993537903
-0.08666925877332687
-0.11161354184150696
0.12012585252523422
-0.012228906154632568
0.0011166706681251526
-0.08678355813026428
-0.061881814152002335
-0.11423766613006592
0.026305250823497772
0.052148543298244476
0.08834604173898697
0.06998419016599655
0.015387095510959625
0.11581260710954666
0.00570417195558548
-0.050932593643665314
0.00846116989850998
0.015140257775783539
0.10256356745958328
0.08699095994234085
0.010079286992549896
0.0858285203576088
0.005549587309360504
0.03320486098527908
-0.020819149911403656
-0.03445925563573837
0.09436952322721481
0.008292816579341888
-0.0946865826845169
-0.1032218188047409
0.00011450052261352539
0.07690944522619247
-0.050363197922706604
-0.07642046362161636
0.04720022529363632
0.06455216556787491
-0.02944488823413849
-0.08087339252233505
0.07826045900583267
-0.07443420588970184
-0.057660311460494995
0.015691377222537994
0.0027733221650123596
-0.0096835196018219
-0.11384368687868118
0.08094079047441483
0.06369154900312424
-0.11183043569326401
-0.034948959946632385
0.006774492561817169
-0.11238564550876617
0.059361375868320465
-0.021137244999408722
0.004400201141834259
0.04608810693025589
0.04800880700349808
-0.03127649426460266
0.0390927717089653
-0.04428597539663315
0.09344788640737534
0.04865606874227524
0.09397364407777786
-0.06203412637114525
-0.11497324705123901
-0.006281301379203796
-0.08660557866096497
-0.03331218659877777
-0.05787082761526108
0.04292062669992447
0.09523700922727585
0.09556768089532852
0.1205737367272377
0.08442256599664688
-0.05521596223115921
0.008395187556743622
0.0947023257613182
0.022475533187389374
-0.06864486634731293
0.0006583184003829956
-0.09216323494911194
0.12082584947347641
0.03804037719964981
-0.05569332093000412
0.029803596436977386
0.03854689747095108
0.07939616590738297
-0.04411756992340088
0.0325436070561409
0.1092783585190773
-0.06254629790782928
0.11936942487955093
0.07643307000398636
-0.0493723601102829
-0.026304669678211212
-0.12017061561346054
-0.015613183379173279
0.00958869606256485
0.01652560383081436
0.08444683998823166
-0.009736299514770508
0.08802569657564163
0.01615794748067856
-0.11794468760490417
0.057330481708049774
-0.05014526844024658
-0.056394241750240326
0.11749359220266342
-0.06586447358131409
0.016444839537143707
0.05415720492601395
-0.11563603579998016
0.06775777786970139
0.049917615950107574
0.0009112879633903503
-0.04005083441734314
-0.08812516927719116
-0.03136945515871048
-0.11721715331077576
-0.07816115766763687
-0.10654057562351227
-0.08236927539110184
-0.0553470179438591
0.10931161791086197
-0.028957001864910126
-0.032040491700172424
0.0757463201880455
-0.023587018251419067
0.012836597859859467
-0.09386110305786133
-0.034382887184619904
0.0910109207034111
0.026019372045993805
0.05526279658079147
0.08064187318086624
0.11129111796617508
-0.06918691098690033
-0.03800032287836075
0.014559589326381683
-0.06636150181293488
-0.10737306624650955
0.01875164359807968
-0.018561631441116333
-0.09945977479219437
0.06442136317491531
0.08078493922948837
-0.11484371870756149
0.034909479320049286
0.09974765032529831
-0.10319678485393524
-0.020421966910362244
-0.07014109194278717
-0.1050933450460434
0.08338502794504166
0.02722545713186264
-0.09565509855747223
0.09884566813707352
0.08821237832307816
0.0717565044760704
-0.07461008429527283
-0.07776980102062225
0.06142141669988632
-0.055773042142391205
-0.09407516568899155
0.12034214287996292
-0.03945557028055191
0.0881563201546669
0.05838046222925186
-0.10770238190889359
-0.04071296006441116
-0.056822508573532104
-0.10257752239704132
-0.007428199052810669
-0.08881717175245285
-0.014380507171154022
-0.038738757371902466
-0.04805997014045715
0.10395849496126175
0.10128716379404068
0.06087785214185715
-0.09790738672018051
0.03507033735513687
0.06419698148965836
-0.04998989403247833
-0.04422665387392044
0.10361219197511673
0.11872076243162155
0.11434910446405411
0.10269401222467422
-0.08776052296161652
0.11436056345701218
-0.0735030472278595
0.10202208906412125
-0.08729365468025208
0.07139239460229874
0.045969538390636444
-0.0887540653347969
-0.060133907943964005
0.030899710953235626
-0.10631081461906433
-0.11637219786643982
0.012816302478313446
0.0713571235537529
0.00523994117975235
-0.09481596946716309
0.09507667273283005
0.07533297687768936
0.11510267108678818
0.04841146618127823
-0.043140262365341187
-0.11318496614694595
0.02677024155855179
-0.016084343194961548
-0.04424092918634415
0.11183557659387589
-0.11799339950084686
-0.1144595742225647
0.00157272070646286
0.0520269051194191
-0.11991499364376068
0.03517500311136246
-0.023879647254943848
-0.062705859541893
-0.006129540503025055
0.0716310665011406
-0.024489276111125946
0.10623804479837418
0.07799214869737625
-0.018684931099414825
0.06491921097040176
0.002221636474132538
-0.0357043594121933
0.0
0.0
0.0
0.0
0.0
0.0
0.0
0.0
0.0
0.0
