-0.2337389439344406
0.021010125055909157
0.04778744652867317
0.14316900074481964
0.20949602127075195
0.046565718948841095
-0.3489936888217926
0.01663815602660179
0.17182333767414093
-0.2059689313173294
0.17030403017997742
-0.14632678031921387
-0.15107780694961548
0.0374167375266552
0.2740847170352936
0.11386063694953918
0.029378917068243027
-0.21228529512882233
0.03486115112900734
0.19882743060588837
0.14115175604820251
0.006537686102092266
0.11071096360683441
-0.07059844583272934
0.055820565670728683
0.3757140338420868
-0.025630753487348557
0.028993207961320877
0.010321274399757385
0.08693280071020126
-0.12417888641357422
-0.10048128664493561
0.10633859783411026
-0.06532248109579086
0.03336368873715401
-0.10969197005033493
0.058662381023168564
-0.08987011760473251
-0.25347429513931274
-0.07439674437046051
-0.010753843002021313
-0.04101545363664627
0.03520655632019043
0.033206965774297714
-0.2621092200279236
0.09977276623249054
0.20318745076656342
0.07950009405612946
0.09793801605701447
-0.050591543316841125
-0.05806823819875717
-0.1027158573269844
-0.1246994361281395
0.09087660908699036
0.23996888101100922
0.07796899229288101
0.08917266875505447
-0.2913578152656555
0.008070988580584526
-0.03516902029514313
0.11212877184152603
-0.07937769591808319
0.05038813129067421
-0.23912091553211212
-0.07176820933818817
0.01572316326200962
0.14387275278568268
0.017876220867037773
-0.0465531051158905
0.208357572555542
-0.09947757422924042
0.19209636747837067
-0.013878992758691311
0.041593167930841446
0.1369560807943344
0.09141672402620316
-0.006380963139235973
0.03980793058872223
0.09980028122663498
0.1258198618888855
0.10127981752157211
0.07529853284358978
0.2951314449310303
0.08462847769260406
0.14453688263893127
0.148667573928833
0.08149491250514984
0.1269960254430771
-0.0823841542005539
-0.0542483814060688
-0.16604302823543549
0.10052087903022766
-0.1376771330833435
-0.06353194266557693
-0.16556784510612488
-0.03844833001494408
0.008704294450581074
-0.15434323251247406
-0.13352979719638824
-0.036307819187641144
-0.15580610930919647
-0.21536926925182343
0.10025443136692047
-0.09036840498447418
0.15355534851551056
-0.20267100632190704
-0.26912638545036316
-0.17252729833126068
-0.12673598527908325
-0.006223425734788179
0.08405956625938416
-0.038731057196855545
0.08510132879018784
0.004318952560424805
-0.019133921712636948
0.2759467363357544
0.022060351446270943
-0.013083159923553467
-0.2749597132205963
-0.004458426497876644
-0.21915259957313538
-0.06927889585494995
0.1951046884059906
-0.31316110491752625
0.10646338015794754
0.07948517799377441
-0.20506413280963898
-0.11406931281089783
0.23687753081321716
-0.048001598566770554
-0.016179796308279037
-0.4751957952976227
-0.14024412631988525
-0.17298255860805511
0.028900811448693275
0.09550537914037704
0.23909491300582886
0.023325718939304352
-0.04096308723092079
0.03288956731557846
-0.05300065129995346
0.18115800619125366
-0.2217278629541397
0.010078596882522106
-0.0962776318192482
-0.13407377898693085
0.2257920801639557
-0.2151409536600113
0.09025316685438156
-0.3058829605579376
0.11330892145633698
-0.08400694280862808
-0.08036398142576218
-0.14286747574806213
-0.08410199731588364
0.09466268122196198
-0.11113029718399048
0.06949799507856369
-0.21968163549900055
-0.0017974039074033499
0.021355655044317245
-0.1665799915790558
0.17322029173374176
-0.0541146881878376
0.214249849319458
-0.04423743113875389
0.22364796698093414
-0.17751727998256683
0.06215040013194084
-0.014366574585437775
0.09410545229911804
0.410570353269577
0.03914567083120346
-0.08248424530029297
-0.21197238564491272
-0.14569728076457977
-0.040182046592235565
0.04231541231274605
-0.020119937136769295
-0.25347447395324707
-0.11182359606027603
-0.032569512724876404
-0.21225138008594513
0.0054904683493077755
0.11667974293231964
-0.08920474350452423
-0.2212325483560562
0.1490159034729004
0.09847962856292725
0.030366206541657448
0.28587606549263
-0.03219509497284889
-0.19063138961791992
-0.0064480300061404705
0.04815036803483963
0.026765108108520508
0.13917919993400574
0.15633511543273926
-0.1150030791759491
0.13603901863098145
-0.052466362714767456
-0.04322666674852371
-0.1732773780822754
0.09949174523353577
-0.2617112994194031
-0.05892109125852585
0.031218303367495537
0.2729775607585907
-0.002303779823705554
0.32201942801475525
-0.006765017285943031
0.0048738447949290276
-0.13660749793052673
0.015407721512019634
0.0221165232360363
-0.043587930500507355
-0.037947386503219604
0.012232620269060135
0.12150918692350388
0.04290294647216797
-0.049582745879888535
-0.10206364095211029
-0.011741116642951965
-0.13619883358478546
0.14287959039211273
0.17006514966487885
0.3731943368911743
-0.05908176302909851
-0.30886736512184143
0.1987229436635971
0.15534707903862
0.10188553482294083
0.18314112722873688
-0.09307308495044708
0.006373341660946608
0.02370435930788517
-0.20653824508190155
0.17384104430675507
0.10249850153923035
-0.026385921984910965
-0.0010567065328359604
-0.298821359872818
0.028204547241330147
-0.048835206776857376
0.2042635679244995
-0.07860621064901352
0.039821453392505646
-0.08759598433971405
0.03652000427246094
-0.09728987514972687
-0.11920156329870224
-0.025495845824480057
-0.11056135594844818
-0.20810653269290924
0.03541596978902817
-0.11787630617618561
-0.12546001374721527
-0.25071480870246887
-0.23967601358890533
-0.199412003159523
0.1380692571401596
0.03311166167259216
-0.22358408570289612
-0.24704386293888092
-0.005109095014631748
-0.04856768250465393
-0.11701815575361252
0.10254374146461487
0.028748508542776108
0.2231171578168869
0.02527427300810814
0.008845046162605286
-0.21620014309883118
-0.04705038666725159
-0.23890146613121033
0.2937936782836914
0.10346902161836624
-0.2026505023241043
-0.23163942992687225
0.1546977162361145
0.06382972002029419
0.38294777274131775
-0.14423882961273193
-0.16519811749458313
-0.17268766462802887
0.08956650644540787
-0.24308434128761292
-0.003874867921695113
0.06140851229429245
-0.2890586853027344
0.015751425176858902
-0.09672600775957108
0.02644980326294899
0.0840410366654396
-0.1270349621772766
-0.0653323382139206
0.1291116178035736
-0.21609626710414886
0.050170205533504486
-0.03197566419839859
-0.3283376097679138
0.05537343770265579
-0.23511019349098206
-0.24527110159397125
-0.07639522105455399
0.17737595736980438
-0.14968720078468323
-0.12325172871351242
0.1468493789434433
0.03822650760412216
0.016758745536208153
0.07785266637802124
-0.29000580310821533
-0.25352510809898376
-0.021488085389137268
-0.12415967136621475
-0.042558833956718445
0.006081968080252409
-0.11066891998052597
-0.008717120625078678
-0.2585645020008087
-0.03765873983502388
-0.10008477419614792
0.128043994307518
-0.020289430394768715
0.02002805843949318
0.019761884585022926
0.013082130812108517
0.016683893278241158
0.2963351905345917
0.03105432353913784
-0.13562755286693573
0.1743953675031662
0.03543104976415634
-0.10782154649496078
-0.0038533543702214956
0.06423427164554596
-0.03890259191393852
0.03916610777378082
-0.03937983140349388
0.2577974498271942
-0.0692475438117981
0.12349952757358551
-0.023963863030076027
0.08157370239496231
0.1774800717830658
-0.09433981031179428
-0.003520387690514326
0.25373151898384094
0.0007810636307112873
0.047841738909482956
0.21692298352718353
-0.15344205498695374
0.04206419736146927
-0.16619180142879486
0.026393480598926544
-0.06580015271902084
-0.08539561927318573
-0.059059374034404755
0.3707074224948883
-0.056283194571733475
-0.17197942733764648
-0.019058428704738617
-0.005025970749557018
0.09235799312591553
0.02231455221772194
-0.025049325078725815
-0.35164716839790344
-0.0207062941044569
0.33448874950408936
0.09800764918327332
0.07926765829324722
-0.06786764413118362
0.24774660170078278
-0.06723810732364655
0.09344261884689331
-0.21284928917884827
0.05662316456437111
0.024154266342520714
0.0800899937748909
0.13665053248405457
0.03484867513179779
-0.08052437007427216
-0.13094289600849152
0.03444567322731018
-0.12552569806575775
-0.11501962691545486
0.11555401235818863
-0.4981638789176941
-0.0709422305226326
-0.1894913613796234
-0.005675872787833214
-0.11412829905748367
0.13997602462768555
0.04754679650068283
0.09198058396577835
0.13598719239234924
-0.12616252899169922
-0.03747410699725151
0.24957239627838135
0.06812495738267899
0.015930036082863808
0.1379900872707367
-0.06638123840093613
0.09746978431940079
-0.057596273720264435
0.06887731701135635
0.019626250490546227
0.0714164525270462
-0.21719245612621307
0.18392278254032135
-0.16470001637935638
0.20907920598983765
-0.2429959923028946
0.07540426403284073
0.014169641770422459
0.07794428616762161
-0.10087412595748901
0.15829306840896606
0.05086064338684082
0.02633548155426979
-0.08148960769176483
-0.012150172144174576
-0.08498997241258621
0.33674028515815735
-0.006272086873650551
-0.12106822431087494
-0.1493242084980011
-0.19831357896327972
0.22975710034370422
0.12888023257255554
-0.08212458342313766
-0.21014298498630524
0.017992548644542694
-0.06877782195806503
-0.12369927763938904
-0.09635169804096222
0.0899469330906868
0.2494126409292221
-0.139629065990448
-0.0833536684513092
0.2633951008319855
0.03164614364504814
-0.35276541113853455
-0.049724869430065155
0.08419297635555267
0.01133445929735899
-0.012343588285148144
-0.11566833406686783
-0.059683073312044144
0.13135309517383575
0.09052696824073792
0.07221023738384247
0.1652476042509079
-0.04123023897409439
0.02073361724615097
0.2842012941837311
-0.05606277659535408
0.010031594894826412
-0.0033608395606279373
0.09127391129732132
-0.0005892155459150672
0.24133580923080444
0.016369981691241264
-0.055165160447359085
-0.08281349390745163
0.1355496048927307
0.03158065304160118
0.07044225931167603
-0.08163383603096008
0.01248286385089159
-0.06591808795928955
-0.12144152820110321
-0.027320267632603645
-0.12265881896018982
0.15439867973327637
0.0001649403275223449
-0.06474602967500687
0.14336903393268585
-0.014774753712117672
-0.05399375036358833
-0.01596834510564804
-0.04875533655285835
0.13301068544387817
0.08888097107410431
-0.2744119167327881
-0.23493896424770355
-0.04722578823566437
0.0451321080327034
-0.10246995836496353
0.12156566977500916
-0.153278648853302
0.41201767325401306
0.004289072472602129
-0.006319711450487375
-0.31285402178764343
-0.06862054765224457
0.034937094897031784
-0.2863290309906006
0.0779736116528511
-0.21836631000041962
0.07549472898244858
0.05601641535758972
0.06371428817510605
-0.010895305313169956
0.19219397008419037
-0.12483791261911392
-0.027494648471474648
-0.07656386494636536
-0.14146819710731506
0.2629845142364502
-0.03327672556042671
-0.032916516065597534
-0.026635412126779556
0.21218827366828918
0.06231054291129112
-0.0632670670747757
0.08822263777256012
0.007454377599060535
-0.09609781950712204
-0.034754570573568344
0.17387543618679047
0.10775013267993927
-0.18104462325572968
0.005880810786038637
0.13776957988739014
0.010502342134714127
0.22553463280200958
-0.2839205861091614
0.1152743250131607
-0.12927928566932678
0.07133308053016663
-0.013192095793783665
-0.08230908960103989
0.04027238115668297
0.12221125513315201
0.04512001946568489
-0.04012933000922203
0.26213905215263367
-0.0906619280576706
0.09030084311962128
0.18549682199954987
-0.007790524046868086
0.11379791796207428
-0.10384315252304077
0.01844506710767746
-0.06421282142400742
-0.14995406568050385
0.023280616849660873
0.16770470142364502
-0.0743621438741684
0.24845778942108154
-0.11394236981868744
-0.04511365294456482
0.0013944065431132913
0.17952823638916016
0.056072790175676346
0.36083653569221497
0.05378580838441849
0.1642514020204544
0.002397343283519149
-0.2023477852344513
-0.10952454060316086
-0.025556476786732674
-0.10192852467298508
0.11345314234495163
0.11734294146299362
0.014175361022353172
0.014901431277394295
-0.07932545244693756
0.07270457595586777
-0.013840294443070889
-0.02751855179667473
0.020842349156737328
0.008977378718554974
-0.12044479697942734
0.2788199782371521
-0.019792241975665092
0.28635355830192566
0.10104420781135559
-0.04074141010642052
-0.026923296973109245
0.05993085727095604
-0.23022249341011047
0.04246046021580696
-0.1556081771850586
0.019851304590702057
0.1664869487285614
-0.05041075497865677
-0.02958722971379757
0.18300364911556244
-0.044665493071079254
0.04844348877668381
-0.1781957745552063
0.046858180314302444
0.22268252074718475
0.029032202437520027
0.07786747068166733
0.0035362904891371727
-0.035813603550195694
-0.10912197083234787
-0.1502038836479187
0.0643816739320755
-0.1785043179988861
0.2009417712688446
-0.029124263674020767
-0.1380857527256012
-0.1379081755876541
-0.0968548059463501
-0.045257214456796646
0.028500337153673172
-0.013799563981592655
-0.12479304522275925
0.039885617792606354
-0.1051805391907692
0.030757445842027664
-0.32670390605926514
-0.22603940963745117
-0.09801607578992844
0.060826096683740616
0.21010012924671173
0.07013489305973053
-0.07654867321252823
-0.03921126946806908
-0.2687329947948456
0.1517343521118164
0.009769153781235218
-0.061846695840358734
0.11005881428718567
-0.024725595489144325
-0.1707959622144699
-0.06212785840034485
-0.011400973424315453
-0.08116339147090912
-0.07872489839792252
-0.12860901653766632
-0.18470124900341034
0.000998939503915608
-0.1801447570323944
-0.18433073163032532
0.1226031631231308
-0.17842401564121246
-0.13427132368087769
0.0105955321341753
0.1296851634979248
-0.06549178063869476
-0.004865434020757675
0.005314788315445185
0.0019739451818168163
0.12949848175048828
-0.043405476957559586
0.01341032050549984
-0.09323647618293762
0.004720477852970362
-0.2834911644458771
-0.061634063720703125
0.12719984352588654
-0.15193624794483185
-0.023560045287013054
0.09119091928005219
0.10501377284526825
-0.08099546283483505
-0.0782964825630188
-0.38843876123428345
-0.10988667607307434
-0.11299539357423782
0.059128452092409134
0.09898507595062256
0.1546512246131897
0.04761800915002823
0.10606487840414047
0.111543208360672
0.029795993119478226
0.11494130641222
0.10456598550081253
-0.020083149895071983
-0.2395794838666916
-0.24024713039398193
0.10029949247837067
-0.08311925828456879
0.03591836988925934
-0.08005538582801819
0.07736964523792267
-0.08288902789354324
0.2947581708431244
-0.028756363317370415
0.027199944481253624
0.024071473628282547
0.0035414251033216715
0.017563028261065483
0.2769522964954376
0.02539500594139099
-0.08047429472208023
0.07506000250577927
-0.0603228323161602
-0.08954108506441116
-0.045272618532180786
-0.120512455701828
0.018249519169330597
0.09043364226818085
0.10045460611581802
0.09337399899959564
-0.0926724299788475
-0.15083688497543335
0.1810552328824997
0.04143958166241646
-0.073541060090065
-0.02711627073585987
-0.1843879669904709
-0.09409317374229431
-0.010713293217122555
-0.13779379427433014
-0.0811767652630806
-0.10677770525217056
-0.1441608965396881
-0.11227723211050034
0.11667923629283905
-0.15391971170902252
0.06740971654653549
0.14214743673801422
-0.20383580029010773
0.0025415883865207434
-0.03203754499554634
0.19586960971355438
-0.17024990916252136
-0.07994084805250168
0.03406349942088127
0.11815373599529266
-0.028253603726625443
-0.00294524640776217
-0.01744682900607586
0.12254928797483444
-0.26859134435653687
-0.03089260868728161
-0.16606085002422333
0.1548006683588028
-0.1640513390302658
-0.21450188755989075
-0.055956579744815826
0.04045706242322922
-0.03391161933541298
-0.02486351504921913
0.11582829058170319
-0.1234775111079216
-0.084018774330616
-0.0875650942325592
-0.010197453200817108
0.22003380954265594
-0.04758860543370247
0.03760930895805359
0.0001092776219593361
0.11902817338705063
-0.16997520625591278
0.06153525039553642
-0.19633731245994568
-0.21270135045051575
0.025326652452349663
0.061770740896463394
0.11816224455833435
-0.043168507516384125
-0.2987147569656372
-0.11335626244544983
-0.08071591705083847
0.0956227108836174
-0.08418431133031845
0.08254537731409073
0.07351356744766235
-0.003776081372052431
-0.3238099217414856
-0.05807673558592796
0.09631044417619705
0.11913933604955673
-0.03749799728393555
-0.2767130434513092
-0.08587200194597244
-0.11563146114349365
0.21787159144878387
0.10081030428409576
0.04796316847205162
-0.08449364453554153
-0.08962728083133698
0.037425264716148376
0.05165115371346474
0.11396504938602448
-0.09677080810070038
0.22229541838169098
-0.11167719960212708
0.07169277220964432
0.23060466349124908
-0.07276558876037598
-0.13997936248779297
-0.15128928422927856
-0.19674359261989594
0.07801258563995361
-0.3374018967151642
-0.1669391393661499
0.01413967926055193
0.001356035703793168
0.24694925546646118
-0.037470493465662
-0.042610034346580505
0.18295539915561676
0.04815081134438515
-0.014895514585077763
0.38134142756462097
-0.035208214074373245
-0.051980894058942795
-0.049249887466430664
0.07896551489830017
-0.10336223244667053
-0.1858735978603363
-0.02453082986176014
-0.07174338400363922
0.14091856777668
-0.09683039784431458
0.0642331913113594
-0.17731310427188873
-0.2305288314819336
-0.11105229705572128
-0.18954502046108246
-0.10678720474243164
0.06413231790065765
0.23087291419506073
-0.24520085752010345
0.0305497944355011
0.09788437932729721
-0.01920563168823719
-0.1561700403690338
-0.028560424223542213
-0.14408694207668304
0.18245656788349152
0.17467555403709412
-0.09615299105644226
-0.19930627942085266
0.05327543616294861
0.11943177878856659
-0.20971918106079102
-0.13554319739341736
0.024244362488389015
0.0009029107168316841
0.15039585530757904
0.0023899623192846775
-0.3770289123058319
0.018276913091540337
0.22109712660312653
0.14592377841472626
0.15712031722068787
0.12937603890895844
0.02887713722884655
0.18776647746562958
-0.17699488997459412
0.005426578223705292
0.05049290508031845
0.028388746082782745
0.08397991955280304
0.30830758810043335
0.008073393255472183
0.006210981402546167
-0.031069880351424217
0.0017784576630219817
-0.001721694367006421
0.44717922806739807
0.01510282140225172
-0.1126910075545311
0.32079026103019714
-0.02061263471841812
-0.1428401619195938
-0.008362260647118092
-0.1572667509317398
-0.10997791588306427
0.05897587910294533
0.13842831552028656
0.047375477850437164
0.07470835745334625
0.21672818064689636
-0.052848026156425476
-0.06060633808374405
-0.326125830411911
-0.11741028726100922
0.08720897138118744
0.20059320330619812
0.0715707466006279
-0.02687102183699608
0.08008141815662384
-0.13290245831012726
0.1159893274307251
-0.10188166797161102
-0.06723026931285858
0.12075353413820267
-0.07467266917228699
-0.13909408450126648
-0.2194376438856125
-0.11415709555149078
0.028928017243742943
0.18104888498783112
0.013431102968752384
0.1669972538948059
-0.20251116156578064
0.00991800706833601
0.05967511981725693
0.003462959546595812
0.04742591083049774
-0.0710597112774849
-0.22095400094985962
0.010642586275935173
0.2846333384513855
-0.1977246254682541
0.03360986337065697
-0.19404475390911102
0.05610175058245659
-0.11791414022445679
0.2796515226364136
0.2218131721019745
-0.014221549034118652
-0.0016748546622693539
-0.1784563809633255
0.004907268565148115
0.010858366265892982
0.1911872923374176
0.003278830088675022
0.036871280521154404
0.47476473450660706
0.02985481359064579
-0.025456959381699562
-0.12881134450435638
0.09764054417610168
-0.04094277694821358
0.1981176733970642
-0.14527563750743866
-0.1320602148771286
-0.0833447203040123
-0.1697404682636261
0.1334036886692047
-0.06091231107711792
-0.14662058651447296
0.15988944470882416
0.10614697635173798
0.0022012628614902496
0.16776174306869507
-0.28105437755584717
0.1957474797964096
-0.04547935724258423
-0.23979689180850983
0.021606143563985825
-0.1912742555141449
-0.13417863845825195
-0.09938126802444458
-0.16470390558242798
0.19331564009189606
0.09335756301879883
-0.27786919474601746
0.018975941464304924
-0.04618234187364578
-0.0818413570523262
0.0507817268371582
0.08679640293121338
0.1857902854681015
-0.07912476360797882
-0.30386272072792053
-0.3636622130870819
-0.048251550644636154
0.06635139137506485
0.05681074038147926
0.037259574979543686
-0.033377353101968765
-0.18067088723182678
0.12287626415491104
-0.2189277708530426
-0.06393913179636002
-0.2940240204334259
0.16837018728256226
-0.1135590523481369
0.10126060247421265
0.2447345107793808
0.028480639681220055
0.029344970360398293
-0.016206689178943634
0.09203507751226425
-0.06331562250852585
0.03582501411437988
-0.05374131351709366
0.21062718331813812
-0.1467481404542923
0.10422872006893158
-0.10207825154066086
-0.19075986742973328
0.07500620186328888
-0.024683283641934395
-0.24432988464832306
-0.11866024881601334
0.08942011743783951
-0.18732008337974548
0.19584321975708008
0.18792343139648438
0.04072868824005127
-0.037681400775909424
0.027936583384871483
-0.02029592916369438
-0.2350543588399887
-0.009514502249658108
-0.1934710144996643
0.04653051123023033
0.06345485150814056
-0.05938253551721573
0.11818718165159225
-0.13993659615516663
-0.023761320859193802
0.005617979913949966
-0.02556307055056095
-0.11267800629138947
0.10664217174053192
0.01361816842108965
-0.08396764099597931
0.22104007005691528
0.001833002781495452
0.024776404723525047
0.14216051995754242
0.014624078758060932
-0.005983665585517883
-0.08787981420755386
0.013446076773107052
-0.19098201394081116
0.1962290108203888
-0.16921254992485046
0.35060974955558777
-0.04372229054570198
-0.02883707731962204
0.169870987534523
0.046502359211444855
0.1415950208902359
0.11142788827419281
0.04590243101119995
-0.31889665126800537
0.04330575838685036
-0.008784081786870956
0.07806166261434555
-0.11809392273426056
-0.01495185773819685
0.24517540633678436
-0.054991088807582855
0.24751517176628113
0.15253029763698578
-0.039040837436914444
-0.1210663691163063
0.10096756368875504
0.04712625592947006
-0.031795933842659
0.0036580897867679596
-0.11767086386680603
-0.05737464874982834
0.022526897490024567
-0.2933867573738098
-0.012620609253644943
0.15655145049095154
-0.011649861931800842
0.06034420058131218
0.02401386946439743
-0.031633954495191574
0.17269079387187958
0.21519362926483154
-0.18585622310638428
0.14428959786891937
-0.3057897686958313
-0.0894104465842247
0.08516980707645416
-0.014335728250443935
0.042415801435709
-0.10470333695411682
-0.00937497615814209
-0.12255994975566864
0.2141757756471634
0.20037634670734406
-0.07983178645372391
0.22512316703796387
0.00431877002120018
-0.14696058630943298
0.09999175369739532
-0.11094354093074799
0.056947171688079834
-0.11701273173093796
-0.16872285306453705
0.2790919542312622
0.16785073280334473
0.09625091403722763
-0.03213270753622055
0.16428987681865692
-0.08190887421369553
0.03691559657454491
-0.11992736160755157
-0.12371259182691574
0.10079991072416306
-0.2556687295436859
-0.11209328472614288
0.18164561688899994
-0.12059856951236725
-0.2369546890258789
0.0783233493566513
-0.21904480457305908
0.0863516628742218
0.165837824344635
-0.05483860522508621
-0.08716410398483276
-0.10154907405376434
-0.29520881175994873
0.11854277551174164
0.10232515633106232
-0.3168882131576538
0.01809748262166977
-0.2305295169353485
-0.04448710381984711
-0.13449549674987793
-0.07486025989055634
-0.05431916564702988
-0.05991731956601143
0.03554179146885872
0.0696934387087822
0.05035233497619629
0.12329951673746109
0.07006492465734482
-0.16527234017848969
0.0348321795463562
-0.11931687593460083
0.36063042283058167
-0.036057814955711365
-0.14862361550331116
-0.18965984880924225
0.00516924075782299
-0.2953304648399353
-0.0062518659979105
-0.005069717299193144
-0.22040270268917084
0.019218966364860535
0.17225399613380432
0.04602719843387604
-0.02662702463567257
0.06560594588518143
-0.0008593309321440756
-0.09969595074653625
-0.008016444742679596
0.09415443241596222
0.14091520011425018
-0.02823479101061821
0.011960001662373543
0.03261847048997879
0.06688569486141205
0.049121882766485214
0.12238761782646179
-0.05525914579629898
0.012252166867256165
0.05649371072649956
0.04862726107239723
0.12064040452241898
-0.27348658442497253
0.050901345908641815
-0.20587517321109772
-0.07703736424446106
0.07461197674274445
-0.1788339465856552
-0.14103935658931732
-0.3235451877117157
0.12762141227722168
0.08476636558771133
-0.10791224241256714
-0.07470078766345978
0.061915136873722076
0.11754316091537476
0.026312725618481636
-0.04783698543906212
0.004351590760052204
-0.22502771019935608
-0.20930862426757812
-0.005083216819912195
0.019987091422080994
-0.012562316842377186
0.07535102218389511
0.052072662860155106
-0.010434441268444061
-0.12400683760643005
-0.14671690762043
-0.32857513427734375
-0.0085441954433918
-0.14846709370613098
-0.0010876356391236186
0.06213008984923363
-0.21984678506851196
-0.0774587094783783
-0.08047798275947571
-0.2962113320827484
0.09505721181631088
0.11908401548862457
0.09770923852920532
-0.034117862582206726
0.22148174047470093
0.07500430941581726
-0.16920322179794312
-0.066780224442482
0.023054195567965508
0.1152697280049324
-0.12726539373397827
-0.09113860875368118
-0.08942124247550964
0.05607800558209419
-0.0757615938782692
0.0005742884241044521
-0.0438682921230793
-0.13931436836719513
0.3278924822807312
0.018640592694282532
-0.19371859729290009
-0.2182888388633728
-0.05227780342102051
-0.08335353434085846
0.31263670325279236
-0.2539766728878021
0.06914803385734558
-0.016452012583613396
-0.15388906002044678
0.3943333029747009
-0.03178073838353157
0.08846188336610794
0.2914777100086212
0.05393499881029129
0.036511603742837906
-0.023851992562413216
-0.1266014724969864
-0.14860670268535614
0.07900124788284302
-0.12327326089143753
-0.14580582082271576
0.14595694839954376
0.11585733294487
-0.2637031674385071
0.0006731848698109388
-0.11366669088602066
-0.17908090353012085
-0.25637584924697876
-0.12996816635131836
-0.1492280215024948
-0.15244309604167938
0.1257389634847641
0.004627998452633619
-0.12799985706806183
0.06950586289167404
-0.10309701412916183
0.12780234217643738
-0.026311706751585007
-0.11833976954221725
0.20667976140975952
-0.11272086948156357
0.03654354065656662
0.12619443237781525
-0.012488558888435364
0.07659304887056351
0.09487549215555191
-0.1851893961429596
0.01278530154377222
-0.20584438741207123
0.24348649382591248
0.029426224529743195
-0.09867800027132034
0.2280794084072113
-0.1809997856616974
0.023174580186605453
-0.11495800316333771
-0.167462557554245
-0.13921958208084106
0.059447575360536575
0.027774909511208534
-0.2539729177951813
0.06733360886573792
-0.10968486964702606
0.17592158913612366
-0.14080460369586945
-0.13208483159542084
0.048134732991456985
-0.20801998674869537
0.1285221427679062
0.06898614764213562
-0.04598597064614296
0.18740496039390564
0.027188191190361977
0.06593389809131622
-0.020397232845425606
-0.19310544431209564
0.0604233555495739
-0.20476971566677094
-0.2072959840297699
-0.046576205641031265
-0.08213990181684494
0.10705606639385223
0.09947159141302109
-0.03222498670220375
-0.13409370183944702
-0.17308366298675537
0.03624982386827469
-0.24438601732254028
0.10269047319889069
-0.21835944056510925
-0.10916765034198761
0.008854396641254425
-0.08599291741847992
-0.17994822561740875
0.08286401629447937
0.18023718893527985
-0.05438041687011719
-0.038721807301044464
-0.07778149098157883
0.01135703269392252
-0.139192596077919
0.03873635083436966
0.04556068405508995
0.13142327964305878
0.04120245948433876
0.061405621469020844
-0.014764963649213314
-0.03983648493885994
-0.03011825494468212
0.2981432378292084
-0.11046569794416428
-0.09989795833826065
0.015421692281961441
-0.18825268745422363
-0.22941136360168457
0.0666748583316803
0.09570246189832687
0.0708327665925026
0.11378198862075806
-0.139155313372612
0.14838749170303345
-0.07936514168977737
-0.07191643863916397
0.13598230481147766
0.10549764335155487
-0.03966965153813362
0.17311076819896698
-0.053252704441547394
-0.09738897532224655
0.14533790946006775
0.07044973224401474
-0.04683493822813034
-0.13028694689273834
-0.16844874620437622
-0.011184150353074074
-0.017602046951651573
-0.07714544981718063
-0.1351817399263382
-0.24777165055274963
-0.002488725818693638
0.06362082809209824
-0.09467920660972595
-0.04818875342607498
-0.05872180685400963
0.29885339736938477
-0.013465973548591137
0.03415890783071518
0.392059862613678
-0.0906827449798584
-0.09013082832098007
-0.0042943493463099
-0.1457844376564026
-0.1037147268652916
-0.1723720282316208
0.14154168963432312
-0.21909910440444946
0.15468087792396545
0.10924004018306732
0.14885985851287842
-0.11280956119298935
-0.2161523401737213
-0.32472050189971924
-0.029117241501808167
0.010628372430801392
0.25203803181648254
-0.044456325471401215
-0.17656469345092773
-0.05269970744848251
0.23209494352340698
-0.22867350280284882
-0.04337570071220398
0.019309822469949722
-0.05409759655594826
-0.19797800481319427
0.24281416833400726
-0.008582349866628647
0.14327041804790497
0.030515126883983612
0.037244897335767746
0.27269408106803894
-0.09442178905010223
-0.0004732991801574826
0.02665814943611622
0.11781950294971466
0.02825712226331234
0.3457737863063812
-0.011614597402513027
-0.1584877371788025
0.10612697154283524
-0.13696490228176117
0.15992699563503265
-0.24939559400081635
0.14734326303005219
0.025078898295760155
0.02710483968257904
-0.0031515939626842737
0.2466920167207718
-0.07632243633270264
-0.18627674877643585
-0.09172076731920242
-0.02897026762366295
-0.09623032808303833
0.03211214020848274
-0.04898638278245926
0.24069102108478546
0.03470895066857338
0.07048752158880234
0.24138900637626648
0.19093896448612213
-0.265429824590683
-0.21546317636966705
-0.004549029748886824
0.07142088562250137
0.12608912587165833
-0.09474062919616699
-0.2714378833770752
-0.06591521203517914
-0.09426005184650421
-0.014325839467346668
-0.13498902320861816
0.10242688655853271
-0.015550737269222736
-0.0003240497026126832
0.33221420645713806
0.14714936912059784
0.012519595213234425
0.013535749167203903
0.006849429104477167
-0.15232840180397034
-0.13909421861171722
0.16022057831287384
-0.039494361728429794
0.03944661468267441
-0.07850635051727295
0.28885650634765625
-0.04640648141503334
0.20144745707511902
0.10969570279121399
-0.07283199578523636
0.09362827986478806
-0.11050818115472794
-0.06640510261058807
-0.05128084123134613
0.04218688979744911
-0.2068764716386795
-0.206390380859375
0.09103225916624069
0.023492174223065376
-0.13120289146900177
-0.12185771018266678
-0.06997545808553696
0.08426634967327118
0.020604804158210754
-0.18283671140670776
-0.1707095056772232
0.02580987475812435
0.05504021793603897
-0.023931309580802917
-0.14071594178676605
0.44007426500320435
-0.05591929331421852
-0.14260035753250122
-0.018901163712143898
-0.00336537417024374
-0.019314538687467575
-0.09349513798952103
0.15517957508563995
-0.16479136049747467
0.13901163637638092
0.24269816279411316
-0.1975136250257492
0.03670039400458336
-0.2579229176044464
-0.08319596201181412
-0.13595791161060333
-0.26799407601356506
-0.046669717878103256
-0.04092312231659889
0.11545521765947342
-0.06869366019964218
-0.15928642451763153
0.06723630428314209
-0.022899430245161057
0.12608984112739563
-0.02881714701652527
0.0885503888130188
-0.1665099859237671
-0.07921303063631058
0.023950278759002686
0.024233320727944374
0.16722488403320312
0.16707348823547363
0.05310146138072014
0.043660618364810944
-0.022428030148148537
0.05644332244992256
0.07698845118284225
0.09226619452238083
-0.03969613090157509
0.36493295431137085
-0.015654418617486954
0.0020768833346664906
-0.012698234990239143
0.12669245898723602
-0.17490485310554504
-0.04198894277215004
-0.04532158002257347
-0.21326619386672974
0.023507239297032356
0.07323389500379562
0.11986877024173737
-0.06646066904067993
0.07732674479484558
0.0157049261033535
-0.012568769045174122
-0.01914840005338192
0.01755162701010704
0.051517367362976074
-0.15548966825008392
-0.10979816317558289
-0.02832021191716194
-0.04121053218841553
-0.06948558241128922
0.01979839615523815
0.041733529418706894
-0.12622451782226562
-0.19577300548553467
0.04190901666879654
-0.1294824779033661
0.08763337880373001
-0.09265918284654617
-0.19934527575969696
-0.0015943186590448022
0.0395168773829937
0.11266785115003586
0.026499878615140915
0.0006823728326708078
0.4270436465740204
0.04065989330410957
0.19719403982162476
-0.1952950805425644
-0.1174144297838211
-0.09990724176168442
0.1677279770374298
-0.24113304913043976
-0.00019369315123185515
-0.10771670937538147
-0.15065328776836395
-0.24440962076187134
-0.04431774839758873
-0.23788876831531525
-0.20178399980068207
-0.04347468912601471
0.12176618725061417
0.1920081526041031
-0.032703302800655365
-0.25829967856407166
-0.07850421220064163
-0.08993514627218246
0.0393623411655426
-0.143211230635643
-0.017249614000320435
0.2398516684770584
0.15030406415462494
-0.0660025104880333
-0.16646015644073486
0.1874241828918457
0.013445474207401276
0.2240198403596878
0.02825840376317501
-0.006962291430681944
0.020618874579668045
0.08742324262857437
0.0862373560667038
-0.07743604481220245
-0.128673255443573
0.10375581681728363
0.011746658943593502
-0.049164772033691406
-0.175697922706604
-0.14457546174526215
-0.18702273070812225
-0.1509719043970108
0.17471858859062195
0.06337030977010727
0.0525154210627079
-0.2338518649339676
-0.11860357969999313
-0.22794491052627563
0.023134248331189156
0.206842839717865
-0.08917314559221268
-0.06371248513460159
0.23704105615615845
-0.1729743778705597
-0.07360410690307617
-0.1421114206314087
0.10753073543310165
0.053474050015211105
-0.30223551392555237
0.09683790802955627
-0.2425919771194458
-0.05078062415122986
-0.19576536118984222
-0.2566986083984375
-0.038819678127765656
0.04137425869703293
-0.2783537805080414
-3.5768054658547044e-05
-0.022743932902812958
0.35371220111846924
-0.054816849529743195
0.0060926093719899654
0.13147342205047607
0.02730567567050457
0.18566446006298065
-0.2063349336385727
-0.12258849292993546
0.08519311994314194
0.004159796983003616
-0.1223759725689888
-0.16018570959568024
0.0657331570982933
-0.2408008724451065
-0.2090202420949936
-0.11314158886671066
0.23427017033100128
-0.02779919095337391
-0.010173018090426922
-0.029740404337644577
0.024417029693722725
0.06103694438934326
-0.06143242120742798
-0.029531965032219887
0.06493117660284042
0.10278481990098953
0.08592357486486435
-0.01713736541569233
0.09659510850906372
-0.03796107694506645
-0.1862758845090866
-0.1785876452922821
-0.20496514439582825
0.3708251416683197
0.20793834328651428
0.22130316495895386
-0.02605789341032505
-0.07650885730981827
0.130857452750206
0.06302127987146378
-0.04884396865963936
-0.05299176648259163
0.003756066085770726
-0.05304032191634178
-0.16325372457504272
-0.029056690633296967
0.09304933249950409
0.055382706224918365
-0.16841116547584534
-0.1983066201210022
-0.1044895276427269
0.10859350860118866
0.22275403141975403
0.021956518292427063
-0.03765400871634483
-0.061363231390714645
0.08029519766569138
0.1465209573507309
-0.10597050189971924
-0.19557352364063263
0.04501136764883995
-0.18988122045993805
-0.3383212983608246
-0.08160260319709778
-0.16051740944385529
-0.24229229986667633
-0.03996558114886284
-0.31176483631134033
0.0057922848500311375
0.13091997802257538
-0.2678053379058838
0.2419075071811676
0.210863396525383
-0.13377690315246582
0.1436099410057068
-0.036861881613731384
-0.03905690833926201
0.232565239071846
0.049250416457653046
-0.267153263092041
-0.004885558970272541
0.10271219909191132
0.057919297367334366
0.07879463583230972
0.1988224983215332
0.21071676909923553
-0.058062825351953506
0.049807772040367126
-0.002190189203247428
-0.20672713220119476
-0.12682285904884338
0.04699366167187691
-0.0659773126244545
-0.32641345262527466
-0.038377545773983
-0.17817747592926025
0.36704307794570923
-0.059575118124485016
0.15735450387001038
-0.07411810755729675
-0.16863399744033813
-0.013722456060349941
-0.09865564107894897
-0.13108670711517334
0.08426202833652496
0.05568365752696991
-0.14041775465011597
0.07067834585905075
0.06400442868471146
-0.10184808075428009
-0.10407930612564087
0.3587900400161743
0.1595434993505478
0.0076663922518491745
0.14723087847232819
-0.16075238585472107
-0.016202742233872414
0.07314067333936691
-0.024325372651219368
0.16089212894439697
-0.0250275619328022
0.10715176910161972
-0.02550850808620453
-0.17552532255649567
0.01372468564659357
-0.12687639892101288
-0.0324581116437912
0.04520220309495926
0.05383768305182457
-0.12912851572036743
-0.07682247459888458
0.20478519797325134
0.020895197987556458
0.008468057960271835
-0.25237658619880676
-0.11026141047477722
-0.019091295078396797
0.04013017192482948
-0.18659339845180511
-0.10585286468267441
-0.23923727869987488
-0.12343856692314148
0.06516451388597488
-0.17479054629802704
0.09869889914989471
0.022468233481049538
-0.058467213064432144
0.03886798024177551
-0.017866505309939384
-0.27978652715682983
-0.13570712506771088
0.10731009393930435
-0.07040544599294662
-0.026317792013287544
0.09116730839014053
-0.21251407265663147
-0.07674724608659744
0.11687052994966507
0.11078932136297226
0.015298278070986271
-0.12062795460224152
0.0916624516248703
-0.02914321981370449
-0.12193164229393005
0.1634131819009781
0.13809794187545776
-0.038249723613262177
0.13475863635540009
-0.15420001745224
0.23690414428710938
0.002263455418869853
-0.10665629804134369
-0.20897573232650757
-0.011412478052079678
-0.24888555705547333
-0.028758680447936058
0.040178634226322174
0.13361917436122894
0.010647152550518513
-0.1005895659327507
0.2565366327762604
0.14406563341617584
0.04910149425268173
-0.16547437012195587
0.17682909965515137
0.06426458805799484
0.17908495664596558
-0.09498345106840134
-0.012298664078116417
-0.18022772669792175
0.08863455802202225
-0.004750074818730354
0.07016704231500626
-0.06735826283693314
-0.11827635765075684
-0.5322309732437134
0.24196457862854004
-0.1293053776025772
-0.16524285078048706
0.040080104023218155
-0.1839989870786667
-0.05095337703824043
-0.1187596321105957
-0.18860581517219543
0.09712448716163635
0.14200514554977417
-0.1502256840467453
-0.28788718581199646
-0.061188697814941406
-0.042979463934898376
-0.12603239715099335
-0.09938293695449829
-0.1796186864376068
0.021154412999749184
0.11759898066520691
0.06229652836918831
-0.07495709508657455
-0.05801430717110634
0.10781656950712204
0.15941056609153748
0.27070870995521545
-0.040765222162008286
-0.1629714071750641
-0.18532457947731018
0.17259261012077332
-0.14607256650924683
-0.18082000315189362
0.005400856491178274
-0.10521773993968964
-0.044128622859716415
-0.018833283334970474
0.01016443595290184
0.005110448691993952
-0.19073441624641418
0.20185238122940063
0.21272799372673035
0.15251979231834412
-0.21705754101276398
-0.1853351891040802
0.1571260243654251
0.23437215387821198
-0.15832948684692383
-0.16129034757614136
-0.19070737063884735
-0.019559146836400032
0.0056789894588291645
0.21663327515125275
0.008034655824303627
-0.019735896959900856
0.20534628629684448
0.15055136382579803
0.14121298491954803
-0.04943225160241127
0.14700919389724731
0.10231076925992966
-0.028201282024383545
-0.275206595659256
-0.027229050174355507
-0.2389233261346817
0.02120082452893257
-0.16416175663471222
0.047781940549612045
-0.015067148953676224
-0.01874358020722866
0.0756899043917656
-0.11254368722438812
0.08993742614984512
0.03223750367760658
-0.04804663732647896
-0.28581729531288147
0.20298832654953003
-0.07081680744886398
-0.028748324140906334
0.033435724675655365
0.08489619940519333
0.09925560653209686
0.05134733393788338
0.09093553572893143
-0.14313210546970367
-0.25945791602134705
-0.10950053483247757
0.033196788281202316
-0.11418206244707108
0.21387799084186554
0.05489014834165573
-0.3173263370990753
-0.22981183230876923
0.02086959034204483
0.20878127217292786
0.07602810114622116
-0.17676374316215515
0.1073218286037445
-0.2721228301525116
-0.1196432039141655
0.12347084283828735
0.03420788049697876
-0.004902753978967667
0.12861008942127228
0.04134908318519592
-0.0576859749853611
-0.01060168631374836
-0.21460846066474915
0.11678200960159302
0.12302777171134949
-0.10837372392416
-0.1717434525489807
0.03298472240567207
-0.2694013714790344
-0.19424967467784882
-0.0379025936126709
-0.07925020903348923
-0.13751435279846191
-0.02894960530102253
-0.2377220094203949
0.10104633867740631
-0.010879507288336754
-0.05508256331086159
-0.03960851579904556
0.04738414287567139
4.400646866997704e-05
-0.20352233946323395
-0.19074177742004395
0.12240276485681534
0.0968080386519432
-0.2558353841304779
0.06499937176704407
-0.19509705901145935
0.09776299446821213
0.18262845277786255
0.03404506295919418
-0.07560894638299942
-0.14085936546325684
0.1115635484457016
0.056964654475450516
0.15406109392642975
-0.1134425550699234
-0.16975510120391846
-0.17768283188343048
-0.032576244324445724
0.16586437821388245
0.13318262994289398
0.022949546575546265
0.011787807568907738
-0.14188770949840546
0.028460336849093437
0.33744484186172485
-0.013069995678961277
-0.20093870162963867
0.06746979057788849
0.05316399410367012
0.14113715291023254
-0.036353349685668945
-0.012596642598509789
0.039127167314291
0.16381406784057617
-0.16416729986667633
-0.05237317830324173
-0.09283790737390518
-0.12560996413230896
0.0011241597821936011
0.021279102191329002
0.11952836066484451
-0.16506458818912506
0.06118614599108696
-0.2402326762676239
0.11176074296236038
0.0475306510925293
0.16125626862049103
0.07850351929664612
-0.19759564101696014
-0.045572537928819656
0.0840611457824707
0.049712955951690674
-0.06377626955509186
0.14540696144104004
0.09410186111927032
0.016099169850349426
-0.20691360533237457
-0.22231824696063995
-0.020217878744006157
-0.01771453395485878
-0.21985766291618347
-0.09514648467302322
-0.0034459871239960194
0.009999372996389866
0.07013951241970062
-0.2074337750673294
-0.139387309551239
-0.027373336255550385
0.08149901032447815
-0.04896027222275734
-0.2020995318889618
-0.1935102492570877
-0.11789366602897644
-0.15546640753746033
0.039605747908353806
-0.23978964984416962
-0.12613685429096222
-0.11942693591117859
-0.08805394172668457
0.0075859734788537025
-0.04121146351099014
-0.11910351365804672
0.1330728381872177
-0.3084632158279419
-0.0774698331952095
-0.16484889388084412
-0.11957909166812897
0.19191808998584747
0.10996042191982269
0.013148630037903786
0.10963361710309982
-0.14023347198963165
0.06171582639217377
0.11456267535686493
0.11709274351596832
0.03448401391506195
-0.007649710867553949
-0.014669899828732014
-0.00880102626979351
-0.0025635859929025173
0.2965242564678192
0.006588481366634369
0.3450019657611847
0.003456723876297474
0.06445469707250595
0.028941558673977852
0.0983714610338211
-0.296750009059906
-0.0906314104795456
-0.21204233169555664
-0.18762607872486115
0.10631642490625381
-0.06772852689027786
-0.0598851703107357
0.24331244826316833
0.04055732116103172
-0.06468167901039124
0.24315926432609558
0.07224336266517639
-0.259291410446167
0.07735823094844818
0.09145904332399368
0.097149558365345
-0.03942054137587547
-0.056311797350645065
0.040500760078430176
-0.053131431341171265
0.13612093031406403
-0.01751762256026268
0.18930625915527344
0.05126357823610306
0.12459696829319
-0.031603891402482986
-0.012489012442529202
-0.019094008952379227
0.07204415649175644
0.009757420979440212
-0.023411637172102928
0.03229069709777832
0.012311249040067196
0.209181010723114
0.29921573400497437
0.21524463593959808
-0.11829367280006409
-0.1813962161540985
0.12448907643556595
-0.2839926779270172
0.19181649386882782
-0.20355108380317688
0.015578961931169033
-0.16454948484897614
-0.15948139131069183
0.18323001265525818
0.10029564797878265
0.12378904223442078
0.2079961597919464
-0.06474392116069794
-0.2590366005897522
-0.0475979745388031
-0.065265953540802
0.13054974377155304
-0.019915038719773293
-0.1022898480296135
0.03624343127012253
0.07411789894104004
-0.06097804754972458
0.14332036674022675
0.1746978610754013
0.06932291388511658
0.12732210755348206
0.1810828149318695
-0.260280579328537
0.050875358283519745
-0.06536585837602615
-0.1139770969748497
0.012010598555207253
0.10772852599620819
0.13372372090816498
0.027020832523703575
0.024927552789449692
0.07326348125934601
0.1821962594985962
-0.2560638189315796
-0.18571969866752625
0.053347330540418625
-0.1803770512342453
-0.0825812965631485
-0.2833307981491089
-0.22690381109714508
0.3848770260810852
0.02256534807384014
-0.04552467539906502
-0.18391405045986176
-0.016541525721549988
0.0005745474481955171
0.02492471970617771
-0.048441752791404724
-0.18329860270023346
0.36829397082328796
0.05474673956632614
-0.16207455098628998
-0.2596666216850281
0.10933636128902435
-0.03603770583868027
0.16315777599811554
-0.019295141100883484
0.3874513506889343
0.048932306468486786
-0.35013243556022644
0.07692783325910568
0.03908562287688255
0.1681005358695984
-0.13452158868312836
0.020881110802292824
-0.06310951709747314
0.07208753377199173
-0.022355876863002777
0.1365393102169037
-0.14284221827983856
-0.043796464800834656
0.19708387553691864
0.07717423141002655
0.20271465182304382
0.10977920144796371
0.09728782624006271
-0.0963132232427597
0.15896295011043549
0.27863940596580505
-0.13668541610240936
0.06723818182945251
-0.24115656316280365
0.06239733099937439
-0.010247403755784035
-0.15848413109779358
-0.1656513810157776
-0.1427832394838333
-0.1282029151916504
0.21973028779029846
0.07948140799999237
-0.1254887580871582
0.06403385102748871
-0.20326511561870575
-0.19285251200199127
0.03215215355157852
0.3098956346511841
0.015262678265571594
0.16346044838428497
-0.24283193051815033
0.012579566799104214
-0.2898225486278534
0.05093178525567055
-0.027384938672184944
0.04306381195783615
0.04573579132556915
0.06432604789733887
-0.16836407780647278
-0.006539537571370602
0.06927219778299332
-0.10204664617776871
-0.035795457661151886
0.03199372440576553
0.023726290091872215
-0.1978273242712021
-0.09045680612325668
-0.1864369511604309
-0.15132984519004822
0.158161461353302
0.05105987936258316
-0.22090822458267212
-0.11054541170597076
0.1208576187491417
-0.2090674787759781
-0.025013111531734467
-0.0171075239777565
-0.10315210372209549
-0.03554348647594452
0.03506338968873024
-0.10022052377462387
-0.09602176398038864
-0.23718048632144928
0.06704788655042648
-0.15995757281780243
-0.18515130877494812
-0.03899357095360756
0.3479548394680023
0.054133206605911255
0.003590900683775544
0.08013272285461426
-0.05942131206393242
-0.03492584452033043
0.27326738834381104
0.018623892217874527
0.021591046825051308
0.027917109429836273
0.1387811154127121
0.008134612813591957
-0.16409216821193695
0.11620798707008362
-0.18820816278457642
-0.12962397933006287
0.002962568076327443
0.048843126744031906
-0.12846504151821136
-0.19583828747272491
0.0060119652189314365
0.03591097518801689
-0.08617471158504486
0.00944953691214323
0.047276321798563004
0.4776364266872406
0.008418231271207333
-0.1480264663696289
0.15273241698741913
-0.13891631364822388
-0.152519091963768
0.00029256337438710034
0.11954445391893387
0.05928301438689232
0.21251444518566132
0.017064237967133522
-0.2581455111503601
-0.0863223746418953
-0.25357556343078613
0.1876780092716217
-0.09020643681287766
-0.13176149129867554
-0.21697819232940674
-0.1075713261961937
0.17833158373832703
-0.051649995148181915
-0.10140713304281235
0.2989286482334137
-0.13152679800987244
-0.12535066902637482
-0.07948700338602066
0.1972370743751526
0.011075540445744991
0.045683808624744415
-0.04290858283638954
-0.2776953876018524
0.00698484480381012
0.16759233176708221
-0.058416400104761124
-0.047564029693603516
-0.10983796417713165
-0.11925200372934341
-0.05466964840888977
-0.12337230145931244
0.06191876903176308
0.028893588110804558
-0.24120859801769257
-0.08183739334344864
0.04760158061981201
0.007861792109906673
0.14592653512954712
0.20308279991149902
-0.03182626888155937
-0.2194814532995224
-0.3609299063682556
-0.14757244288921356
-0.26381486654281616
0.09980083256959915
0.11449651420116425
0.08003728836774826
0.1452581286430359
0.04503268003463745
-0.09689883142709732
-0.003275299910455942
-0.05758224055171013
0.19495947659015656
-0.15000082552433014
-0.11205240339040756
0.2607851028442383
0.07258564233779907
0.1792140007019043
0.0942419096827507
-0.11967241019010544
0.2082679122686386
0.20932431519031525
0.11914967745542526
-0.007821119390428066
-0.013233345933258533
0.09527567774057388
0.006623956840485334
-0.01681447960436344
-0.27284500002861023
-0.005597088485956192
0.28627073764801025
-0.10420823842287064
-0.04215690493583679
-0.05209169164299965
-0.28085753321647644
0.21733061969280243
-0.27630415558815
0.2043527066707611
-0.22451041638851166
0.12115806341171265
-0.23978108167648315
0.1759086400270462
0.2735239863395691
-0.0030855033546686172
-0.06301488727331161
0.22163903713226318
-0.029006410390138626
0.007730702869594097
0.045805905014276505
-0.08985955268144608
-0.15626497566699982
0.1442137360572815
-0.02971682697534561
-0.3378344774246216
0.09045055508613586
0.188211128115654
-0.16717404127120972
-0.036487359553575516
-0.18086732923984528
-0.38114142417907715
0.03829700127243996
-0.03729298338294029
0.07578843086957932
0.0611458420753479
0.08567176014184952
0.17821906507015228
0.04807732626795769
0.1142544224858284
0.0875806137919426
0.13922537863254547
-0.049278732389211655
-0.2594071328639984
-0.09198945760726929
0.12936833500862122
-0.12451347708702087
0.07366874068975449
-0.17126567661762238
0.11172396689653397
-0.18069742619991302
0.03284231573343277
-0.05449739098548889
0.01726229302585125
-0.07512857764959335
-0.11430427432060242
0.14451473951339722
-0.10958931595087051
0.10796082019805908
-0.03145245835185051
0.17514687776565552
-0.187764510512352
-0.03858613967895508
-0.10847683250904083
0.07837512344121933
-0.05652196705341339
-0.04472973942756653
0.0460815466940403
-0.2939046323299408
-0.05414667725563049
-0.026796801015734673
0.24222257733345032
0.006021788343787193
0.10030383616685867
0.07613229751586914
0.008821106515824795
-0.19394011795520782
-0.0011580215068534017
0.21000690758228302
-0.13834355771541595
-0.10381845384836197
-0.11890041828155518
0.03083048388361931
-0.1142980232834816
0.1009967103600502
-0.03477424010634422
0.12316469103097916
-0.30047595500946045
-0.10042345523834229
-0.09349090605974197
0.0014950011391192675
0.11534329503774643
0.05872748792171478
0.13583485782146454
-0.021939590573310852
-0.11555632948875427
-0.15219159424304962
-0.2380063682794571
-0.16908854246139526
-0.1718921661376953
-0.0007038758485578001
-0.0013655341463163495
0.15018200874328613
0.06214364990592003
-0.03056652657687664
-0.3095628619194031
0.16698265075683594
0.020412087440490723
0.1362306922674179
0.009705394506454468
-0.0721869021654129
-0.10399443656206131
-0.11638081073760986
-0.03682168573141098
-0.08812254667282104
-0.09583893418312073
0.09316480159759521
0.002985842525959015
0.04973358288407326
0.037087682634592056
0.23984195291996002
0.019167136400938034
-0.06671829521656036
0.24122044444084167
-0.04499749094247818
0.09855885058641434
-0.10829892754554749
0.02435949444770813
-0.08787105977535248
-0.03051871806383133
0.16027767956256866
0.12331888824701309
0.0862409695982933
0.11827131360769272
-0.006399708800017834
-0.017897430807352066
0.12605498731136322
-0.053773898631334305
-0.06925328075885773
-0.10209353268146515
0.02129291370511055
-0.10650620609521866
-0.06513603776693344
-0.07568535953760147
-0.16023384034633636
0.039314210414886475
-0.10862160474061966
-0.11670485138893127
0.03174910321831703
0.024065660312771797
-0.07613002508878708
0.02153853140771389
0.0018848358886316419
-0.34564730525016785
0.08029624819755554
-0.16619884967803955
-0.09327073395252228
0.05530727654695511
-0.19157151877880096
0.1344815343618393
-0.15598708391189575
-0.021495644003152847
-0.050503890961408615
-0.14485016465187073
-0.062423352152109146
0.12671256065368652
0.145069882273674
-0.1317392736673355
0.07556980848312378
0.20320481061935425
0.27196571230888367
-0.1410776525735855
0.12159781157970428
-0.06179192289710045
0.15270817279815674
-0.006377920042723417
0.013143203221261501
-0.04732287675142288
0.0714268684387207
-0.09824153035879135
0.16370464861392975
0.1330260932445526
-0.17151132225990295
0.03143683820962906
0.06390777230262756
0.0035224573221057653
-0.0387473925948143
0.011923152953386307
-0.181040957570076
-0.19981805980205536
-0.02924942784011364
0.09007598459720612
0.07120081037282944
-0.14243502914905548
-0.21493560075759888
0.09735411405563354
-0.03441295400261879
-0.010905316099524498
-0.07454084604978561
-0.07424045354127884
-0.2509006857872009
-0.17025063931941986
0.041597165167331696
-0.14830118417739868
0.23083393275737762
-0.040380991995334625
-0.23906448483467102
-0.03953070938587189
0.18983125686645508
-0.03787648677825928
0.012289934791624546
0.08094356954097748
-0.19590672850608826
0.22202078998088837
-0.04786514863371849
0.18276961147785187
0.14818108081817627
-0.4368547201156616
0.11424452066421509
0.09257220476865768
-0.1850852370262146
-0.054261207580566406
0.08526420593261719
0.196085587143898
0.030575016513466835
-0.1286342442035675
-0.06630489975214005
-0.10706950724124908
0.1074414923787117
0.04837297648191452
-0.2554590702056885
0.07113746553659439
0.14499853551387787
0.20609264075756073
0.1858109086751938
-0.03494086489081383
-0.04032422602176666
0.07644972950220108
-0.17146122455596924
-0.05552344024181366
-0.058548685163259506
0.0105064008384943
-0.08980260789394379
-0.020481504499912262
-0.08391674607992172
0.03339617699384689
-0.08966448158025742
-0.11440187692642212
-0.0838605985045433
0.03801577538251877
-0.07044223695993423
-0.12330814450979233
0.03007197007536888
-0.046889182180166245
-0.174112007021904
-0.018252328038215637
0.1844564974308014
-0.16459137201309204
0.06078861653804779
0.009900974109768867
0.08005134016275406
-0.09896638244390488
-0.006246283184736967
0.019922489300370216
-0.04298835247755051
0.1430666297674179
-0.16009071469306946
-0.10876508802175522
0.18469156324863434
-0.08253519237041473
-0.004669636022299528
-0.11495335400104523
0.12256757915019989
0.05658481642603874
0.04404186084866524
-0.06923270970582962
-0.12396792322397232
0.08473947644233704
-0.029276592656970024
-0.2017938196659088
0.07024946063756943
-0.010043937712907791
-0.13491889834403992
0.021188214421272278
-0.11233232170343399
-0.013190931640565395
0.03977130725979805
-0.04422959312796593
-0.1631285846233368
-0.15409278869628906
-0.08279047161340714
-0.12169408053159714
-0.00987830851227045
0.013586179353296757
0.016629943624138832
0.019284218549728394
0.10844985395669937
-0.14206089079380035
0.031341392546892166
0.020757317543029785
0.09575710445642471
-0.19245542585849762
-0.08763190358877182
0.020081104710698128
-0.12507334351539612
0.10062749683856964
-0.05666959658265114
0.007908841595053673
-0.018508879467844963
-0.10114004462957382
-0.07402551919221878
-0.05067937448620796
-0.12877288460731506
0.07206378132104874
-0.03240735083818436
-0.04518122225999832
0.10607162863016129
-0.00377641967497766
0.04498760402202606
0.016497567296028137
-0.013035686686635017
0.06486780196428299
-0.06679105013608932
0.03559228405356407
0.060596708208322525
0.18188045918941498
-0.04623771831393242
0.03932616114616394
0.1078898087143898
-0.0047349692322313786
-0.013592483475804329
0.21718379855155945
-0.047716446220874786
-0.029285231605172157
-0.014178820885717869
-0.022776760160923004
0.08055184036493301
-0.07504479587078094
-0.0652509331703186
0.1948135942220688
-0.14817044138908386
0.03837158903479576
-0.006628044880926609
0.057584233582019806
-0.12192694842815399
0.006162168458104134
-0.2778671383857727
-0.06167689338326454
0.038163091987371445
-0.1481245756149292
-0.012612114660441875
-0.07685823738574982
-0.1014285460114479
0.05385313928127289
-0.0026798162143677473
-0.15436170995235443
-0.12288506329059601
0.024914003908634186
0.05567006394267082
0.08895367383956909
0.04389095678925514
0.0717974603176117
0.004545481409877539
0.0722891315817833
-0.054732825607061386
0.07213906198740005
-0.13665007054805756
0.03202280029654503
0.04053887352347374
0.0460367426276207
-0.11046138405799866
-0.1253589391708374
-0.008241568692028522
0.010042067617177963
0.06017078459262848
0.06120354309678078
-0.1989227682352066
0.09561409056186676
0.03588218614459038
-0.06831490248441696
-0.05685853585600853
-0.007432693615555763
-0.03776122257113457
-0.16047443449497223
-0.015867827460169792
-0.13568294048309326
-0.1401355266571045
-0.15431033074855804
-0.03988398239016533
0.05052521824836731
0.056420449167490005
-0.09588247537612915
-0.18078531324863434
0.013155120424926281
-0.08816815912723541
-0.07356902956962585
-0.15042200684547424
-0.037555284798145294
-0.02803465910255909
0.09553319215774536
-0.03191671520471573
0.06162366643548012
0.08322314918041229
-0.16021758317947388
0.06619667261838913
0.04411035403609276
-0.05627451092004776
0.01740078441798687
-0.1600174605846405
0.08439004421234131
-0.14229397475719452
-0.0842459425330162
-0.07988175004720688
0.09214521944522858
-0.050314486026763916
0.05850820243358612
-0.06780017912387848
-0.048739053308963776
-0.14376887679100037
-0.019718319177627563
-0.20154912769794464
0.017396248877048492
0.07427570223808289
-0.0065021938644349575
-0.13295868039131165
0.005040335934609175
-0.02949308417737484
-0.010268684476613998
-0.033791638910770416
-0.04300370812416077
0.09924791753292084
-0.025113623589277267
-0.00874494668096304
0.037206098437309265
0.14072789251804352
0.030640006065368652
-0.15161113440990448
0.07730329036712646
-0.09714347869157791
-0.11220145970582962
-0.015222310088574886
-0.15584297478199005
0.009042968973517418
-0.13686220347881317
-0.11193286627531052
-0.11965972185134888
-0.14183011651039124
-0.04668385162949562
-0.20941130816936493
0.0571744330227375
-0.04918332025408745
-0.10159330815076828
-0.12478737533092499
0.08724652230739594
-0.10875139385461807
-0.06878767907619476
-0.09785331785678864
0.09004620462656021
-0.14328782260417938
-0.22329317033290863
-0.13827256858348846
0.008055219426751137
-0.11400938779115677
-0.09313008189201355
0.011846290901303291
0.052913520485162735
-0.05331534519791603
0.0724111944437027
-0.11300372332334518
-0.07339643687009811
-0.065931536257267
0.11639025062322617
0.015095214359462261
0.0650106742978096
0.11088188737630844
-0.136580228805542
-0.09797768294811249
0.08775389194488525
0.0753796324133873
-0.07056103646755219
-0.0997185930609703
0.03635506331920624
-0.046511612832546234
-0.0016548482235521078
-0.1717654913663864
0.092658631503582
-0.14907029271125793
-0.10356288403272629
0.017713693901896477
-0.12633007764816284
-0.15751633048057556
0.004563375376164913
-0.09330891072750092
0.0058833640068769455
-0.05340437963604927
0.11871721595525742
0.1472894251346588
-0.09283985942602158
-0.08316098153591156
0.01835254393517971
-0.04645908623933792
-0.019415803253650665
-0.13972477614879608
0.004848444368690252
-0.14972758293151855
-0.36799702048301697
-0.3400970697402954
-0.0011376962065696716
0.06302160024642944
-0.29231545329093933
-0.10983505845069885
-0.27199649810791016
-0.03699557110667229
-0.06973734498023987
0.0181450042873621
-0.1382855921983719
-0.18845921754837036
0.04374120756983757
-0.2597881257534027
-0.08942371606826782
-0.17617100477218628
-0.25356027483940125
0.020948117598891258
-0.011042404919862747
0.07115488499403
0.21993333101272583
-0.046822451055049896
-0.04957877844572067
-0.093269482254982
0.06280597299337387
-0.06053004413843155
0.03448992967605591
-0.12374766170978546
0.0778302401304245
0.13432878255844116
0.09687433391809464
0.014325711876153946
0.2362811416387558
-0.04588187485933304
-0.0842096284031868
0.14367134869098663
-0.25330138206481934
0.16085028648376465
-0.2391030490398407
0.2838972210884094
0.2156393826007843
0.18279649317264557
0.07897114753723145
-0.052027471363544464
-0.10608737170696259
-0.1848316639661789
-0.12315142899751663
-0.1787206381559372
-0.03498271107673645
-0.30944690108299255
0.06698472797870636
-0.0222390778362751
-0.05228887498378754
-0.20946002006530762
-0.04067828133702278
-0.05467734485864639
0.21809996664524078
0.15226240456104279
-0.04074016585946083
0.16506916284561157
0.307528018951416
0.17450498044490814
0.25022509694099426
0.04307504743337631
0.006953236646950245
0.07118858397006989
0.09503763169050217
-0.06950050592422485
0.02085590548813343
0.09856350719928741
-0.13022562861442566
0.3790683150291443
-0.12157796323299408
-0.0073563395999372005
-0.15431825816631317
0.3611452579498291
-0.26240044832229614
-0.08568054437637329
-0.19380278885364532
-0.04518992826342583
0.09271802753210068
-0.03681432083249092
-0.07982375472784042
-0.09798421710729599
-0.26307031512260437
0.2889716923236847
-0.1114574670791626
-0.05196883901953697
-0.2875489592552185
-0.041388560086488724
-0.09089965373277664
-0.03927448019385338
0.09456441551446915
0.02910381741821766
-0.1921153962612152
0.015445908531546593
0.008570678532123566
0.09697220474481583
-0.22439320385456085
-0.05846104025840759
-0.171336367726326
-0.44827455282211304
-0.296597421169281
0.10686340928077698
-0.48667681217193604
-0.07537316530942917
-0.11121772974729538
-0.015282354317605495
0.3373587131500244
0.11718402057886124
-0.3425285220146179
0.07844792306423187
-0.33528631925582886
-0.3631468117237091
0.04964593052864075
-0.027374692261219025
0.21513162553310394
-0.03700471296906471
-0.04959234595298767
-0.0913194864988327
-0.03346855193376541
-0.12691892683506012
-0.18898087739944458
0.009862388484179974
0.043220940977334976
-0.1237308531999588
0.1130538359284401
-0.025351088494062424
0.034480512142181396
0.08444665372371674
0.07345110177993774
-0.12923508882522583
-0.11186928302049637
0.13027778267860413
-0.10828270763158798
0.09304028749465942
0.09178734570741653
-0.14915046095848083
-0.00188453181181103
0.14175935089588165
-0.05355899780988693
-0.06308170408010483
-0.09196536988019943
-0.07023114711046219
-0.14157000184059143
-0.19289755821228027
0.1235492005944252
-0.05613309517502785
0.08536560833454132
-0.08539029955863953
-0.031222017481923103
-0.15348032116889954
0.054112572222948074
-0.010529634542763233
-0.09741844236850739
0.01877019740641117
-0.06266143172979355
-0.14336809515953064
0.0382026806473732
0.008822412230074406
-0.11858701705932617
-0.20395447313785553
0.03272511810064316
0.05097521096467972
-0.10373679548501968
-0.07445161789655685
-0.11583834141492844
-0.016213782131671906
0.046687014400959015
0.18749360740184784
0.16936706006526947
0.09755796194076538
-0.008288901299238205
-0.0772177055478096
-0.1253475546836853
0.1214577704668045
0.02105443738400936
-0.024782877415418625
-0.1295686811208725
-0.1024673581123352
-0.1555417776107788
-0.04936486855149269
0.022487737238407135
-0.1176050677895546
0.012920250184834003
-0.06502220034599304
-0.15214210748672485
0.039253734052181244
0.007817501202225685
0.011107368394732475
0.014294423162937164
-0.012371123768389225
-0.018681006506085396
-0.10328373312950134
0.08764375746250153
-0.01808916963636875
-0.1181899830698967
0.045732222497463226
0.11132878810167313
-0.09357240051031113
0.12653891742229462
-0.15520602464675903
-0.17258910834789276
0.026969386264681816
0.12426318973302841
0.08998396247625351
-0.04593488946557045
0.11686873435974121
-0.17915810644626617
0.13342471420764923
-0.004327208735048771
-0.023441575467586517
-0.07453187555074692
0.038963738828897476
0.18259406089782715
-0.09726795554161072
-0.05931524559855461
0.02647668495774269
0.010713509283959866
-0.09544803947210312
0.11857112497091293
0.04393921419978142
0.07844224572181702
0.05153542011976242
-0.06244902312755585
-0.18656513094902039
0.0026731749530881643
-0.01047012023627758
0.12841837108135223
-0.17995944619178772
-0.008174090646207333
0.02716599404811859
0.042214054614305496
0.004983557853847742
0.08579680323600769
0.04559236764907837
0.09992819279432297
-0.04525751993060112
-0.08639952540397644
-0.055780306458473206
-0.029636040329933167
0.05419887974858284
-0.14364805817604065
0.04153091832995415
-0.09027853608131409
-0.0989941731095314
-0.09334375709295273
-0.0889994353055954
0.047100625932216644
0.1642608493566513
-0.1477210819721222
0.11496079713106155
0.03814119100570679
0.04929148405790329
-0.013520103879272938
0.1273232251405716
0.06331875920295715
0.054287634789943695
0.0040641953237354755
-0.04595531150698662
0.0674014464020729
0.09670954197645187
0.04038994759321213
-0.03265351057052612
-0.17962118983268738
0.04287534952163696
0.09339171648025513
-0.16951705515384674
0.046080972999334335
0.1471313238143921
0.008360860869288445
-0.1371103823184967
-0.08011765778064728
0.06462106108665466
0.018635937944054604
-0.016653573140501976
-0.08556336164474487
0.013897369615733624
0.06481628119945526
0.06975629180669785
-0.09700406342744827
-0.14108368754386902
-0.08855074644088745
0.07613764703273773
0.11804765462875366
0.11308474838733673
-0.11749585717916489
0.03161805868148804
0.007466060109436512
0.03371010720729828
-0.04622088745236397
-0.02797432243824005
0.14446736872196198
-0.00819499883800745
0.0990491434931755
-0.04896945133805275
0.1645488440990448
-0.059925176203250885
0.04944873973727226
-0.11092787981033325
-0.08604235202074051
0.06502628326416016
-0.10482852160930634
-0.08500048518180847
-0.08144401758909225
-0.10248206555843353
-0.040595054626464844
-0.14385032653808594
-0.09078165888786316
0.10319820791482925
0.0275620985776186
0.05015651881694794
0.03899669647216797
-0.21390637755393982
-0.032497767359018326
-0.022443445399403572
-0.02604731172323227
-0.10659316182136536
0.08360271155834198
-0.024969112128019333
0.0634218230843544
-0.01472439058125019
-0.0383131243288517
-0.022139107808470726
0.0795726627111435
-0.19268199801445007
0.052081577479839325
0.05726642161607742
-0.11089469492435455
0.17922259867191315
-0.26667100191116333
-0.11461541801691055
0.07212353497743607
0.02689874917268753
0.12003006041049957
0.02975435182452202
0.040351152420043945
0.05350572615861893
0.06672114878892899
0.09258519113063812
0.0845310315489769
-0.17773586511611938
-0.18200500309467316
0.014559338800609112
-0.09381237626075745
0.03567229211330414
0.2510945498943329
0.11411134898662567
0.06912455707788467
0.13204173743724823
-0.02553321234881878
-0.10909430682659149
0.12094810605049133
0.08637627959251404
-0.07215830683708191
0.16429287195205688
0.014891457743942738
0.37354180216789246
-0.011994165368378162
-0.09271588176488876
-0.026798013597726822
-0.129787415266037
-0.0515056848526001
0.13044972717761993
0.158548504114151
0.16680417954921722
0.1745220124721527
-0.001933036488480866
-0.0733221098780632
0.03910813108086586
0.21258904039859772
-0.06065620854496956
-0.015558399260044098
-0.08197738230228424
-0.15079602599143982
-0.13034825026988983
-0.012628035619854927
0.0746905580163002
-0.053059156984090805
-0.046370409429073334
-0.05314421281218529
-0.027304643765091896
0.005117854569107294
0.0484660379588604
0.011218983680009842
0.050794728100299835
-0.11656008660793304
-0.12049450725317001
-0.1253383308649063
0.10488919168710709
-0.1407100260257721
-0.08575403690338135
0.13390658795833588
0.06188831105828285
-0.15523011982440948
-0.027414675801992416
0.15463124215602875
-0.031867630779743195
0.05650418996810913
0.03634045645594597
0.018797272816300392
-0.09693138301372528
0.08442158252000809
-0.1338740736246109
0.05742545798420906
-0.2868902385234833
0.021019168198108673
-0.2989884316921234
0.029485158622264862
0.06097593531012535
-0.19294080138206482
-0.07415903359651566
0.06988953053951263
-0.286750853061676
-0.08055537939071655
-0.061304971575737
-0.1218787282705307
0.05696308612823486
-0.07260195910930634
0.070036880671978
0.13862356543540955
-0.12530066072940826
-0.23606283962726593
0.10262060910463333
-0.2023785263299942
-0.26145148277282715
-0.103354312479496
-0.3514007031917572
0.03510051593184471
-0.01382218487560749
0.16965174674987793
0.12412530183792114
0.00740871112793684
0.04690638929605484
-0.052773796021938324
-0.10966458171606064
-0.12257044017314911
-0.019097480922937393
-0.11540435999631882
0.18422602117061615
0.08609030395746231
-0.06736267358064651
0.0022532506845891476
0.037003714591264725
-0.18605785071849823
0.22168877720832825
0.07174903899431229
0.09827501326799393
-0.07698219269514084
-0.2096150517463684
-0.05817672610282898
0.11139882355928421
0.10247760266065598
0.02938574180006981
0.1685047149658203
-0.050768934190273285
-0.08993332833051682
-0.05869697779417038
-0.19513189792633057
-0.05239405483007431
-0.05508195608854294
0.06541700661182404
0.11697092652320862
0.07350464165210724
-0.1334410458803177
-0.13521157205104828
0.03659948706626892
-0.012771563604474068
-0.2461770921945572
-0.1128954067826271
-0.20856845378875732
-0.07498528063297272
0.05556989833712578
0.05242835730314255
-0.17507559061050415
0.10808126628398895
0.08013588190078735
-0.059254493564367294
0.03610831871628761
0.03338237106800079
-0.15298835933208466
-0.21073979139328003
0.1003601923584938
0.3227105736732483
-0.1154700517654419
0.06622914969921112
-0.17275367677211761
0.058179136365652084
-0.16414225101470947
-0.09201321005821228
0.002148119732737541
0.014241212047636509
-0.08540596067905426
0.009989209473133087
-0.006807733792811632
-0.1165093183517456
-0.11568991839885712
-0.023033268749713898
0.1550295501947403
-0.168547585606575
-0.04777149856090546
-0.02200690656900406
0.05603352561593056
0.019248440861701965
0.04883336275815964
0.03493878245353699
0.04533633962273598
0.06476176530122757
-0.11641959100961685
-0.1266864687204361
-0.09714831411838531
0.1187509149312973
0.0097513347864151
-0.07988862693309784
0.029138579964637756
0.14603616297245026
0.060118112713098526
-0.10470869392156601
0.036507777869701385
-0.1147255152463913
-0.03053472563624382
0.10327757894992828
0.09680647403001785
-0.0029671620577573776
-0.15354537963867188
-0.0840786024928093
-0.08448981493711472
0.11763592064380646
-0.01928950846195221
-0.05985436961054802
-0.14420194923877716
0.09960858523845673
-0.1433015912771225
-0.012577502988278866
-0.04874030500650406
-0.11910612136125565
-0.13937489688396454
-0.14753428101539612
-0.11826228350400925
0.15131382644176483
-0.06109551340341568
0.0226143691688776
-0.13422267138957977
0.11043451726436615
-0.022909577935934067
-0.07026251405477524
0.07677756249904633
-0.11815211176872253
0.1265702098608017
-0.04204404354095459
-0.0976133719086647
0.0582328699529171
-0.06525002419948578
-0.025489551946520805
-0.08795496076345444
0.09204357862472534
0.05827343463897705
-0.008360004052519798
-0.027425840497016907
-0.049810200929641724
0.11178821325302124
-0.10477945953607559
0.09661965817213058
0.12170059978961945
0.13684143126010895
0.045856788754463196
0.07018495351076126
-0.04300255328416824
0.011352628469467163
0.13843728601932526
-0.03653416037559509
0.10345523804426193
-0.12004400789737701
0.06561850011348724
-0.14328929781913757
0.12830184400081635
-0.013987166807055473
-0.14130382239818573
0.02109786868095398
0.07648450881242752
-0.0985858216881752
-0.16582012176513672
0.012032672762870789
-0.018145591020584106
-0.10111914575099945
0.0004955212352797389
-0.08901555091142654
-0.03424282371997833
0.14157100021839142
-0.1676768958568573
0.007714688777923584
-0.13902202248573303
-0.056307464838027954
-0.041488513350486755
-0.005116492509841919
-0.11107829213142395
-0.03200884908437729
-0.1675805151462555
-0.006660868413746357
-0.003341536270454526
-0.07246358692646027
0.1403791755437851
-0.07485929876565933
0.00976090133190155
0.12367445230484009
-0.08699090778827667
-0.04887741804122925
-0.07109685242176056
-0.025007478892803192
-0.0161907859146595
-0.16941267251968384
-0.11086736619472504
-0.06309796869754791
0.06672128289937973
0.06859224289655685
-0.06383777409791946
-0.16630572080612183
0.006670577917248011
-0.1254487782716751
-0.0694672018289566
0.02087193727493286
-0.04594581574201584
-0.11822514235973358
-0.12425961345434189
-0.0431220568716526
0.11966393887996674
0.048413485288619995
-0.09767334163188934
-0.05627965182065964
0.033537592738866806
-0.09482523053884506
0.14200811088085175
-0.12333061546087265
-0.01614723913371563
-0.02151818573474884
0.049398526549339294
0.07858897745609283
0.1538354903459549
0.22511547803878784
-0.0558815635740757
-0.15586520731449127
-0.047179389744997025
0.14648713171482086
0.10283813625574112
0.021579071879386902
0.10685011744499207
0.004754525143653154
0.05353255197405815
0.14474818110466003
-0.1642618030309677
-0.07865169644355774
-0.0731029361486435
0.1245569959282875
-0.003946898505091667
0.1542029231786728
-0.06553047895431519
0.06460751593112946
-0.06216801330447197
0.1274728775024414
-0.18562276661396027
-0.043818458914756775
-0.01725183054804802
0.019768688827753067
0.12102021276950836
-0.05119248479604721
-0.08275428414344788
0.020234132185578346
0.1596403419971466
0.020093334838747978
0.047519780695438385
-0.09422633796930313
-0.19210286438465118
0.13509497046470642
0.18347647786140442
-0.09815330803394318
0.08122968673706055
0.013307446613907814
-0.21358223259449005
-0.08189357817173004
0.13070997595787048
-0.25436124205589294
-0.0481913797557354
0.1582116037607193
-0.037911709398031235
-0.07118334621191025
-0.030065203085541725
0.12710928916931152
-0.08645262569189072
0.10675550997257233
0.011210871860384941
-0.03690541535615921
0.13393791019916534
-0.0106338607147336
0.054343331605196
0.12984693050384521
-0.04210303723812103
-0.13265596330165863
0.08115500956773758
-0.04357658326625824
0.008011854253709316
0.03961765021085739
0.07800587266683578
0.050033554434776306
0.11757893115282059
-0.06292401999235153
0.07277902215719223
-0.10502912849187851
0.11172664910554886
-0.1344214230775833
-0.05532926693558693
0.07299267500638962
-0.06763485819101334
0.12609237432479858
0.12807217240333557
-0.12057226151227951
0.015330323949456215
-0.26161542534828186
0.039720166474580765
-0.050219614058732986
-0.017823446542024612
0.13942356407642365
0.05852923542261124
-0.08499737083911896
0.1498357206583023
-0.059035949409008026
0.11958122253417969
-0.06428336352109909
-0.08040269464254379
0.15497073531150818
0.16889239847660065
0.14350183308124542
0.19473797082901
-0.04328671097755432
-0.15404611825942993
-0.11444078385829926
-0.192984476685524
0.12124058604240417
-0.08549579977989197
-0.09534038603305817
0.08457730710506439
0.003592916065827012
-0.04404539614915848
-0.2208823561668396
-0.05040406808257103
-0.29359170794487
0.07130654901266098
0.0015700423391535878
-0.13988976180553436
0.19466596841812134
0.09438773989677429
-0.05452846363186836
0.0873783603310585
-0.04155014455318451
0.027619585394859314
-0.0528443343937397
-0.054259903728961945
0.19966726005077362
-0.20334197580814362
-0.19632475078105927
0.08541876077651978
0.00722848903387785
-0.021317467093467712
-0.014189950190484524
0.1743880808353424
-0.031247377395629883
0.16367484629154205
0.01215242501348257
-0.17252494394779205
0.0419650673866272
-0.0469290129840374
-0.11826582252979279
0.09549413621425629
-0.04110177978873253
-0.07846354693174362
0.12594404816627502
0.12052257359027863
-0.019448384642601013
-0.03089042752981186
-0.2157888263463974
-0.1587800681591034
-0.03571600094437599
-0.10310912132263184
0.08713167905807495
-0.12439306825399399
-0.18189767003059387
0.014878661371767521
0.01068469975143671
-0.04021843522787094
-0.015211623162031174
0.06531024724245071
-0.04927542805671692
-0.03247533738613129
0.11928416043519974
0.10128353536128998
0.1193225160241127
-0.11797083169221878
0.08822682499885559
0.05976558476686478
-0.21939322352409363
-0.07613680511713028
-0.023750577121973038
0.15104728937149048
0.09638583660125732
0.142705038189888
0.10526332259178162
0.09797794371843338
-0.08124785870313644
-0.0388990119099617
0.05947466567158699
0.25308871269226074
0.042558494955301285
0.1858435720205307
-0.016824966296553612
-0.062077030539512634
0.008213947527110577
0.012497553601861
-0.06622613221406937
-0.0018087687203660607
0.06062198057770729
0.008237216621637344
0.172163188457489
0.05585302412509918
0.09749816358089447
-0.14193478226661682
-0.0936795249581337
-0.04556676372885704
-0.20591305196285248
0.018853329122066498
-0.12458635866641998
-0.10624738782644272
-0.152089461684227
0.12640103697776794
0.06407774239778519
0.07481034845113754
0.21494632959365845
0.10124330967664719
-0.1546710580587387
0.11838322132825851
-0.10438977181911469
-0.035183876752853394
-0.06619354337453842
-0.06437819451093674
-0.07655991613864899
0.17672240734100342
-0.08759709447622299
0.036091309040784836
-0.1099323183298111
0.04232626035809517
-0.10467227548360825
0.22796447575092316
-0.013123173266649246
0.21063067018985748
0.1734849065542221
0.09100694954395294
-0.19742685556411743
0.07669223099946976
-0.10039415955543518
0.009192220866680145
-0.2288012057542801
-0.04958918318152428
-0.013382719829678535
-0.10818136483430862
0.03861621022224426
0.1533450484275818
0.14940159022808075
-0.10089901834726334
0.004099177662283182
0.14156514406204224
-0.0394815094769001
-0.08978006988763809
-0.20427899062633514
0.1753992885351181
-0.10938365012407303
0.0908203199505806
-0.09333664178848267
-0.05407189950346947
0.1775628924369812
0.08492369204759598
0.026030613109469414
0.08401330560445786
0.13883183896541595
-0.0007024549413472414
0.16933481395244598
0.043366238474845886
0.12206745892763138
-0.1413990706205368
0.3071174621582031
-0.3152625262737274
0.01901962235569954
0.06885217875242233
-0.1071159690618515
-0.11924795806407928
-0.0020587872713804245
-0.08583907037973404
-0.011088243685662746
-0.11575947701931
0.04740067571401596
-0.18219444155693054
0.024554744362831116
-0.039286158978939056
-0.015689920634031296
-0.21843595802783966
0.1048671081662178
-0.2645571827888489
-0.2238187938928604
-0.07168126106262207
-0.050099801272153854
-0.06483627110719681
-0.0320516936480999
0.10673891752958298
-0.1527046412229538
0.015910474583506584
-0.07819148153066635
-0.04190430790185928
-0.15581265091896057
-0.1386381983757019
-0.06227319315075874
-0.09547480195760727
-0.002775942673906684
-0.011494387872517109
-0.07983426004648209
-0.21031099557876587
-0.09256213158369064
0.023294517770409584
-0.11152838915586472
0.1739715188741684
-0.09508305042982101
0.0935799703001976
0.042401790618896484
-0.005393101833760738
0.05894353240728378
0.026990646496415138
0.04859380051493645
-0.09326616674661636
0.16912931203842163
-0.11515846103429794
-0.12249019742012024
-0.1370776742696762
-0.07498976588249207
-0.10774952173233032
-0.04670361801981926
0.020742589607834816
-0.10290340334177017
0.004371060989797115
-0.14514020085334778
-0.19417883455753326
0.057225871831178665
-0.06255191564559937
-0.018881218507885933
-0.07029179483652115
-0.07468145340681076
0.0584259070456028
0.0608917661011219
-0.19292479753494263
0.029779624193906784
-0.1015339344739914
0.18621133267879486
-0.09965821355581284
-0.04871383681893349
-0.03303460031747818
0.061494238674640656
0.05849931389093399
-0.15002290904521942
0.1536688506603241
-0.09518537670373917
-0.08159004151821136
-0.11752849817276001
0.021879011765122414
0.003977181855589151
0.04070672392845154
-0.04310157150030136
0.10536149144172668
-0.2636869251728058
-0.07107465714216232
-0.24487526714801788
-0.021456871181726456
0.10172409564256668
0.10702604055404663
-0.09062003344297409
-0.17494849860668182
0.12873327732086182
0.2983253002166748
0.006587001495063305
-0.03249555453658104
-0.075381338596344
-0.031417958438396454
-0.013826088979840279
0.013286418281495571
0.17137274146080017
0.13930624723434448
-0.13986468315124512
-0.012679808773100376
-0.19124563038349152
-0.09375889599323273
-0.10836189240217209
-0.041580796241760254
-0.2730289697647095
-0.12415158748626709
-0.012174654752016068
-0.023107001557946205
-0.07018470019102097
-0.11242590099573135
-0.109244205057621
0.011296655051410198
-0.006603163667023182
-0.15215490758419037
-0.14981704950332642
-0.10162609070539474
0.0297092292457819
-0.10500631481409073
-0.0037960221525281668
-0.1514514684677124
0.22812868654727936
0.08705200254917145
-0.15190640091896057
-0.032537952065467834
-0.042232487350702286
-0.11092258989810944
0.0739995613694191
-0.15113404393196106
-0.13892579078674316
-0.010133069939911366
0.0635482594370842
0.047474607825279236
-0.009968113154172897
0.006516377441585064
0.10636189579963684
-0.11808423697948456
-0.16674400866031647
-0.12998613715171814
-0.11081776767969131
-0.1200629249215126
-0.12328771501779556
-0.1121116653084755
0.08548440784215927
-0.15821342170238495
-0.05003277212381363
0.1109774261713028
0.02964586392045021
-0.13031180202960968
-0.02144741266965866
-0.15687689185142517
0.05283663794398308
-0.07302670180797577
-0.005719941109418869
0.06370863318443298
0.08214816451072693
0.021321697160601616
0.04461745172739029
-0.0013009764952585101
-0.1311643272638321
-0.16088399291038513
0.0003796311793848872
0.08688820153474808
-0.08273439109325409
-0.09794432669878006
0.06529400497674942
-0.12069934606552124
-0.04876096919178963
-0.08235430717468262
0.012677023187279701
-0.0027193555142730474
-0.03444948419928551
-0.0013817490544170141
0.06824245303869247
0.10334540903568268
0.022536057978868484
0.08739805221557617
0.029420366510748863
-0.08308053016662598
0.11458428204059601
0.10819744318723679
-0.0692330002784729
-0.15118491649627686
-0.08993374556303024
0.07749643176794052
-0.010349945165216923
-0.11166401207447052
-0.17972412705421448
0.11814820766448975
0.02829575538635254
-0.058196134865283966
-0.10873377323150635
-0.08626797795295715
0.05913005769252777
0.030322860926389694
-0.019100362434983253
0.039863087236881256
-0.028328541666269302
0.089445099234581
-0.11894506961107254
0.007057081907987595
-0.13708434998989105
-0.11905719339847565
0.03945771977305412
0.03281737491488457
-0.029165662825107574
-0.017626002430915833
-0.1254972666501999
-0.16176292300224304
-0.14292599260807037
0.11311262100934982
0.08745786547660828
-0.005483619403094053
-0.024085475131869316
-0.13224433362483978
0.1029513031244278
0.08569924533367157
4.9449867219664156e-05
-0.1102016493678093
-0.139596626162529
0.07624296098947525
-0.0466257706284523
0.07262589782476425
0.07609956711530685
-0.13212800025939941
0.08235526084899902
0.04044836759567261
-0.020001057535409927
-0.05318363010883331
-0.1376228779554367
0.05857421085238457
-0.03177494555711746
-0.12724658846855164
-0.06555631756782532
-0.1008840948343277
-0.02157369814813137
0.140643909573555
0.015390670858323574
-0.006125885993242264
0.01732311025261879
-0.06109072268009186
-0.05370540916919708
-0.09210386872291565
-0.08473426103591919
-0.05133693292737007
0.12836095690727234
-0.09884686768054962
0.1234239935874939
-0.15129190683364868
-0.10623548179864883
0.03729245811700821
0.10269787907600403
-0.01080265175551176
0.04944418743252754
0.08842196315526962
-0.025845631957054138
0.09521282464265823
0.020013531669974327
-0.06644631922245026
-0.026073427870869637
0.07715324312448502
0.08839525282382965
-0.06913435459136963
0.053014013916254044
-0.07107798755168915
-0.18634086847305298
0.11936701089143753
0.0065963612869381905
-0.04040718823671341
-0.26252231001853943
-0.03365077078342438
-0.10703837126493454
0.14977777004241943
-0.07516559958457947
0.17291437089443207
0.1832238882780075
-0.12852329015731812
-0.042823322117328644
0.09229592233896255
-0.08695951104164124
-0.06248487904667854
0.006618706975132227
0.0966256707906723
0.1397075653076172
0.17124293744564056
-0.09818582236766815
0.0798853263258934
0.09720340371131897
0.08354151248931885
-0.09008646756410599
0.05588206276297569
-0.10751818865537643
0.0023543317802250385
-0.1131182387471199
-0.1093330979347229
-0.034430429339408875
-0.09728658199310303
0.020163901150226593
-0.014796122908592224
-0.06751146167516708
0.13261562585830688
-0.18698281049728394
0.09241142868995667
0.12490219622850418
0.062490373849868774
-0.07985659688711166
0.02836751379072666
-0.08696172386407852
-0.015981223434209824
-0.21795275807380676
-0.08941437304019928
0.07247718423604965
0.12767913937568665
-0.21717074513435364
-0.12217607349157333
0.08552829176187515
-0.20103102922439575
0.07132713496685028
0.189495250582695
-0.008160143159329891
0.1388051062822342
-0.03998937830328941
0.20538116991519928
0.10804685205221176
0.21529783308506012
-0.20263522863388062
0.08240874111652374
-0.14166729152202606
0.016524994745850563
0.11621295660734177
0.062099751085042953
-0.20815888047218323
0.1712007075548172
0.10753566771745682
-0.03540622070431709
0.07866107672452927
0.0012890350772067904
0.19656157493591309
-0.09759514033794403
-0.10835817456245422
0.11987457424402237
-0.07184496521949768
0.03539114445447922
0.10907857120037079
-0.11830282211303711
-0.4129440486431122
-0.05264202877879143
-0.092208132147789
-0.18696890771389008
0.04562956839799881
-0.048634082078933716
-0.0864996686577797
0.1345374584197998
-0.1551820933818817
0.14602574706077576
-0.09921597689390182
0.17357975244522095
0.10437862575054169
-0.20252928137779236
0.0766499862074852
-0.02407127432525158
-0.1435050070285797
0.10224360972642899
-0.14812758564949036
-0.12693925201892853
0.1656433492898941
-0.04496282339096069
0.07257866859436035
0.22686035931110382
-0.11331295967102051
-0.07577051222324371
0.2589816153049469
-0.20622019469738007
-0.14642716944217682
-0.146079421043396
0.02137492597103119
0.11676117777824402
0.058388903737068176
-0.004066016525030136
0.14890393614768982
0.12098036706447601
-0.069553904235363
-0.006610292941331863
0.1255289614200592
0.12833933532238007
0.008291728794574738
0.217889204621315
-0.06575391441583633
-0.08916698396205902
0.0153433158993721
-0.04843326658010483
0.041937168687582016
0.21474520862102509
0.016261637210845947
0.03801412880420685
0.10480128228664398
0.030684703961014748
0.09523149579763412
-0.20094186067581177
-0.06427355855703354
-0.10230827331542969
0.13749593496322632
-0.09717275202274323
-0.18810397386550903
0.09623385220766068
0.02418750338256359
-0.13496597111225128
0.19994914531707764
0.03994208574295044
-0.3419940173625946
-0.19890882074832916
-0.1661650538444519
0.01982986181974411
-0.10418572276830673
0.0825982317328453
0.0051511675119400024
0.08152446895837784
-0.06345708668231964
-0.07479228079319
0.08401139080524445
-0.1519453078508377
-0.17666752636432648
-0.1135721430182457
-0.024739013984799385
0.09096086770296097
-0.07470273971557617
0.07063812762498856
0.16197121143341064
-0.06849630177021027
0.040115196257829666
-0.0685284286737442
-0.10267649590969086
-0.10513737797737122
0.1808168739080429
-0.16187508404254913
-0.10772065073251724
0.09195289015769958
0.015903066843748093
-0.04677806794643402
-0.03377517685294151
0.08679748326539993
-0.15179145336151123
-0.11595796793699265
0.07918079197406769
0.1297505795955658
0.08398781716823578
0.03178534656763077
-0.018189959228038788
0.17699873447418213
0.10524098575115204
-0.10222135484218597
-0.08693978190422058
-0.1883361041545868
0.0456169992685318
0.07885351777076721
0.09890711307525635
0.138083353638649
-0.13707146048545837
-0.15053234994411469
-0.009583192877471447
-0.14867042005062103
0.11748741567134857
-0.22583021223545074
-0.13512718677520752
-0.049791861325502396
-0.05920714512467384
0.0700131431221962
-0.050091665238142014
0.16641075909137726
-0.0590793751180172
-0.11372867971658707
0.12245476990938187
0.1405918300151825
0.10095719248056412
-0.06548487395048141
0.07118386775255203
-0.017814457416534424
0.12854309380054474
0.02030373550951481
-0.14413151144981384
0.107747383415699
0.10632112622261047
0.1423424631357193
0.28414133191108704
0.15123580396175385
0.21557597815990448
-0.04728027060627937
0.10725801438093185
0.015033992938697338
-0.14304591715335846
-0.12786537408828735
0.057517778128385544
-0.05877988040447235
0.07594550400972366
0.10858191549777985
-0.16554290056228638
-0.23818285763263702
0.1134878471493721
-0.4401102364063263
0.15549780428409576
-0.10432573407888412
-0.013637010008096695
-0.020954040810465813
-0.13536319136619568
-0.011987471021711826
-0.028325550258159637
0.01466742530465126
-0.2807137370109558
-0.20419877767562866
-0.02702241763472557
0.06773912906646729
-0.10803753137588501
0.13752907514572144
-0.033477988094091415
-0.03480847179889679
0.15729323029518127
0.015926728025078773
0.08461019396781921
0.03421664983034134
-0.1926724910736084
-0.12697744369506836
-0.24488186836242676
0.020613662898540497
0.034247420728206635
-0.17189359664916992
-0.11336306482553482
-0.27078932523727417
-0.07680067420005798
-0.014786893501877785
-0.17538954317569733
0.1414397805929184
0.12992368638515472
0.07645109295845032
0.06655237823724747
0.08642047643661499
-0.09588617831468582
-0.007183152716606855
-0.116281658411026
0.10877522081136703
0.052780631929636
0.04346157982945442
-0.06209860369563103
0.06684649735689163
0.0044370898976922035
-0.047521401196718216
0.08466488122940063
-0.11667139828205109
-0.12022490799427032
-0.14105311036109924
-0.10102947056293488
0.01320420391857624
-0.1258469521999359
0.18797048926353455
0.07412572205066681
-0.10406818240880966
-0.12856346368789673
-0.10449279844760895
-0.1675114631652832
0.05970824137330055
0.17975082993507385
-0.03246636316180229
-0.22466136515140533
0.11071531474590302
0.10420762002468109
-0.12725885212421417
-0.013802549801766872
-0.14266520738601685
-0.03486720100045204
0.08927936106920242
-0.08246825635433197
0.16488990187644958
0.1341705024242401
-0.05386244133114815
-0.19754382967948914
0.1363152116537094
0.04137524962425232
-0.0447961799800396
-0.3803268074989319
-0.16680344939231873
-0.030218617990612984
-0.15421515703201294
0.12767167389392853
0.18535646796226501
0.09231910109519958
0.09121621400117874
-0.20949487388134003
-0.03171636536717415
-0.14016801118850708
0.1853192001581192
-0.09469057619571686
-0.21331137418746948
-0.2206994742155075
-0.09334789961576462
-0.17673708498477936
-0.09486370533704758
-0.12228723615407944
-0.045981135219335556
0.037880148738622665
0.04410632699728012
0.0643155574798584
-0.1548185795545578
0.13003520667552948
0.17952243983745575
-0.08113104850053787
0.10513987392187119
0.08948897570371628
0.08719807863235474
-0.028806358575820923
0.009632733650505543
0.07449965924024582
0.11161939054727554
-0.08849308639764786
-0.0665503740310669
0.0174483060836792
-0.10330189019441605
-0.11392723768949509
0.07151029258966446
-0.0943707674741745
-0.03639918938279152
-0.07354694604873657
0.06966567039489746
0.02887202613055706
0.04057428985834122
0.17927810549736023
0.06948105990886688
-0.024467485025525093
-0.06499138474464417
-0.0961565226316452
0.0835636630654335
-0.1091107428073883
-0.19822004437446594
-0.045078378170728683
-0.043624091893434525
-0.0251300111413002
-0.04924517497420311
-0.10959929972887039
-0.21652184426784515
0.12452423572540283
-0.024427931755781174
0.060523197054862976
0.08828481286764145
0.11051284521818161
0.04757433757185936
0.1393478512763977
-0.03182340785861015
0.0143508305773139
0.027583129703998566
0.15029163658618927
0.006197716109454632
0.008878737688064575
-0.09700608998537064
0.05790753662586212
0.17315912246704102
-0.194101482629776
0.07901313900947571
-0.06239437684416771
-0.13108599185943604
-0.03268313780426979
-0.013819217681884766
-0.15899796783924103
0.06905648112297058
-0.11780843883752823
0.011710367165505886
0.20588962733745575
-0.1823795735836029
0.06651940196752548
0.007444897200912237
0.03263217955827713
-0.010972820222377777
0.10701718926429749
-0.0033245794475078583
0.13722094893455505
-0.04637891799211502
0.09614763408899307
-0.21479861438274384
-0.022995781153440475
-0.0017417969647794962
-0.0894087478518486
-0.20559990406036377
-0.05905069038271904
0.03912338241934776
-0.04967375844717026
-0.04931012913584709
-0.2306223213672638
-0.1562378704547882
-0.05713385343551636
0.03497687727212906
0.09220302104949951
-0.17880238592624664
-0.02336341142654419
0.10864163935184479
0.01839427836239338
-0.11096446961164474
-0.1497446596622467
0.0987485870718956
0.062229983508586884
0.000743226963095367
-0.15138685703277588
0.1520451009273529
0.11291754245758057
-0.1552266925573349
0.0683763176202774
-0.0029363229405134916
-0.2915417551994324
0.11638137698173523
0.07296006381511688
0.18778295814990997
-0.10493462532758713
-0.1253974735736847
0.17675237357616425
-0.060595814138650894
0.05711539089679718
-0.09162025153636932
-0.10751976072788239
-0.16513347625732422
-0.010575966909527779
0.022318778559565544
0.2537440359592438
0.04055454209446907
-0.06832052022218704
-0.21540682017803192
0.12639619410037994
-0.0539298877120018
-0.1576218158006668
0.1326630562543869
0.016126923263072968
-0.13324736058712006
-0.04625459015369415
-0.19359682500362396
0.09763991832733154
-0.08520680665969849
0.047931164503097534
-0.08464013785123825
0.07952602207660675
-0.10498106479644775
0.12881255149841309
-0.03297740966081619
-0.12187691032886505
-0.1744137853384018
-0.09841778874397278
0.018121955916285515
-0.06720451265573502
-0.24398960173130035
0.08724324405193329
-0.04306664317846298
-0.030812466517090797
0.011717268265783787
0.03894532844424248
0.13869252800941467
-0.08874252438545227
-0.1428373157978058
-0.09369737654924393
0.016998810693621635
-0.19456687569618225
-0.07462067157030106
-0.022272758185863495
-0.3206232488155365
-0.19494539499282837
0.06541711091995239
-0.09474138170480728
-0.05737575516104698
0.06305677443742752
-0.11530996859073639
0.14034903049468994
-0.14201705157756805
0.007082668133080006
0.45242634415626526
-0.04085724428296089
-0.05991368368268013
0.03383682668209076
-0.09553935378789902
0.10387640446424484
0.05496012046933174
-0.10670484602451324
0.14403650164604187
0.04111465439200401
0.12007638812065125
-0.023388328030705452
-0.030600575730204582
-0.11018453538417816
-0.10829440504312515
-0.11389407515525818
0.08930575847625732
0.08850640803575516
0.013179601170122623
-0.04059675708413124
0.14059986174106598
-0.11931054294109344
0.07051515579223633
-0.04930095374584198
0.0723520815372467
-0.07331528514623642
0.045623987913131714
0.023467035964131355
-0.1365027278661728
-0.12690369784832
-0.09538999944925308
-0.10133202373981476
-0.08945926278829575
-0.024892844259738922
-0.14571456611156464
-0.040330372750759125
0.007418390363454819
0.04958796873688698
0.039205778390169144
-0.03318546712398529
-0.15872688591480255
0.03426516801118851
-0.11051683127880096
-0.03185707703232765
-0.09912645816802979
0.06611353904008865
-0.14152753353118896
0.06986203789710999
-0.11632039397954941
0.12406144291162491
0.025443023070693016
0.05210178717970848
-0.026514800265431404
0.02704821527004242
0.13758118450641632
-0.05578091740608215
-0.06908946484327316
0.015556327067315578
-0.08215560019016266
-0.1285838931798935
0.046703994274139404
-0.1673526018857956
-0.03847885504364967
-0.031341247260570526
-0.06357275694608688
0.01996096968650818
-0.043554674834012985
-0.12757046520709991
0.11684145778417587
-0.14807318150997162
-0.05843907222151756
0.04509144276380539
-0.13455773890018463
-0.044725313782691956
-0.0614837184548378
0.02139417827129364
-0.018207835033535957
-0.08482260257005692
0.007510533090680838
0.122922882437706
-0.0014351957943290472
-0.17657765746116638
0.0437706895172596
-0.059931300580501556
-0.1686972677707672
0.06271259486675262
0.04235163703560829
-0.07063627243041992
-0.062425918877124786
0.022355426102876663
0.0738663524389267
0.05392090603709221
0.097504623234272
-0.0441443957388401
-0.024180224165320396
0.04931684583425522
-0.10466784238815308
-0.01253804937005043
0.1110449880361557
-0.15611451864242554
0.024846188724040985
-0.011737765744328499
-0.037979718297719955
0.019821524620056152
0.10660913586616516
-0.0035477729979902506
-0.07946576178073883
0.10593590885400772
0.09043814986944199
-0.16045056283473969
0.10730460286140442
0.014678978361189365
-0.011064218357205391
-0.15510547161102295
-0.018539628013968468
-0.06989641487598419
-0.12332212924957275
-0.15539762377738953
-0.06904921680688858
0.07075142860412598
-0.10709720849990845
-0.006389755755662918
0.10064312070608139
-0.12169938534498215
0.04436812922358513
0.05825727432966232
-0.019655492156744003
-0.11551012098789215
-0.08361150324344635
0.09887523949146271
0.06241705268621445
-0.14291273057460785
-0.08028234541416168
0.0021887554321438074
-0.11107103526592255
0.06242531165480614
-0.13762205839157104
-0.1388394981622696
-0.03119613230228424
0.14227227866649628
0.11084995418787003
-0.003799046389758587
-0.15795813500881195
0.09133771806955338
-0.11150254309177399
-0.07309190183877945
-0.004881470464169979
-0.24592214822769165
0.07413805276155472
-0.09508781880140305
0.05108229070901871
-0.0680694505572319
0.12253203243017197
0.10408563166856766
-0.009342879988253117
0.15549498796463013
-0.08015763014554977
-0.2283506840467453
-0.09864544123411179
-0.15462984144687653
0.1912495344877243
0.20461919903755188
0.10383065789937973
0.11519264429807663
-0.13279235363006592
0.165267676115036
0.15858253836631775
0.0894855484366417
-0.08371692150831223
-0.09987311065196991
0.029497044160962105
-0.05778006464242935
-0.05511021241545677
-0.010625572875142097
0.18649636209011078
0.010637501254677773
0.14688365161418915
0.009188019670546055
0.049264565110206604
-0.048224784433841705
0.0860152468085289
0.08447802066802979
-0.05138980969786644
-0.14624561369419098
-0.09954357892274857
0.21121527254581451
-0.13773764669895172
-0.13371218740940094
-0.07971011847257614
-0.0846882238984108
0.0386396199464798
-0.005953127983957529
0.025769447907805443
0.04555973783135414
-0.0583052821457386
-0.09583096951246262
0.009974454529583454
0.07661178708076477
0.11108321696519852
0.09697283804416656
0.02854824997484684
-0.018069470301270485
0.07825474441051483
0.19710561633110046
-0.08501041680574417
0.024425143375992775
-0.04280470684170723
0.02588578499853611
0.012133916839957237
0.02310849353671074
-0.2687219977378845
-0.08665049821138382
-0.0032416810281574726
-0.026164069771766663
-0.1622728705406189
0.004911274649202824
0.12083395570516586
0.1195020079612732
0.13569830358028412
-0.09176606684923172
0.15226517617702484
-0.012782709673047066
0.0952710509300232
0.4187493920326233
0.09635703265666962
-0.1635587215423584
0.04621344059705734
-0.16037032008171082
0.008942391723394394
-0.1439715027809143
-0.004973112605512142
-0.15739518404006958
-0.11086355894804001
0.15093202888965607
0.04873412474989891
-0.12791676819324493
-0.14246192574501038
-0.005854757037013769
0.05557072162628174
-0.10552896559238434
-0.1248214840888977
-0.14748910069465637
0.01232294924557209
-0.21614208817481995
0.0827125534415245
-0.115714892745018
0.15934987366199493
0.18641895055770874
-0.015722965821623802
-0.03749075159430504
-0.00474343728274107
-0.143156036734581
-0.2714250087738037
-0.0175799410790205
0.14158855378627777
0.12603546679019928
0.12636512517929077
-0.03387518972158432
0.14576493203639984
0.013363957405090332
-0.05476308614015579
-0.13998068869113922
0.17661963403224945
-0.08168575912714005
-0.1355735808610916
0.15072503685951233
0.053392864763736725
-0.19504353404045105
-0.041435129940509796
0.013803625479340553
0.04319126158952713
0.007009198889136314
0.16724669933319092
0.06391771882772446
0.03163675591349602
0.0981740951538086
-0.09728507697582245
0.05616172403097153
0.024779383093118668
0.060286492109298706
-0.11389972269535065
-0.020023459568619728
0.010405746288597584
-0.028712349012494087
-0.030217064544558525
-0.09895309805870056
-0.031294211745262146
0.05909988284111023
0.04221672564744949
0.029951151460409164
-0.037625156342983246
-0.09663926810026169
0.11632727086544037
0.09297581017017365
-0.08683307468891144
0.14336930215358734
0.1121734231710434
0.10429791361093521
-0.04212483763694763
-0.09803295880556107
-0.09250196814537048
-0.0722503736615181
-0.16314628720283508
-0.09395785629749298
0.18840090930461884
-0.04730425775051117
-0.10411650687456131
0.1138506829738617
-0.025413356721401215
0.01337647158652544
0.010998941026628017
-0.12252070754766464
0.07989638298749924
0.043675027787685394
0.15299616754055023
0.17621269822120667
0.12421082705259323
-0.06498071551322937
-0.1320296674966812
-0.0634385421872139
-0.07730085402727127
0.12794843316078186
-0.03451503440737724
-0.11021788418292999
-0.035034649074077606
-0.16894222795963287
-0.029812349006533623
-0.06601188331842422
0.023781875148415565
-0.10398495197296143
-0.104435496032238
0.013999036513268948
0.031116219237446785
-0.22046853601932526
0.06476511061191559
-0.06610871106386185
-0.1975155621767044
0.15855029225349426
0.23904824256896973
0.1603931486606598
0.0498177707195282
0.012742707505822182
-0.03136461600661278
0.13882853090763092
0.009392354637384415
-0.11083877086639404
0.011789553798735142
0.07087352126836777
-0.039412375539541245
0.20562759041786194
-0.2029125839471817
0.10766686499118805
-0.19644403457641602
0.21141253411769867
0.15556292235851288
0.22024007141590118
0.00044572274782694876
0.09191538393497467
-0.03649689629673958
0.03054146096110344
-0.12157398462295532
-0.1518334001302719
-0.1510421335697174
-0.07477139681577682
-0.0862942636013031
0.011498925276100636
0.038142796605825424
0.10989675670862198
-0.07713938504457474
-0.016335029155015945
-0.14132748544216156
0.04848700389266014
0.05086642503738403
-0.014222466386854649
-0.2601849436759949
0.056991782039403915
-0.15603865683078766
0.23661750555038452
-0.1266094446182251
0.030442923307418823
0.08084971457719803
-0.047293540090322495
0.19533120095729828
0.06545346230268478
-0.07698281854391098
0.160868838429451
0.011972690001130104
0.009584237821400166
-0.1763780415058136
-0.12986990809440613
0.2578090727329254
-0.11815766990184784
-0.12678690254688263
-0.0018138032173737884
-0.048242393881082535
-0.1996765434741974
0.00946322176605463
0.1321546733379364
-0.12592217326164246
0.07218705862760544
0.08800411224365234
-0.03627937659621239
0.0176084041595459
0.04543054848909378
0.15812331438064575
0.11834999918937683
-0.22368188202381134
-0.09204881638288498
-0.10543477535247803
-0.089784175157547
-0.1110217496752739
-0.08174236118793488
-0.06824146211147308
-0.16583476960659027
0.019346609711647034
-0.09023258090019226
0.1365000307559967
-0.07260365039110184
-0.08322124928236008
0.033702313899993896
0.07574060559272766
-0.03545691445469856
0.0002580025466158986
-0.08746585249900818
0.0903438925743103
-0.10900973528623581
-0.1570083200931549
-0.17038068175315857
-0.0021182948257774115
-0.04165193438529968
-0.15901601314544678
0.023635318502783775
-0.1595199853181839
-0.20259559154510498
-0.05071140453219414
-0.027347451075911522
0.0108747323974967
-0.19561204314231873
0.03142882511019707
-0.05628314986824989
-0.02447151578962803
0.05509496107697487
-0.33896756172180176
-0.11908680200576782
-0.10340457409620285
-0.09137270599603653
-0.1210421547293663
-0.15958210825920105
-0.03512187674641609
-0.10508106648921967
-0.19125299155712128
-0.07629620283842087
0.09299425780773163
0.10402143746614456
-0.13328877091407776
0.09774629026651382
0.16270644962787628
-0.1046871617436409
-0.011322702281177044
-0.055777858942747116
-0.1863536387681961
-0.07243356853723526
-0.08099407702684402
-0.18922960758209229
0.05871480703353882
-0.03129485622048378
-0.017980564385652542
-0.042656879872083664
-0.21019157767295837
0.1204245537519455
-0.24329166114330292
-0.1874943971633911
0.13567715883255005
-0.10367896407842636
0.020861158147454262
-0.005423934198915958
0.07795736193656921
0.09331614524126053
-0.232864648103714
-0.032373957335948944
0.0705692321062088
-0.12653280794620514
-0.12505754828453064
0.09089656919240952
-0.1813918501138687
0.00616253400221467
-0.07778488844633102
-0.01593051105737686
0.09002255648374557
0.08527325838804245
0.08674799650907516
0.2079843431711197
0.1022760346531868
0.13990187644958496
-0.009858698584139347
-0.004413547459989786
0.10465099662542343
-0.1432962566614151
-0.10951077193021774
0.06382361799478531
-0.13274386525154114
0.0059053534641861916
0.13817858695983887
0.09036430716514587
-0.08283323049545288
-0.0916372686624527
-0.1784612536430359
0.13604950904846191
0.01775502786040306
-0.287609726190567
-0.10143845528364182
0.03282717615365982
-0.09317540377378464
-0.02452530898153782
-0.006269311066716909
-0.015891415998339653
0.015491761267185211
-0.16028143465518951
0.002654921030625701
-0.060493145138025284
-0.015202400274574757
0.048804622143507004
-0.12582334876060486
-0.02175593003630638
-0.046417590230703354
0.08996788412332535
-0.06403867155313492
-0.10699420422315598
0.018651705235242844
0.11364259570837021
-0.10716167092323303
-0.25787025690078735
0.1176176369190216
-0.13395066559314728
0.05368315801024437
-0.17755486071109772
-0.38523387908935547
-0.03829553723335266
-0.1391661912202835
-0.02837173454463482
-0.17639337480068207
0.07427928596735
-0.15830238163471222
-0.017525240778923035
-0.005430059507489204
-0.008542340248823166
-0.04594891145825386
0.009573704563081264
-0.003358116839081049
-0.03788084536790848
-0.08959876745939255
-0.20192250609397888
0.24278046190738678
-0.09888718277215958
-0.06019124388694763
-0.18858520686626434
0.026535963639616966
0.07585027068853378
-0.11928077042102814
0.023590747267007828
0.055390093475580215
0.060067567974328995
0.13316893577575684
-0.16184665262699127
-0.1160140335559845
-0.08932904899120331
-0.05951280519366264
-0.19798056781291962
0.009266061708331108
0.16258400678634644
-0.004387538880109787
-0.05208338052034378
-0.032026104629039764
-0.1164986789226532
-0.06181411072611809
-0.018594564869999886
-0.18950700759887695
-0.048784926533699036
-0.1377076357603073
-0.055187661200761795
0.044152893126010895
0.04832019284367561
-0.22579669952392578
-0.010197139345109463
0.09167734533548355
0.09597328305244446
-0.0076530384831130505
0.06798288226127625
0.22368793189525604
0.020491234958171844
-0.11322690546512604
0.12772582471370697
-0.20775781571865082
-0.1325504034757614
-0.03695330023765564
-0.024317210540175438
-0.016825908794999123
0.1113525927066803
0.0234075840562582
0.0066707199439406395
0.08041788637638092
-0.07993379235267639
0.11655677109956741
0.08324060589075089
0.09849309921264648
-0.2251778095960617
-0.02113025076687336
-0.0553380511701107
-0.1564672738313675
-0.0795402079820633
-0.035333629697561264
-0.21066612005233765
-0.14659807085990906
-0.1232435330748558
-0.1257871687412262
-0.22574420273303986
-0.016933828592300415
0.11025967448949814
-0.09906652569770813
-0.12133397907018661
0.16750149428844452
-0.14850910007953644
-0.017688952386379242
0.12133140861988068
0.05622381344437599
-0.07875271141529083
-0.07596104592084885
-0.0453183576464653
0.08964040130376816
0.10329312831163406
0.0975496768951416
-0.02152683027088642
0.03891659155488014
-0.11090284585952759
-0.12325729429721832
-0.3413478136062622
-0.1742154359817505
0.23421373963356018
-0.15344201028347015
0.012938746251165867
-0.039968639612197876
0.12727998197078705
-0.0235664751380682
0.08728237450122833
-0.17458797991275787
-0.0914212167263031
-0.014429580420255661
-0.184866264462471
0.056384433060884476
-0.22562101483345032
-0.13615454733371735
0.09435288608074188
0.056220509111881256
0.0543338879942894
-0.0997161790728569
-0.00919652171432972
0.0493764765560627
-0.039449408650398254
-0.011868281289935112
0.0016383699839934707
-0.020594444125890732
-0.03970502316951752
0.0207431148737669
0.08465391397476196
-0.08608482033014297
-0.20644110441207886
-0.11786076426506042
0.12018992006778717
-0.09337502717971802
-0.07493110001087189
0.15439102053642273
-0.08528868854045868
-0.15458610653877258
-0.04217865318059921
0.08499681949615479
0.13229134678840637
-0.11800457537174225
0.21576113998889923
-0.04568158835172653
0.0510249100625515
-0.06642987579107285
0.12938977777957916
0.09743152558803558
0.03633328527212143
-0.015691228210926056
0.07304404675960541
-0.11545588821172714
0.03101304918527603
0.01531925331801176
0.08257985860109329
0.08919171243906021
-0.14417009055614471
-0.14728784561157227
0.12623541057109833
-0.08813918381929398
0.08460310101509094
-0.059783272445201874
0.20043420791625977
0.05580539256334305
0.12058383971452713
-0.15138058364391327
0.060146018862724304
-0.01960703916847706
-0.13021251559257507
0.10417167097330093
-0.0425100214779377
-0.036681924015283585
-0.002234983490779996
0.10980068892240524
-0.025461630895733833
-0.06489237397909164
-0.19690760970115662
0.02710975520312786
0.08746109902858734
-0.06049264967441559
0.022331727668642998
-0.037942074239254
0.0043327417224645615
-0.18500077724456787
0.21003906428813934
0.032769788056612015
0.003466331632807851
0.0695040225982666
0.19102329015731812
-0.06077204644680023
0.16138523817062378
-0.14773699641227722
-0.08351504057645798
0.0761772096157074
-0.10201741755008698
-0.02706470713019371
0.09094331413507462
0.09906809777021408
0.03709685429930687
-0.12151709198951721
-0.08712628483772278
-0.23075547814369202
0.1458122283220291
-0.06558568775653839
0.05316617712378502
-0.04294663295149803
-0.06081562861800194
0.02355458401143551
0.06815771013498306
0.12518854439258575
0.10221746563911438
-0.12222368270158768
0.002096471842378378
-0.12450212985277176
-0.02470322512090206
0.13322283327579498
0.09398656338453293
0.1419101059436798
-0.11378530412912369
-0.08404666185379028
-0.016902323812246323
0.045066576451063156
0.0008354663150385022
-0.10437045991420746
0.06432589888572693
0.14206565916538239
-0.07915127277374268
-0.03652719780802727
0.04499022290110588
-0.1823759526014328
0.02797972969710827
0.10719456523656845
-0.16258053481578827
-0.09655837714672089
0.058273639529943466
0.040755145251750946
0.1379348784685135
-0.15808530151844025
-0.10884832590818405
-0.02895297110080719
0.053756482899188995
0.0696505680680275
0.20676295459270477
0.07042863219976425
-0.025545544922351837
0.012551587074995041
-0.09424035996198654
0.03861358389258385
-0.028788113966584206
-0.1919804811477661
-0.20971979200839996
-0.10567863285541534
-0.11515435576438904
-0.1654195636510849
0.03996937721967697
-0.1962401270866394
0.029988661408424377
0.07959480583667755
0.012205158360302448
0.05661642923951149
-0.04588079825043678
0.06320837140083313
0.0709274634718895
0.04020465165376663
-0.12449748814105988
-0.0026315313298255205
0.16391894221305847
0.06396465003490448
0.14445488154888153
0.21862207353115082
0.03380090743303299
-0.27509236335754395
-0.11973210424184799
-0.11349648237228394
0.08076170831918716
0.05613139271736145
-0.1551443487405777
-0.03609957918524742
-0.17385821044445038
0.04131965711712837
-0.24579443037509918
-0.045262981206178665
-0.10147780179977417
0.02619367092847824
0.14369286596775055
0.022719312459230423
-0.01339827198535204
0.07180332392454147
-0.07744577527046204
0.018149733543395996
0.09048973768949509
-0.2195025384426117
-0.16409124433994293
-0.052291810512542725
-0.03863539546728134
-0.03569890186190605
-0.07551136612892151
0.10360362380743027
0.24790316820144653
0.1022738516330719
-0.0550621896982193
-0.146269291639328
-0.09283777326345444
0.04319164156913757
-0.22299498319625854
0.2363281548023224
0.058031078428030014
-0.026184067130088806
-0.1167951226234436
-0.09426993876695633
-0.016667403280735016
-0.025365538895130157
0.1745346486568451
-0.04631640762090683
0.14362643659114838
0.1842048317193985
-0.015136230736970901
-0.14370077848434448
-0.23967978358268738
0.08302918821573257
0.06918619573116302
-0.0453270748257637
-0.11424976587295532
-0.0532124862074852
0.06052554026246071
-0.3047638237476349
-0.08896462619304657
0.11892873048782349
0.0957472175359726
-0.0700518786907196
0.23004749417304993
0.18177801370620728
-0.01415947638452053
0.34383833408355713
-0.02532097138464451
0.03141482174396515
0.1037641242146492
0.0856674388051033
0.1317625641822815
-0.1426812708377838
-0.2721731662750244
0.0491127148270607
0.0759379044175148
0.08103086054325104
0.16362476348876953
-0.14767631888389587
0.04276973381638527
0.16361752152442932
-0.17233335971832275
-0.19072139263153076
0.09969855844974518
-0.08251449465751648
-0.0009316229843534529
-0.10216034948825836
0.12183117121458054
0.07836133241653442
-0.02373574674129486
-0.016048602759838104
0.19218628108501434
0.09282179176807404
0.09717869758605957
0.13051199913024902
-0.07285553961992264
-0.03287040814757347
-0.21020923554897308
-0.050751544535160065
-0.32850533723831177
-0.33574390411376953
0.03697140887379646
-0.13389882445335388
0.19041790068149567
0.007226057816296816
-0.19027824699878693
-0.14498181641101837
-0.02309960126876831
0.015197898261249065
-0.031984198838472366
0.10373306274414062
-0.17847652733325958
-0.0077207316644489765
0.06797559559345245
0.025956688448786736
0.06132246553897858
-0.11426163464784622
-0.2294401079416275
0.09952418506145477
0.005822346545755863
0.2190728783607483
0.030359596014022827
-0.001840527169406414
0.04930911213159561
-0.1509532779455185
-0.2825357913970947
-0.16653059422969818
0.013205669820308685
0.1278102695941925
-0.07349463552236557
-0.25204339623451233
0.09584099054336548
-0.11029084771871567
0.10957896709442139
-0.182734876871109
-0.07124049216508865
-0.007839391008019447
-0.08715703338384628
-0.1268334537744522
-0.030137449502944946
0.038288459181785583
0.08437392860651016
-0.12715193629264832
0.020899692550301552
-0.04640199616551399
-0.25587236881256104
-0.0765659287571907
0.06563591212034225
0.07690668106079102
-0.13792738318443298
-0.06429403275251389
0.00861823558807373
0.18430154025554657
-0.17852932214736938
-0.11519350111484528
-0.006675392389297485
0.12419579178094864
-0.12426061183214188
-0.15169736742973328
0.014808302745223045
0.07371304929256439
-0.12249070405960083
-0.037126053124666214
-0.09579180926084518
0.02925080619752407
-0.039219003170728683
0.056065093725919724
4.309424548409879e-05
-0.12386032938957214
-0.03031768463551998
-0.05506677180528641
-0.04386529326438904
0.09435021132230759
-0.27118203043937683
0.05410367250442505
-0.0931069552898407
0.0331302210688591
-0.012805658392608166
-0.10734439641237259
0.06924513727426529
0.03011467680335045
0.10535036772489548
0.04201095923781395
-0.20789405703544617
0.16363833844661713
-0.08335455507040024
0.15590552985668182
-0.1959867924451828
0.030061382800340652
0.05067609250545502
0.01157836802303791
-0.07976435869932175
-0.09413593262434006
-0.15063150227069855
0.12799125909805298
-0.16219106316566467
0.028214726597070694
-0.0016194414347410202
-0.13490159809589386
0.051766376942396164
-0.10030905157327652
-0.033824075013399124
-0.06241156905889511
0.1541922241449356
-0.17066533863544464
-0.11360973864793777
-0.11435234546661377
-0.20645879209041595
0.00531689403578639
0.05436532199382782
0.100770503282547
-0.10147129744291306
0.007467684801667929
0.006284015718847513
-0.0064809275791049
-0.1632624715566635
-0.053814847022295
-0.036264561116695404
0.002421661512926221
-0.12280113250017166
0.06558247655630112
-0.01472558081150055
0.04063417762517929
0.06062518060207367
0.025343231856822968
0.1827995330095291
-0.04168938845396042
0.1531781405210495
0.1448182314634323
0.07170478999614716
-0.1535240113735199
0.04602287337183952
-0.06888408213853836
0.0049654035829007626
-0.23558786511421204
0.06750891357660294
-0.08291098475456238
-0.0824546068906784
-0.13989870250225067
-0.07795645296573639
0.04033774510025978
-0.241056427359581
0.13725586235523224
0.02460905723273754
-0.17309652268886566
-0.009644695557653904
0.09941226989030838
-0.16596542298793793
-0.02800939418375492
-0.043038371950387955
0.10227082669734955
-0.19382573664188385
-0.05831606686115265
-0.04490193724632263
-0.08368879556655884
-0.030154269188642502
0.0100843645632267
-0.0245871152728796
0.11721502244472504
0.204790398478508
-0.07822519540786743
-0.19632166624069214
0.2097722738981247
-0.04746145009994507
-0.0810936838388443
-0.13083013892173767
0.12128926813602448
-0.18483099341392517
-0.12260545790195465
0.06646887212991714
-0.09156569093465805
-0.18421873450279236
-0.10588444769382477
0.026969503611326218
-0.029117526486516
0.11323344707489014
0.10400280356407166
-0.0363382026553154
0.13495145738124847
-0.06997308880090714
-0.004611518234014511
-0.08463314175605774
-0.004209279082715511
0.08737394958734512
0.08665043860673904
-0.08896233141422272
-0.13787433505058289
-0.13079805672168732
0.028711367398500443
-0.036461904644966125
-0.17866599559783936
0.03951096534729004
-0.023410996422171593
-0.020623255521059036
-0.03752974793314934
0.018732566386461258
-0.11772990226745605
0.1361963003873825
0.1683811992406845
-0.09657849371433258
0.05932440981268883
0.14140452444553375
0.14280490577220917
-0.019904091954231262
-0.18954811990261078
-0.09778625518083572
-0.05671330541372299
0.15541072189807892
0.17766620218753815
-0.05707072094082832
0.06091179698705673
-0.06020946055650711
0.034686118364334106
0.01408483274281025
0.1614426225423813
0.042405929416418076
0.09716178476810455
0.08455493301153183
-0.16296100616455078
-0.04755740240216255
-0.13164293766021729
-0.25529366731643677
-0.1957203447818756
0.13159239292144775
0.17485859990119934
-0.2392047941684723
-0.012754982337355614
0.07061447203159332
-0.00010052014840766788
0.11672203987836838
0.04231520742177963
-0.004313348326832056
-0.04818571358919144
0.08858053386211395
-0.10564538836479187
-0.08334065973758698
0.17558878660202026
-0.04288916662335396
0.27028167247772217
0.07116622477769852
-0.1607174128293991
-0.04093880206346512
0.0562308244407177
-0.061350565403699875
0.07433068752288818
0.08184453099966049
0.04793452098965645
0.09128992259502411
-0.0434618778526783
-0.2018597275018692
-0.17878592014312744
-0.0034960925113409758
-0.12436168640851974
-0.002314538462087512
0.06581102311611176
-0.09965099394321442
0.012003944255411625
-0.13701742887496948
0.013698980212211609
0.02935377135872841
0.0017004215624183416
-0.20095622539520264
0.036142297089099884
-0.1637275218963623
0.020744580775499344
-0.0807066336274147
-0.1059078574180603
0.07495591789484024
-0.027997346594929695
-0.1609257161617279
0.09858335554599762
0.09580547362565994
0.1018218994140625
0.10934159904718399
0.18801522254943848
-0.021150412037968636
-0.07814930379390717
-0.058393631130456924
-0.008154710754752159
0.022722162306308746
-0.17124226689338684
-0.0020492703188210726
0.140011265873909
0.07475005090236664
-0.1796354204416275
0.04217538237571716
0.0032868857961148024
-0.05468369647860527
0.07365956157445908
0.06667301058769226
-0.02989315800368786
0.09268312901258469
-0.14496909081935883
0.06544598937034607
-0.018622921779751778
-0.10054433345794678
0.11148776113986969
0.1273760348558426
0.091792032122612
0.13529449701309204
-0.007253047078847885
0.07752908766269684
0.14665517210960388
0.047858744859695435
0.03273594006896019
-0.10131067782640457
0.0342802070081234
-0.02138647250831127
-0.04461601376533508
-0.16160021722316742
-0.1062898188829422
0.11642439663410187
0.06283210217952728
-0.09483075141906738
0.19147245585918427
-0.13697069883346558
-0.08649660646915436
0.083901546895504
0.023509684950113297
0.12648673355579376
0.030021851882338524
-0.07198548316955566
0.02791636437177658
-0.07563021034002304
-0.14040279388427734
0.034501343965530396
-0.010580641217529774
0.019956151023507118
0.07001827657222748
-0.07882281392812729
0.12633919715881348
-0.017723051831126213
0.09022852033376694
-0.011751089245080948
0.02619011141359806
-0.06214892864227295
0.14686048030853271
0.04523046687245369
0.09093183279037476
0.05795389413833618
0.08818824589252472
0.05773317441344261
-0.009962494485080242
0.14180369675159454
-0.047195903956890106
0.05061032250523567
-0.043922632932662964
0.0003463446337264031
0.17764225602149963
0.11266284435987473
0.22782857716083527
-0.23684290051460266
0.08157453685998917
-0.007039053365588188
0.1612929254770279
0.12535224854946136
-0.16902488470077515
0.13126525282859802
-0.002394814044237137
0.05786735936999321
-0.09051661193370819
0.13215500116348267
0.07677198946475983
-0.023147348314523697
0.02397153154015541
-0.23427768051624298
0.1306559145450592
0.05679133161902428
0.03675605356693268
0.05068301409482956
0.06868626922369003
0.08670920133590698
0.09098434448242188
0.011626542545855045
-0.054540690034627914
-0.06053595617413521
0.04401296749711037
-0.1417251080274582
0.24236081540584564
-0.11519697308540344
-0.16406700015068054
0.18149492144584656
-0.15341778099536896
-0.0024916944094002247
-0.01782641001045704
-0.05618228763341904
-0.09381958842277527
0.2190314531326294
0.1703372746706009
-0.046800050884485245
-0.11048450320959091
-0.09647206217050552
-0.18408627808094025
-0.06921342015266418
0.003715118393301964
-0.07580898702144623
-0.14208263158798218
-0.05101288855075836
0.11421044170856476
0.03167876973748207
-0.057221148163080215
-0.0583929643034935
-0.06314627081155777
0.174705371260643
0.020043091848492622
0.2620681822299957
0.00774184986948967
-0.1686704307794571
-0.22811879217624664
-0.10672541707754135
0.13324332237243652
0.08294858038425446
-0.11624546349048615
-0.14940854907035828
-0.03658738359808922
-0.11678287386894226
0.14880232512950897
-0.053073130548000336
-0.02959323115646839
-0.10561220347881317
0.0458187535405159
-0.157821387052536
-0.1525716483592987
0.09709770977497101
-0.06715230643749237
0.10202600061893463
-0.1079469621181488
0.03199632838368416
0.12627379596233368
0.1342392861843109
-0.21045905351638794
0.06508837640285492
0.03753605857491493
-0.03638515621423721
0.030841544270515442
0.014245809055864811
0.09120991080999374
0.04030263423919678
-0.032937269657850266
-0.009458130225539207
0.20695719122886658
-0.06118462234735489
0.07174190878868103
0.21046572923660278
-0.06950755417346954
0.15273523330688477
-0.028273286297917366
-0.017682751640677452
0.12375696003437042
-0.09770873188972473
0.034845564514398575
0.07881555706262589
-0.16038882732391357
-0.22554898262023926
-0.022372646257281303
0.037693023681640625
0.02867664024233818
-0.02183534950017929
0.0917808786034584
0.08000535517930984
-0.21941861510276794
-0.22671425342559814
-0.1574929654598236
0.0879579558968544
0.14763660728931427
-0.0664750188589096
-0.002197088673710823
-0.014011571183800697
-0.04126168414950371
0.26650404930114746
0.09362650662660599
-0.118400938808918
-0.11536964774131775
0.15619410574436188
-0.05430715158581734
-0.11753886938095093
0.06147000566124916
-0.0037344268057495356
-0.1375531405210495
0.15363270044326782
0.06957793235778809
0.19195862114429474
-0.12221291661262512
0.28705334663391113
-0.06126745045185089
0.10884872823953629
-0.06206107139587402
-0.11984380334615707
0.08622030168771744
0.11348484456539154
0.09816572070121765
0.09843352437019348
-0.17090414464473724
0.07909936457872391
-0.11590694636106491
-0.2621845602989197
-0.04526349529623985
0.049130648374557495
0.08203160762786865
-0.12065787613391876
-0.03058188036084175
-0.11896643787622452
-0.1432928740978241
0.10225562751293182
0.08275637030601501
0.1142040491104126
-0.10895919054746628
-0.013866008259356022
0.05119850113987923
-0.3406778573989868
-0.3174956440925598
-0.03336549177765846
-0.2485034316778183
0.023797255009412766
0.09096076339483261
0.008289068937301636
0.23525409400463104
-0.2829202115535736
0.0445576049387455
-0.005289177410304546
0.06021231785416603
-0.2065700739622116
-0.04143049567937851
-0.002280730986967683
0.11760281026363373
-0.19294854998588562
-0.0892673060297966
-0.1465470790863037
0.003331543644890189
-0.09772597253322601
-0.14996618032455444
-0.108383409678936
0.034005001187324524
-0.03179420530796051
-0.0406736321747303
-0.015998130664229393
-0.008765322156250477
-0.12411656230688095
-0.09299177676439285
0.003547882428392768
0.06875036656856537
0.1564227193593979
0.0627024844288826
-0.03477737307548523
-0.057772569358348846
-0.08984038233757019
-0.07530831545591354
0.08067132532596588
0.0901135504245758
0.028352564200758934
-0.017092877998948097
-0.07119759917259216
0.11320293694734573
-0.14216144382953644
-0.1535106599330902
-0.03309113532304764
-0.08408081531524658
-0.08208045363426208
0.07187507301568985
0.01416932325810194
0.11845003813505173
-0.0031838028226047754
0.13082805275917053
-0.1356339156627655
-0.0323883518576622
-0.09010262042284012
-0.0872594490647316
0.09036409109830856
0.06333214789628983
0.06118566542863846
-0.027953967452049255
-0.14827081561088562
0.0012045721523463726
-0.07907874882221222
-0.16609327495098114
-0.02807658538222313
0.13284389674663544
0.06524627655744553
-0.07665188610553741
-0.1103837788105011
-0.10722243785858154
-0.06165853515267372
-0.07638299465179443
-0.12214057147502899
0.03800949826836586
0.12714000046253204
0.057493239641189575
-0.05819426849484444
-0.16053824126720428
-0.12960009276866913
-0.10681132972240448
0.09460537135601044
0.128475621342659
-0.020193910226225853
0.002119078068062663
-0.0863073542714119
-0.1037505567073822
0.08355089277029037
0.08719588816165924
0.13696321845054626
0.02357303351163864
-0.10786192864179611
0.022477321326732635
-0.11104930192232132
0.04420154169201851
-0.15007346868515015
-0.17541544139385223
0.07803767174482346
0.11712758988142014
-0.133446604013443
0.09144528955221176
-0.06556863337755203
-0.09205110371112823
0.10225558280944824
-0.15052923560142517
0.07404153048992157
-0.12282659858465195
0.125601127743721
-0.013187943957746029
-0.010715093463659286
-0.14561603963375092
-0.131595179438591
0.11977417021989822
-0.09919490665197372
-0.15191566944122314
0.08555963635444641
-0.05833255499601364
0.0998854711651802
-0.14235658943653107
-0.14678144454956055
-0.18245592713356018
-0.03025663085281849
0.004494005348533392
0.12167225033044815
0.07169502973556519
0.10968586802482605
-0.06280836462974548
-0.14968331158161163
-0.11967620998620987
-0.03356333076953888
-0.13541166484355927
-0.102010078728199
-0.025630364194512367
-0.10554766654968262
0.06921062618494034
0.09573277831077576
-0.0973634198307991
0.053222738206386566
0.0970996618270874
0.1429227590560913
0.08695028722286224
0.008196116425096989
-0.11022539436817169
0.01434103213250637
-0.12985022366046906
-0.026484301313757896
-0.14833831787109375
0.014642136171460152
-0.15318535268306732
0.06505239009857178
0.1052529513835907
-0.09080610424280167
0.12486449629068375
-0.046126652508974075
-0.11964567750692368
0.023052051663398743
-0.014468359760940075
-0.047679126262664795
0.21089468896389008
0.12587760388851166
-0.15086929500102997
-0.0024554759729653597
-0.11131884902715683
-0.06851813197135925
0.10111923515796661
-0.0389983095228672
-0.17325282096862793
0.10658252984285355
-0.05513836815953255
0.12014859169721603
0.0050032055005431175
-0.1797431856393814
0.07868381589651108
0.19541682302951813
-0.02942570298910141
-0.16324149072170258
-0.07187418639659882
0.07413201779127121
0.1251981258392334
0.07505463063716888
0.05350487306714058
0.07308132201433182
-0.0034182718954980373
-0.03229778632521629
0.09697858989238739
0.09455996006727219
-0.0057527245953679085
-0.19281475245952606
0.11371292918920517
0.1047876700758934
-0.055693380534648895
-0.21504807472229004
-0.15745492279529572
0.20114919543266296
-0.03741117939352989
-0.10172148048877716
-0.1110980436205864
0.1252380758523941
0.011324920691549778
-0.16786415874958038
-0.06845767796039581
0.019723650068044662
-0.18769723176956177
-0.15581154823303223
0.1081867665052414
0.20187516510486603
-0.16104918718338013
-0.16680970788002014
0.11379050463438034
-0.051697682589292526
0.20851890742778778
0.0013620660174638033
0.08161965757608414
-0.005885654594749212
-0.1489756852388382
-0.09179337322711945
0.02261197753250599
0.059079259634017944
-0.05389716476202011
-0.12411613017320633
-0.21721294522285461
-0.10206600278615952
0.09578254073858261
0.005609393119812012
-0.21483831107616425
-0.06348522752523422
-0.037291333079338074
-0.13719354569911957
-0.17206010222434998
0.05077299103140831
0.2314174771308899
-0.2502765357494354
-0.18552833795547485
-0.04912685975432396
-0.15767142176628113
0.20017234981060028
-0.0971103236079216
0.0910957008600235
0.1845962405204773
0.037837427109479904
0.21072030067443848
-0.006699050776660442
0.04938482493162155
-0.2085844725370407
-0.003270848887041211
0.011338739655911922
0.02788395993411541
0.03211862966418266
-0.17273865640163422
0.050956692546606064
-0.04277338460087776
-0.061493661254644394
-0.009693028405308723
-0.04505179822444916
0.0797862634062767
-0.26474621891975403
0.038175053894519806
0.1711186170578003
0.011880718171596527
0.08804575353860855
-0.16424554586410522
0.04446880519390106
-0.16277115046977997
-0.027320120483636856
-0.05032713711261749
-0.12712682783603668
0.10644596070051193
0.001722118817269802
-0.1341874748468399
-0.015847906470298767
0.05302807316184044
-0.030184056609869003
0.1684357076883316
-0.005363862030208111
0.002847079187631607
-0.11700254678726196
0.06397423148155212
-0.0487062893807888
-0.024941639974713326
0.017149602994322777
-0.0006128170061856508
0.17233872413635254
-0.1418217271566391
-0.1186518594622612
0.028210075572133064
-0.10998333990573883
0.13946886360645294
0.14298176765441895
0.021471351385116577
0.16308778524398804
0.3313409686088562
-0.14074300229549408
-0.02092934586107731
0.14899718761444092
-0.12600849568843842
-0.09468325227499008
-0.10076889395713806
0.13125763833522797
0.014841976575553417
0.049667805433273315
-0.18716368079185486
0.25303542613983154
0.1382317990064621
-0.04881168529391289
0.025531483814120293
-0.010034478269517422
-0.1922149807214737
-0.10545846074819565
-0.07757730782032013
0.07183592021465302
0.1499599665403366
-0.005774242337793112
0.021364886313676834
-0.16676285862922668
-0.21026042103767395
0.050302233546972275
-0.08073823153972626
0.26729682087898254
0.08034408092498779
-0.23472101986408234
0.05706612393260002
0.13719891011714935
-0.2737247347831726
0.12000016123056412
0.05434907227754593
-0.11502023786306381
-0.07862360030412674
0.14409586787223816
-0.1418570876121521
-0.04813160374760628
0.09943690896034241
0.0022130755241960287
0.0473640039563179
0.2385481894016266
-0.27197542786598206
0.18408329784870148
-0.09028442949056625
0.11378596723079681
0.014494064263999462
0.20668335258960724
-0.10438505560159683
-0.05656140670180321
0.00831465981900692
0.06438463181257248
-0.18463321030139923
-0.013258804567158222
-0.05958741158246994
0.11145024746656418
-0.005332693923264742
-0.07796330004930496
-0.09668846428394318
0.03495108336210251
0.24818606674671173
0.04281577095389366
-0.06476209312677383
-0.06189192086458206
0.07524336129426956
-0.0008047189912758768
0.14145411550998688
0.17890024185180664
-0.07319134473800659
-0.09675101935863495
0.12102947384119034
-0.16344797611236572
0.0024462873116135597
0.0790899321436882
-0.0034587287809699774
-0.19410815834999084
-0.13032320141792297
-0.13114231824874878
-0.12976177036762238
0.13309894502162933
-0.011441808193922043
-0.33793696761131287
-0.04809536039829254
-0.08261271566152573
-0.18480055034160614
0.04908214882016182
0.06397939473390579
0.0028173052705824375
0.11562328040599823
-0.18583568930625916
0.10313993692398071
0.06832674890756607
0.048550091683864594
0.10394833981990814
0.19463448226451874
-0.14445093274116516
-0.2472020536661148
0.14705798029899597
0.258392333984375
-0.08127323538064957
0.08422183990478516
-0.2691781222820282
0.022077243775129318
-0.09579907357692719
-0.23110395669937134
0.003899589879438281
0.26642483472824097
-0.11862367391586304
-0.014079534448683262
0.15468604862689972
-0.00603320449590683
-0.27918174862861633
0.07476231455802917
0.02880256623029709
-0.057570867240428925
-0.10945824533700943
-0.012155622243881226
0.08982973545789719
-0.07315502315759659
0.1891973912715912
-0.05561167746782303
-0.188053160905838
0.04930131509900093
-0.046814627945423126
-0.1921406388282776
-0.08424840122461319
-0.09553150832653046
-0.023210467770695686
-0.018755720928311348
0.07829136401414871
-0.012971615418791771
-0.1750960499048233
-0.12799285352230072
0.0597662478685379
0.1522955596446991
-0.22129355370998383
-0.029448838904500008
0.12626966834068298
-0.2095080018043518
0.05129752680659294
0.09775784611701965
-0.13366204500198364
-0.14029546082019806
0.14433008432388306
-0.09488921612501144
0.01005513034760952
-0.12878605723381042
0.03855639323592186
0.06538882851600647
-0.09531883150339127
0.015048977918922901
-0.018878541886806488
-0.018895482644438744
-0.1538463681936264
0.16895343363285065
-0.25342145562171936
-0.08439090847969055
0.24656333029270172
-0.059463199228048325
0.11184930801391602
-0.13449399173259735
-0.09907037764787674
-0.017320921644568443
-0.025890124961733818
0.03432580456137657
0.17546330392360687
-0.14169223606586456
-0.05949508026242256
0.004510378930717707
-0.12207591533660889
-0.16839604079723358
-0.1300169825553894
-0.10362973064184189
0.09210741519927979
-0.00013905699597671628
-0.005829961970448494
-0.0759919211268425
-0.2055843025445938
0.0829634964466095
0.07628556340932846
0.03259335458278656
0.018014932051301003
0.03447989746928215
0.058610524982213974
-0.11249630898237228
-0.02308417111635208
0.12818624079227448
0.06580793112516403
-0.015827329829335213
-0.276254802942276
-0.12571720778942108
0.13364553451538086
0.11219000071287155
0.0497300811111927
-0.09415991604328156
0.05715750902891159
-0.13181288540363312
-0.05279076099395752
-0.1010856032371521
0.054656460881233215
-0.07593151926994324
-0.07154066115617752
0.06682553142309189
0.11952637135982513
0.06646043062210083
0.017365429550409317
-0.17626847326755524
0.20506110787391663
-0.18684174120426178
-0.04350120574235916
0.09162013232707977
0.11981058865785599
0.07571985572576523
0.0264082420617342
0.04038989916443825
-0.12611140310764313
-0.015713229775428772
-0.1090179979801178
-0.17092807590961456
-0.06975074112415314
-0.01496060285717249
0.13746866583824158
-0.07413055747747421
0.09663418680429459
-0.05952737107872963
-0.00012167538079665974
0.002320082625374198
-0.045038070529699326
-0.0032222094014286995
0.14722180366516113
0.24966870248317719
0.1325807273387909
-0.12044624239206314
0.09759552776813507
0.055622249841690063
-0.1019693911075592
-0.012544653378427029
0.0151862483471632
0.061954155564308167
-0.017646444961428642
-0.06005021929740906
0.12112274765968323
-0.08941999822854996
-0.10629978775978088
0.16961169242858887
0.13594041764736176
0.018830744549632072
0.060073595494031906
-0.020201168954372406
0.020687125623226166
-0.1559533327817917
-0.06689758598804474
-0.10047926008701324
0.03581678494811058
-0.0884120911359787
0.05195741727948189
-0.0649467334151268
0.09800305962562561
-0.14196518063545227
-0.14220865070819855
0.2858717441558838
-0.21361804008483887
-0.04583025723695755
-0.030602341517806053
0.10674353688955307
-0.002907522488385439
-0.02966390922665596
0.19459113478660583
0.11034034192562103
0.07821910083293915
-0.07258667796850204
-0.08412234485149384
0.021003978326916695
-0.13289475440979004
-0.06626736372709274
-0.1896243840456009
-0.07361852377653122
-0.20557427406311035
0.02571028657257557
-0.06948591768741608
-0.012226507067680359
0.07512761652469635
-0.028813209384679794
-0.07106313854455948
0.23294790089130402
0.01834431104362011
-0.19088831543922424
0.11288648843765259
-0.05724222585558891
-0.2432718127965927
0.011436483822762966
-0.016220998018980026
-0.12512680888175964
-0.005993787199258804
-0.14575104415416718
-0.07140703499317169
-0.013874026946723461
0.035344306379556656
0.007564610335975885
0.11011968553066254
0.006639211904257536
0.1226886436343193
0.10344783216714859
0.17903262376785278
-0.01972322352230549
0.013139886781573296
0.00829904805868864
0.18232959508895874
0.08947320282459259
0.031802862882614136
-0.07092707604169846
0.17066675424575806
-0.0793268159031868
0.17143818736076355
-0.1927240490913391
-0.16050882637500763
0.13983403146266937
-0.21585844457149506
-0.06183920428156853
0.09455318003892899
0.07766827195882797
0.0597296841442585
-0.325545072555542
0.11996838450431824
0.023779043927788734
0.09373816102743149
0.004327272996306419
0.11459513008594513
0.025259749963879585
0.033250004053115845
0.16184861958026886
0.0502985343337059
-0.11606250703334808
0.07751446217298508
0.10695604234933853
0.03405729681253433
0.14086778461933136
0.06680434942245483
-0.11431308835744858
-0.10047801584005356
-0.061917200684547424
-0.2556050717830658
0.12780894339084625
0.10288628935813904
0.018733574077486992
0.06143522262573242
0.17509593069553375
-0.013932491652667522
-0.3541935980319977
0.1678769886493683
-0.31104931235313416
-0.08150617778301239
-0.08691981434822083
-0.0859576016664505
0.05521788075566292
0.08064980804920197
-0.03410784900188446
-0.15262845158576965
-0.18775084614753723
-0.0600452646613121
0.056913912296295166
-0.09256596118211746
0.09953822940587997
0.008179565891623497
0.025083128362894058
0.1667715609073639
0.14282207190990448
0.022888371720910072
0.09205491840839386
0.12173864990472794
-0.023064635694026947
0.07965442538261414
-0.23737747967243195
-0.13169161975383759
-0.03035925328731537
0.06712589412927628
-0.10176937282085419
0.34774479269981384
-0.2249988615512848
-0.2520994544029236
-0.10243179649114609
0.012206047773361206
-0.02615024894475937
0.07040081173181534
-0.3339264988899231
0.10506617277860641
-0.01778705231845379
-0.07286889851093292
0.061421655118465424
-0.2069551646709442
-0.4291302263736725
0.2770620882511139
0.09951091557741165
0.13422927260398865
-0.1453353464603424
0.06139269471168518
-0.15991832315921783
0.03345109149813652
-0.021669529378414154
-0.0055172024294734
-0.253947913646698
0.08315574377775192
-0.04648035392165184
-0.13318301737308502
-0.06956898421049118
-0.016454627737402916
-0.2176627814769745
-0.10555977374315262
-0.06057405099272728
-0.2861764132976532
-0.19963206350803375
-0.11233174055814743
0.008491137996315956
0.010247529484331608
0.10311754047870636
-0.5095359086990356
-0.18527065217494965
-0.3386244773864746
0.09424444288015366
0.11740432679653168
0.08150042593479156
-0.13285236060619354
-0.17575761675834656
0.22363638877868652
-0.05059807002544403
-0.012342456728219986
-0.3895236551761627
-0.13883621990680695
0.025850951671600342
0.07990877330303192
0.024095982313156128
0.01485858391970396
0.03024875558912754
-0.42664635181427
-0.17724622786045074
-0.2096112221479416
0.05772705748677254
-0.013776205480098724
0.0942443311214447
-0.11954793334007263
0.09494742006063461
-0.0035679556895047426
-0.1938113272190094
0.19979694485664368
0.06973301619291306
0.16259054839611053
-0.08328314125537872
0.00683691306039691
-0.18045367300510406
-0.22303421795368195
-0.13710664212703705
0.12330295890569687
-0.20094555616378784
0.035358257591724396
-0.040647368878126144
0.12652964890003204
-0.18671800196170807
-0.10460500419139862
-0.0024214123841375113
-0.058080270886421204
-0.020408229902386665
0.15640079975128174
-0.28280335664749146
-0.06646236777305603
-0.33285096287727356
-0.09647126495838165
-0.04902459308505058
0.0012138367164880037
0.16134804487228394
-0.11293406039476395
0.03047940880060196
0.075743667781353
0.056778255850076675
-0.13092832267284393
-0.1012675017118454
-0.02435973286628723
0.028781821951270103
-0.11510369181632996
-0.12035124748945236
0.38115426898002625
-0.05329718813300133
-0.19921459257602692
-0.5303909182548523
-0.06346959620714188
0.08367713540792465
0.11050958931446075
-0.04833211749792099
-0.0013515331083908677
-0.04918314144015312
-0.15328027307987213
0.2156686782836914
0.08122643828392029
0.5361718535423279
-0.2532121241092682
0.12103424221277237
-0.12822268903255463
-0.14644494652748108
-0.10839084535837173
-0.22887550294399261
-0.0857132077217102
-0.08363445103168488
0.011669130064547062
-0.0907425507903099
0.006158245261758566
-0.0006116125732660294
-0.22556661069393158
0.10084202885627747
0.07760053128004074
-0.03970244899392128
0.15362904965877533
0.10021811723709106
0.09279364347457886
-0.02427627332508564
-0.0791240930557251
-0.10139516741037369
-0.17428696155548096
-0.025085333734750748
0.008054597303271294
0.08021052181720734
-0.09250631928443909
0.05553043633699417
0.07510226964950562
-0.03277238830924034
-0.0933503732085228
0.09102053940296173
-0.07984958589076996
0.04936501011252403
-0.009409022517502308
0.09638108313083649
0.03297707810997963
-0.12591862678527832
-0.04513926059007645
-0.0514799989759922
-0.08129139244556427
-0.10713673382997513
0.038240741938352585
0.004178677685558796
0.10099368542432785
-0.010157177224755287
-0.014446279965341091
0.027449510991573334
0.07829606533050537
-0.14931082725524902
-0.11652196198701859
0.03063848614692688
0.082157664000988
-0.11904813349246979
0.002247811295092106
-0.011448532342910767
0.03938712924718857
0.05034579336643219
-0.07671564817428589
-0.03700093552470207
-0.030055440962314606
-0.12418586760759354
0.11979388445615768
0.08124583959579468
-0.10011155903339386
-0.06762957572937012
0.0008467846782878041
0.12193228304386139
-0.10161874443292618
-0.04151656851172447
-0.06391812860965729
-0.15296195447444916
-0.11334539949893951
0.04789220914244652
-0.10163415223360062
0.1070501059293747
-0.07261797040700912
0.023131534457206726
-0.042368486523628235
-0.07657631486654282
0.13714933395385742
-0.11440466344356537
-0.05112040415406227
-0.05022481828927994
-0.15901486575603485
0.042953405529260635
-0.12472082674503326
-0.06671595573425293
-0.15504787862300873
0.0746823325753212
-0.12046357244253159
-0.07059355080127716
0.13126574456691742
0.11160068213939667
-0.022161688655614853
-0.10788765549659729
0.06398152559995651
0.08992461860179901
-0.05656321346759796
-0.053711842745542526
-0.14858879148960114
-0.13789021968841553
-0.028522327542304993
0.007700163871049881
0.0922236442565918
0.09835562109947205
0.035637080669403076
-0.16088177263736725
-0.15972594916820526
-0.08940648287534714
-0.08079370856285095
0.10629109293222427
-0.0022094747982919216
0.10584796220064163
0.0265318863093853
0.04325851798057556
-0.21443665027618408
-0.1024545207619667
-0.10893179476261139
-0.03581804037094116
-0.07185501605272293
0.014523270539939404
0.067752905189991
0.1088428944349289
-0.1045941635966301
0.0031945216469466686
-0.05669833719730377
-0.02357679046690464
-0.06630628556013107
-0.13959719240665436
0.0531841516494751
-0.06834378093481064
-0.017517346888780594
-0.10380250215530396
-0.04019913449883461
-0.06771612167358398
0.008721094578504562
0.10118941217660904
0.012831833213567734
0.1306064873933792
-0.0406838059425354
0.08780469000339508
0.09464377164840698
-0.0861683338880539
-0.15599952638149261
0.12267459183931351
-0.09848800301551819
-0.031707823276519775
-0.13878899812698364
-0.12391091138124466
-0.011385603807866573
0.11147864907979965
-0.123582623898983
0.08969675004482269
0.15437835454940796
-0.06790754199028015
0.061459239572286606
-0.1161726787686348
-0.13760100305080414
-0.07012693583965302
0.12428022176027298
-0.08156055212020874
0.06126970425248146
-0.12087105959653854
-0.17440958321094513
-0.07012144476175308
-0.13254941999912262
0.24432781338691711
-0.1267615705728531
-0.07464180141687393
0.07297434657812119
-0.14118702709674835
0.07754888385534286
0.08693218231201172
-0.060923051089048386
-0.16336369514465332
0.016353318467736244
-0.1678829789161682
-0.005348147824406624
0.08344126492738724
-0.17396168410778046
0.11586548388004303
-0.008512317202985287
-0.16004244983196259
-0.10373052209615707
-0.1001771092414856
0.014990124851465225
-0.06354223191738129
0.025341695174574852
0.0037201009690761566
-0.08276592195034027
-0.12288649380207062
0.008643744513392448
0.1774131804704666
0.022384364157915115
-0.21929126977920532
0.1327051818370819
-0.03325074166059494
0.2815917432308197
0.07442983984947205
-0.0014712456613779068
0.004694236442446709
-0.1347516030073166
-0.03629346936941147
-0.05163633078336716
0.08803533762693405
-0.1609974354505539
0.07940378785133362
-0.05789029970765114
0.09735570847988129
0.014461338520050049
-0.22333955764770508
-0.024613652378320694
-0.16196991503238678
-0.048800647258758545
-0.06916192173957825
-0.0726662427186966
-0.05904404819011688
0.04597418010234833
0.3405363857746124
-0.214568093419075
-0.06990692019462585
-0.03262801840901375
0.3037649691104889
0.1801045536994934
-0.14765407145023346
-0.12692271173000336
0.02600681595504284
-0.2141495943069458
-0.015121111646294594
0.1719198226928711
0.09518182277679443
-0.098474882543087
0.11968980729579926
0.27963635325431824
-0.18089580535888672
0.059258509427309036
-0.05927470698952675
-0.2236894965171814
-0.028144996613264084
0.2266620546579361
-0.0005353791057132185
-0.17144107818603516
0.14515915513038635
-0.2552952468395233
0.04236507788300514
0.01004023291170597
-0.1851084977388382
0.09256767481565475
0.19200056791305542
0.08769829571247101
-0.02338206022977829
0.009124248288571835
-0.42038485407829285
0.07103679329156876
0.11488689482212067
0.0665922537446022
0.0337141677737236
0.03906473144888878
-0.09533293545246124
0.024936608970165253
0.13507519662380219
-0.0037706084549427032
0.11529403179883957
-0.0270344577729702
0.10863293707370758
-0.006583302281796932
0.06905688345432281
0.06064890697598457
0.08709234744310379
-0.13898636400699615
-0.0405622273683548
-0.10685276240110397
0.13187798857688904
0.03768792375922203
-0.1668352633714676
0.054186273366212845
0.08072412014007568
-0.08703016489744186
0.02099825255572796
0.033598143607378006
0.15710024535655975
-0.03579623997211456
-0.3732060492038727
0.1476842612028122
-0.08697757869958878
0.09142213314771652
-0.10074611008167267
-0.09294015169143677
0.024390818551182747
-0.11047666519880295
-0.06148548424243927
-0.02767181769013405
-0.06667351722717285
-0.16575269401073456
0.06917298585176468
-0.17712830007076263
0.048701148480176926
0.07779952138662338
0.14222566783428192
0.0743638351559639
0.10062253475189209
-0.037260837852954865
0.11378560215234756
0.027839113026857376
0.13313022255897522
0.09648164361715317
-0.056937895715236664
0.05141725763678551
0.1651938408613205
-0.10069254040718079
-0.12484698742628098
0.09858221560716629
-0.13429342210292816
0.3271118998527527
-0.09082506597042084
0.05987607687711716
0.13968394696712494
-0.146219864487648
-0.2836133539676666
-0.16875343024730682
0.11852499097585678
0.09602098912000656
-0.08984985202550888
-0.20913055539131165
0.1132723018527031
0.03686840087175369
0.3250514268875122
0.02460266463458538
0.14480458199977875
0.22080664336681366
-0.09943033009767532
-0.005755821708589792
0.16927580535411835
-0.19736358523368835
0.08369521051645279
-0.08250133693218231
0.1661819964647293
0.24085351824760437
-0.019117482006549835
-0.16890142858028412
-0.017019636929035187
0.05415135249495506
0.0870572179555893
0.09327646344900131
0.2932998538017273
0.22805720567703247
0.1108585000038147
-0.27160248160362244
-0.005852051079273224
-0.031081484630703926
-0.1688704490661621
-0.017915118485689163
0.04498368129134178
0.06968335807323456
-0.17072822153568268
0.01963997818529606
0.034324679523706436
-0.09495367854833603
-0.041663724929094315
0.020939601585268974
-0.05465618148446083
0.11641582101583481
0.13692404329776764
-0.04453249275684357
-0.17835494875907898
0.1308784931898117
0.161116361618042
0.06778134405612946
-0.08532102406024933
-0.03402317687869072
-0.029546109959483147
0.06286358088254929
0.34224754571914673
-0.029897980391979218
-0.21423833072185516
0.047355249524116516
0.17479828000068665
-0.11903343349695206
-0.0015726109268143773
0.13534492254257202
0.09251612424850464
0.32344797253608704
0.10670396685600281
-0.2199930101633072
-0.0491885207593441
0.20552608370780945
-0.3444107472896576
0.03397054225206375
0.04313726723194122
0.00717411283403635
-0.3109041452407837
-0.04231169819831848
-0.24018849432468414
-0.0651107057929039
-0.15572218596935272
-0.2300187647342682
0.02185571752488613
0.17410215735435486
0.061333056539297104
-0.2584771513938904
-0.26979419589042664
-0.008664160966873169
-0.06391818076372147
0.04332403093576431
-0.34316158294677734
0.07226182520389557
-0.3523232936859131
-0.15481147170066833
0.025414176285266876
-0.07348176836967468
0.006727618630975485
-0.13393282890319824
-0.0125638572499156
-0.052470166236162186
0.20983251929283142
-0.011900187470018864
0.10630039125680923
-0.06290822476148605
-0.06215517595410347
-0.1369836926460266
-0.10610740631818771
0.13821493089199066
0.07376451045274734
0.14744263887405396
-0.0011277750600129366
0.027991769835352898
-0.24741131067276
0.0901792049407959
-0.047963038086891174
-0.0694752112030983
-0.10049852728843689
0.20462556183338165
-0.23629243671894073
0.1502765566110611
0.03882993757724762
0.012101746164262295
-0.24505490064620972
0.0760459154844284
-0.08037511259317398
-0.020117422565817833
-0.06501737236976624
0.015899477526545525
0.047402508556842804
0.0867781862616539
-0.2360949069261551
0.11160299181938171
0.05961211398243904
-0.09347763657569885
0.007757285609841347
-0.27132853865623474
-0.2840217053890228
0.16252732276916504
0.07929510623216629
-0.06655736267566681
-0.06746891140937805
0.11562742292881012
0.11312517523765564
-0.1477004587650299
0.10369279235601425
0.11096835136413574
-0.034183066338300705
0.022388415411114693
-0.0458780936896801
-0.2121097594499588
-0.123733289539814
-0.11812947690486908
0.13435661792755127
-0.07691196352243423
-0.10963820666074753
0.011277183890342712
-0.2252412587404251
-0.05565779656171799
-0.10019063949584961
0.3183784484863281
-0.18773768842220306
0.10050109773874283
0.02953902818262577
0.07356130331754684
-0.0785612091422081
0.09903992712497711
0.2536254823207855
-0.03445196896791458
-0.19587431848049164
-0.08822673559188843
-0.14625917375087738
-0.13248950242996216
-0.019925503060221672
0.19660237431526184
-0.14672915637493134
-0.16829349100589752
-0.06824003159999847
0.06941157579421997
-0.20443011820316315
0.039555229246616364
-0.04803844168782234
-0.029828794300556183
-0.06536360085010529
0.008027637377381325
0.057770878076553345
0.24731329083442688
0.03560073301196098
0.08101730048656464
-0.2270568311214447
-0.007010597735643387
-0.1874055713415146
-0.3364865779876709
0.024471281096339226
0.2226797193288803
-0.023887742310762405
-0.017554940655827522
-0.1205521896481514
0.14349420368671417
-0.037594474852085114
-0.2854956090450287
-0.13497784733772278
-0.1107068583369255
-0.14566121995449066
0.06364080309867859
0.07419133186340332
-0.23579518496990204
-0.12027149647474289
-0.019151799380779266
-0.10127442330121994
0.04413095489144325
-0.08919032663106918
-0.06384607404470444
-0.03563655540347099
0.12533555924892426
-0.1093614250421524
-0.05452389270067215
-0.0019266159506514668
-0.1018749549984932
-0.09718494862318039
-0.0795469656586647
0.03870439901947975
0.09225144982337952
-0.1506250500679016
-0.04183658957481384
-0.1377083659172058
0.08453589677810669
-0.17078842222690582
0.04875693470239639
-0.00989694893360138
-0.14003485441207886
0.005392450373619795
0.1297207921743393
-0.17270883917808533
0.04395047575235367
-0.17616060376167297
-0.04415774717926979
-0.07692146301269531
0.06146226450800896
-0.0906999260187149
0.12174294143915176
0.06594304740428925
-0.002485221717506647
0.04642276465892792
0.09698498249053955
-0.09759645164012909
-0.07481569796800613
-0.05286421999335289
0.1709805727005005
0.0021175772417336702
-0.04584966227412224
-0.14535170793533325
-0.18738111853599548
-0.08775753527879715
0.02131575532257557
-0.032871656119823456
-0.0662221759557724
-0.05572517216205597
0.015410360880196095
0.10914397984743118
0.09049093723297119
-0.01476581022143364
-0.06943520158529282
-0.15181408822536469
-0.0406244695186615
0.08333504945039749
-0.06875278055667877
-0.17046700417995453
-0.17258208990097046
0.056758809834718704
0.01415027491748333
-0.16422124207019806
-0.10038101673126221
-0.02604820393025875
0.02667267993092537
0.015276720747351646
0.05049090459942818
-0.04432773217558861
-0.19490401446819305
0.09796331077814102
-0.1663542538881302
-0.0471763052046299
-0.1273118406534195
-0.057465143501758575
-0.12363670766353607
-0.2221098393201828
0.11749571561813354
0.09886759519577026
-0.035560186952352524
0.18965204060077667
0.0875515267252922
0.12295512109994888
0.045628830790519714
0.10050937533378601
-0.055768635123968124
0.03857554867863655
0.12284202128648758
0.06803987920284271
-0.13916638493537903
-0.11339720338582993
0.10274754464626312
0.09994209557771683
-0.023820117115974426
-0.1896672546863556
0.058997295796871185
0.06033319607377052
0.20483455061912537
-0.11904003471136093
-0.009936199523508549
-0.12260229885578156
0.01480168104171753
0.05495668575167656
0.045592937618494034
-0.12530732154846191
0.08020750433206558
0.1229575127363205
-0.013228191062808037
-0.18272125720977783
-0.13517655432224274
-0.02048131451010704
-0.21052153408527374
0.08936241269111633
-0.038056399673223495
0.0884270966053009
0.04073353484272957
-0.11948251724243164
-0.1671040654182434
0.04045144468545914
0.014772315509617329
-0.23777958750724792
-0.2011592984199524
0.12274252623319626
-0.17343614995479584
-0.13098910450935364
0.08139204978942871
0.11304479837417603
-0.051353052258491516
0.07172559946775436
-0.13540413975715637
-0.011109057813882828
-0.2947348952293396
0.13658925890922546
-0.17093674838542938
0.11824176460504532
-0.08458898216485977
0.05521945282816887
-0.06089070811867714
-0.18467222154140472
-0.09102655947208405
0.06848875433206558
-0.1044388860464096
0.09085652232170105
0.43765124678611755
-0.022374330088496208
0.06250681728124619
-0.13620105385780334
0.019564561545848846
0.23831818997859955
0.05904198810458183
0.14697907865047455
0.09291350841522217
-0.0024215038865804672
-0.05397217720746994
0.12561030685901642
0.07665544748306274
-0.10125615447759628
-0.028805462643504143
0.07630893588066101
0.14135025441646576
0.1953304409980774
-0.04844963550567627
0.05492881312966347
0.07724784314632416
-0.12546087801456451
0.11853212863206863
-0.004106685519218445
-0.030836952850222588
-0.1292417347431183
-0.0762161910533905
0.03678935393691063
-0.10263990610837936
-0.24574923515319824
-0.19150136411190033
0.03284734860062599
-0.2337982952594757
-0.20841491222381592
-0.04224230349063873
0.08190616220235825
-0.026688778772950172
-0.06645289808511734
0.01723732240498066
-0.12096564471721649
0.0032580075785517693
-0.18103893101215363
-0.13615140318870544
0.17653794586658478
0.17824073135852814
0.06263953447341919
0.11905158311128616
-0.0013746073236688972
0.23847611248493195
0.2692256271839142
0.014972801320254803
-0.05920383706688881
-0.12998612225055695
-0.22439710795879364
0.180375874042511
-0.06133655086159706
-0.04040657728910446
-0.2836862802505493
0.144753098487854
-0.33706772327423096
0.10874283313751221
0.12485846877098083
0.1753474622964859
-0.07246337085962296
-0.14462806284427643
-0.029823176562786102
-0.14137740433216095
0.0038283392786979675
-0.09997276961803436
-0.02847355604171753
-0.017207374796271324
-0.07771722972393036
0.05408122390508652
-0.07529629021883011
0.19722631573677063
-0.18937747180461884
0.04535115882754326
-0.08261772245168686
-0.004136466886848211
0.0912468358874321
-0.03727319836616516
0.22318154573440552
0.07291937619447708
-0.21518908441066742
-0.14768527448177338
-0.0278813224285841
-0.049013666808605194
0.08648784458637238
0.05315335467457771
0.040965355932712555
-0.10281924158334732
0.1299639493227005
0.08351437002420425
0.22039926052093506
-0.11354921013116837
-0.021644946187734604
0.025186190381646156
-0.1479535847902298
-0.17170828580856323
0.0007618553936481476
0.03741130977869034
-0.02308291755616665
0.14157697558403015
0.05781066045165062
0.027341904118657112
-0.027712520211935043
-0.007696290034800768
-0.33966875076293945
0.16487134993076324
0.004792496562004089
0.1088312417268753
0.08322914689779282
-0.23420506715774536
-0.2021142989397049
-0.17078115046024323
0.11785434931516647
-0.0315580815076828
0.14095120131969452
-0.18294426798820496
0.0904918760061264
0.10331776738166809
0.08629518002271652
0.14583685994148254
0.037889886647462845
-0.11815392971038818
-0.07121297717094421
0.05026321858167648
0.03537580743432045
-0.06855654716491699
0.02203345112502575
-0.014675775542855263
0.0337890088558197
0.18119466304779053
0.11937317252159119
-0.12636086344718933
0.13744311034679413
-0.13870051503181458
-0.12361341714859009
-0.24315759539604187
0.06359290331602097
-0.08250338584184647
0.03543645143508911
-0.15728485584259033
-0.2536293566226959
-0.02978041023015976
0.0332767590880394
0.010989129543304443
0.07159252464771271
0.09489826112985611
-0.060177773237228394
-0.07330289483070374
0.11577685922384262
-0.10573940724134445
0.11493111401796341
-0.025277622044086456
0.025343356654047966
-0.11573061347007751
-0.015189234167337418
-0.08297110348939896
-0.1000092551112175
-0.18413561582565308
0.16856244206428528
-0.29790231585502625
0.11874713003635406
0.009786044247448444
-0.18788890540599823
0.028252245858311653
-0.08986712247133255
0.09885254502296448
-0.07617069780826569
0.04274015501141548
-0.28061971068382263
0.18111354112625122
0.16024531424045563
-0.05444522947072983
0.06815992295742035
0.06416868418455124
-0.11548597365617752
-0.14043088257312775
-0.13150577247142792
0.08414195477962494
0.06072893738746643
-0.022440996021032333
0.041027430444955826
-0.1688433438539505
0.14120081067085266
-0.2905641496181488
-0.11584777384996414
-0.12744669616222382
-0.06312794238328934
0.10917957872152328
-0.2775982916355133
-0.017703402787446976
-0.24048057198524475
0.03885642811655998
-0.15475966036319733
-0.2701537311077118
-0.11602528393268585
0.16603969037532806
-0.02899574488401413
-0.0258657056838274
-0.1578650325536728
0.1885249763727188
-0.047061558812856674
-0.14142070710659027
0.15115034580230713
0.11738058924674988
0.047036152333021164
0.08358539640903473
0.08651797473430634
0.17844252288341522
0.01960882730782032
0.04065169394016266
-0.04379421845078468
0.07274647802114487
0.10254768282175064
0.11851006001234055
0.028518157079815865
0.06969954818487167
0.05971936881542206
0.08690854161977768
-0.12429787963628769
-0.05747334286570549
-0.4024813175201416
-0.010141460224986076
0.12216494977474213
-0.032981548458337784
0.19992877542972565
-0.23650334775447845
-0.11657571792602539
0.02666085585951805
0.08293784409761429
-0.24358369410037994
-0.20422177016735077
0.07001473754644394
-0.05142075568437576
-0.3907904624938965
-0.26213979721069336
0.08102899044752121
-0.04436776041984558
-0.0688934326171875
0.0930078774690628
0.08647896349430084
0.10661644488573074
-0.18197591602802277
0.23334412276744843
0.06936270743608475
-0.123323455452919
0.07376021891832352
0.14523977041244507
-0.14730678498744965
-0.05550411343574524
0.03660780191421509
0.07472353428602219
-0.028402408584952354
0.07170883566141129
0.02169564738869667
-0.061055127531290054
-0.1642458140850067
-0.03734210506081581
0.10851100087165833
0.11595406383275986
-0.0035357163287699223
-0.14570824801921844
-0.04768495261669159
-0.3578951358795166
-0.19751836359500885
-0.19938108325004578
-0.12677352130413055
0.04023713245987892
-0.021922027692198753
0.1182793527841568
-0.17536042630672455
0.038946185261011124
0.07013441622257233
0.02233978733420372
0.08350802958011627
-0.05598015338182449
0.09407486766576767
0.04380551353096962
-0.214789479970932
-0.14275817573070526
0.1942942887544632
0.20837892591953278
0.05084099993109703
-0.19515520334243774
-0.004884142894297838
0.10357453674077988
0.11892946064472198
0.0937352254986763
0.09870711714029312
-0.36194998025894165
0.07593859732151031
0.22091259062290192
-0.04050971940159798
-0.05677159130573273
-0.09717332571744919
0.18402832746505737
-0.13226830959320068
0.1547877937555313
-0.07045184075832367
0.02647075243294239
0.019177576526999474
-0.2851298153400421
-0.33530059456825256
-0.11078464984893799
0.08403081446886063
0.03273699805140495
-0.0354183092713356
-0.13938996195793152
0.08734225481748581
-0.06153554469347
-0.1945144087076187
-0.05742334946990013
-0.09870771318674088
0.1699785590171814
0.017053965479135513
-0.04936276748776436
-0.05400391295552254
0.07298678904771805
-0.03494313731789589
0.09800565987825394
0.051451828330755234
-0.09145090728998184
0.2012246996164322
-0.05955202504992485
-0.039171651005744934
0.30376651883125305
0.10587168484926224
-0.09879174083471298
0.02012859471142292
0.2538260817527771
-0.033235758543014526
-0.045532286167144775
-0.1021210178732872
0.02590935304760933
-0.13461926579475403
0.07099078595638275
-0.011122426018118858
-0.04529831185936928
0.2185102105140686
0.3213551640510559
0.027829183265566826
-0.4046122431755066
-0.01804143749177456
-0.15033160150051117
-0.002253975486382842
-0.11349675059318542
-0.08983854949474335
-0.009832905605435371
-0.3372391164302826
-0.12379882484674454
-0.020043306052684784
0.1009429544210434
-0.03571295365691185
-0.05184854567050934
0.14699316024780273
-0.013489127159118652
-0.2855309247970581
-0.058414895087480545
-0.3584465980529785
-0.3633255660533905
-0.13682305812835693
-0.28153321146965027
0.12138629704713821
-0.12103760987520218
-0.09277281165122986
-0.0936383381485939
-0.022759228944778442
-0.006648775190114975
-0.20370641350746155
0.15711770951747894
0.1008405014872551
-0.13480956852436066
-0.030099229887127876
0.06475040316581726
-0.05602486431598663
-0.12919960916042328
-0.10520635545253754
-0.05894812196493149
-0.08178272843360901
-0.03296118974685669
0.01800602115690708
0.012099276296794415
-0.0757993683218956
0.038377854973077774
0.05657855048775673
0.1189849004149437
-0.02679266780614853
-0.041003741323947906
-0.07421424239873886
-0.12765352427959442
0.04009874165058136
-0.009233365766704082
-0.018483947962522507
-0.04704625532031059
0.023887570947408676
-0.037060271948575974
-0.04089823365211487
-0.13425388932228088
-0.08132433146238327
0.06500480324029922
-0.15736737847328186
0.004845926538109779
-0.08241097629070282
0.029765555635094643
-0.11648618429899216
-0.06226092204451561
-0.1016591414809227
-0.0143035389482975
0.009671773761510849
0.08384543657302856
-0.0059787556529045105
0.060929737985134125
0.04807873070240021
0.029269859194755554
-0.02330946736037731
-0.11500776559114456
0.008840320631861687
-0.13063393533229828
0.03551877290010452
0.13940349221229553
0.1681673377752304
0.012838074937462807
0.07514319568872452
0.07976488023996353
-0.08085926622152328
-0.015346739441156387
-0.15909719467163086
-0.06710270792245865
0.06256794929504395
-0.10167070478200912
-0.06999880075454712
0.004120804835110903
0.09729617834091187
-0.07265868782997131
-0.05601867288351059
-0.00431109219789505
-0.07498927414417267
0.13658608496189117
0.013746465556323528
0.10061589628458023
-0.016726762056350708
0.09329801052808762
-0.06891854107379913
0.14741696417331696
-0.005991213954985142
0.0035426823887974024
-0.08149696886539459
0.02340446598827839
-0.1304759383201599
0.06807241588830948
0.0022242183331400156
-0.13547508418560028
-0.1499408483505249
-0.10992351174354553
-0.10438735783100128
0.11257822066545486
0.018406707793474197
-0.10431201010942459
-0.08687178790569305
0.03347593545913696
0.04091969504952431
-0.046225521713495255
-0.1202118992805481
-0.19839438796043396
-0.07140479981899261
-0.1559690535068512
-0.1607508659362793
-0.2318805605173111
0.09837150573730469
-0.03875749185681343
-0.1019291952252388
0.018194256350398064
-0.2211383879184723
-0.047798190265893936
-0.1837828904390335
-0.13468879461288452
-0.06833475083112717
-0.13545957207679749
-0.09158168733119965
0.004562732297927141
0.05329534783959389
-0.1767217367887497
0.022367509081959724
-0.13589902222156525
0.24304917454719543
-0.08311931788921356
-0.04818006232380867
-0.19999127089977264
0.17055600881576538
0.120871901512146
0.05042160302400589
-0.04076464846730232
0.12122323364019394
-0.10304909199476242
-0.06423209607601166
0.0027958673890680075
-0.046203095465898514
-0.07566200196743011
-0.09127362072467804
-0.11201278865337372
-0.011783577501773834
-0.035173509269952774
-0.1274012327194214
0.05463023483753204
0.09049268811941147
0.010495106689631939
-0.0729287788271904
0.05637132376432419
0.07662415504455566
-0.16650716960430145
0.09181057661771774
-0.14271746575832367
-0.09883178770542145
-0.030161365866661072
-0.17428548634052277
-0.03953893110156059
0.15035635232925415
0.009780673310160637
-0.2171396166086197
-0.1065162792801857
0.039564065635204315
0.030225340276956558
-0.12702897191047668
-0.008980880491435528
-0.04981011897325516
0.011605782434344292
-0.03368449583649635
-0.02137206308543682
0.0617239773273468
-0.11925233155488968
0.1570875644683838
0.0486099012196064
-0.1050133928656578
0.011923274956643581
0.18539266288280487
-0.1570616215467453
0.07132792472839355
0.08554743975400925
0.09051307290792465
-0.037716031074523926
0.1499418467283249
0.10747262835502625
-0.00651977863162756
-0.006691094022244215
0.15674705803394318
-0.03268913924694061
-0.05702782794833183
0.0400092713534832
-0.22862648963928223
0.09650445729494095
0.14011846482753754
0.09504687786102295
0.01797306537628174
-0.1092698723077774
-0.17791847884655
0.09519531577825546
-0.03082268126308918
-0.08418615907430649
-0.107083760201931
-0.1724814623594284
-0.0018466176697984338
-0.2187982201576233
0.27951064705848694
0.16509878635406494
-0.0009230251889675856
-0.04704725369811058
-0.18770252168178558
0.11687416583299637
0.17606864869594574
-0.010097802616655827
0.13548538088798523
0.10355109721422195
0.1233871802687645
0.014262114651501179
0.025578798726201057
-0.060652561485767365
0.11948221921920776
-0.05831724777817726
0.21223582327365875
-0.14041301608085632
0.2584397494792938
-0.0973190888762474
0.01693931221961975
-0.2195442169904709
0.16784991323947906
0.028263606131076813
-0.0695413127541542
-0.007400245405733585
0.013788813725113869
0.20650683343410492
-0.04727237671613693
0.20281623303890228
-0.05862230062484741
-0.249590203166008
-0.23410405218601227
-0.05614527687430382
-0.1418396681547165
0.24414972960948944
-0.20406922698020935
0.1897246092557907
-0.01458646822720766
0.16780678927898407
-0.035440593957901
-0.0053661419078707695
0.008294939994812012
0.08752746134996414
0.0515056736767292
0.09168888628482819
0.2964411675930023
-0.05829716846346855
-0.2818138003349304
0.008170564658939838
0.1078348308801651
-0.0019449760438874364
0.04980713874101639
-0.006899421103298664
0.07310608774423599
0.25706717371940613
0.048844847828149796
-0.057628095149993896
0.051651012152433395
0.2906835377216339
-0.34513139724731445
-0.023780997842550278
-0.07566822320222855
0.048429373651742935
-0.19328543543815613
-0.07805294543504715
-0.05227276682853699
0.030897578224539757
-0.06077718734741211
0.1190011277794838
-0.22360801696777344
-0.026405690237879753
-0.09131365269422531
-0.3555927574634552
-0.12769445776939392
0.15812817215919495
0.2424403876066208
0.1391356885433197
-0.10490314662456512
0.044739507138729095
0.2773782014846802
0.021600931882858276
0.04869481176137924
0.043660473078489304
-0.11755616217851639
-0.09198808670043945
0.05723816156387329
0.09201609343290329
-0.34124916791915894
0.1889996975660324
-0.1288582682609558
0.0009068634826689959
-0.12942613661289215
-0.2993730306625366
-0.24811890721321106
-0.1929963082075119
-0.07927245646715164
0.07096359878778458
0.15404121577739716
0.11743757128715515
-0.0058647217229008675
-0.07751192152500153
0.02170979604125023
-0.21967902779579163
-0.04696564003825188
-0.07938479632139206
-0.20422197878360748
-0.3898656368255615
-0.11016722023487091
0.02490030787885189
-0.0015095928683876991
0.12589208781719208
-0.11312135308980942
-0.21515828371047974
0.31154605746269226
-0.39332202076911926
-0.11094111949205399
-0.11593098193407059
-0.09968504309654236
0.1473846137523651
-0.022959904745221138
-0.011773360893130302
-0.12846903502941132
0.11611184477806091
0.10357513278722763
0.12462425231933594
-0.1287739872932434
-0.17109808325767517
0.1796792596578598
0.10389356315135956
0.14556734263896942
-0.17080995440483093
-0.23456817865371704
-0.16974079608917236
0.03134932368993759
-0.07349561899900436
-0.08172458410263062
-0.11833709478378296
0.06896201521158218
-0.11219583451747894
-0.02339036576449871
-0.1375933587551117
0.013408517464995384
-0.06768397241830826
0.005153529345989227
-0.15442970395088196
0.14839933812618256
-0.23588909208774567
-0.25624561309814453
-0.10641966015100479
-0.2062733918428421
-0.33212754130363464
-0.07766445726156235
0.028739409521222115
0.20275956392288208
0.09112103283405304
0.13977861404418945
-0.10080716758966446
-0.015942998230457306
0.01599397324025631
-0.056140657514333725
-0.2507210671901703
-0.17195822298526764
0.2075066715478897
0.17955544590950012
-0.12431708723306656
-0.052425626665353775
0.2070511430501938
-0.005345736630260944
0.06205713748931885
0.16805990040302277
0.061663027852773666
-0.08186906576156616
-0.2214028388261795
0.008432909846305847
0.389813631772995
0.18195794522762299
-0.03674228489398956
0.279363214969635
-0.0904831811785698
0.18724210560321808
-0.09403923153877258
0.174719899892807
0.03400438651442528
-0.036489758640527725
0.2527611553668976
-0.07478521764278412
0.06643697619438171
-0.005413718055933714
-0.17446942627429962
0.07372972369194031
0.05996725335717201
-0.11676644533872604
-0.001492477604188025
0.024930564686655998
0.01053029764443636
0.07904887944459915
-0.091843381524086
0.05523916706442833
-0.15886864066123962
-0.0780305564403534
0.10229380428791046
0.059000164270401
-0.055805254727602005
0.012213116511702538
-0.11659944802522659
-0.16442924737930298
-0.1824112832546234
-0.08150717616081238
0.12119259685277939
-0.08157391846179962
-0.07060255855321884
-0.11555065959692001
-0.1543978899717331
-0.123526431620121
-0.0946507602930069
-0.02996588498353958
-0.06703810393810272
-0.13503636419773102
-0.04209202155470848
-0.03405948355793953
0.06099512428045273
-0.020028095692396164
-0.062306907027959824
-0.045444048941135406
-0.12680326402187347
-0.0624702088534832
-0.09540272504091263
-0.04671831056475639
-0.16322150826454163
-0.13923846185207367
0.022283179685473442
0.06530175358057022
-0.08029396831989288
0.060035306960344315
-0.09384584426879883
0.04221434146165848
0.015008941292762756
-0.10006863623857498
-0.15633957087993622
-0.18797023594379425
-0.027858974412083626
0.0662878230214119
0.08097866177558899
-0.11493902653455734
-0.17295168340206146
-0.015098155476152897
0.007919136434793472
-0.08134637027978897
-0.11137326061725616
0.07829663157463074
-0.004537596832960844
-0.0774441733956337
-0.13615217804908752
0.02130254916846752
-0.09295530617237091
0.039879150688648224
0.12949217855930328
0.07311166822910309
0.09210541844367981
0.13700765371322632
0.039654649794101715
-0.011677336879074574
-0.05746765807271004
-0.06395264714956284
0.04703386500477791
-0.06056185066699982
-0.021514246240258217
-0.03240923583507538
-0.13752856850624084
0.06458508223295212
0.02662527933716774
-0.018998725339770317
-0.014547646045684814
-0.1497310996055603
0.05054442584514618
-0.1804974228143692
-0.02539953403174877
0.06508832424879074
0.10278637707233429
-0.13200066983699799
0.09412764012813568
0.1178942546248436
-0.046424977481365204
0.18270045518875122
-0.03340676799416542
-0.13317763805389404
0.07201804220676422
0.09502030909061432
-0.04287619888782501
0.06015736982226372
0.12471389025449753
0.008233234286308289
0.048934418708086014
-0.026103802025318146
-0.013962811790406704
0.04893270134925842
0.12667211890220642
-0.1069936603307724
-0.1318095624446869
-0.1259220838546753
-0.10231196880340576
-0.10964421927928925
-0.13108064234256744
-0.08129739761352539
0.07359163463115692
-0.06565918028354645
0.032802481204271317
-0.051199544221162796
0.0817461833357811
0.13403403759002686
0.016964854672551155
0.06288537383079529
-0.11738549917936325
0.09541194140911102
0.09762423485517502
0.0937105044722557
-0.16267900168895721
0.0509110763669014
0.09546412527561188
0.12149576097726822
0.007176391780376434
-0.009995905682444572
-0.02892487868666649
-0.1374593824148178
-0.103004589676857
0.010814475826919079
-0.017494041472673416
-0.016701314598321915
-0.09102293848991394
-0.03779616579413414
0.0037664654664695263
-0.08479847013950348
0.060699962079524994
-0.10100852698087692
-0.04930891469120979
-0.07734588533639908
0.06330642104148865
0.0018728927243500948
-0.10644233971834183
-0.14089801907539368
0.07152263820171356
-0.02078809216618538
-0.07737582176923752
-0.013367459177970886
-0.06301046907901764
0.09217078238725662
-0.1570034623146057
0.032652344554662704
-0.07096224278211594
-0.05138859525322914
-0.18093594908714294
-0.13113299012184143
-0.050013985484838486
-0.1362682729959488
-0.07587975263595581
-0.16005006432533264
-0.040691833943128586
0.1235429123044014
-0.09708918631076813
-0.18339449167251587
-0.1551366150379181
0.0360686257481575
0.0020064949057996273
-0.010398545302450657
0.14243319630622864
0.007460850290954113
0.09865124523639679
-0.11151987314224243
-0.0035525041166692972
-0.13300146162509918
-0.20668166875839233
-0.032770972698926926
0.043942391872406006
0.040462300181388855
-0.05699175223708153
0.0051028430461883545
-0.13189707696437836
-0.12486236542463303
-0.10260958969593048
-0.15212441980838776
0.1269959956407547
-0.16704154014587402
-0.006762294564396143
-0.059049829840660095
-0.18367993831634521
-0.04869917035102844
0.12588955461978912
-0.0693453997373581
0.04490087553858757
0.050990231335163116
-0.018992166966199875
-0.15536455810070038
-0.03592807054519653
-0.062273308634757996
-0.18756817281246185
-0.07569442689418793
-0.18699556589126587
0.067237488925457
-0.06843028217554092
-0.03486112505197525
0.1220686063170433
-0.03957308456301689
-0.045293454080820084
0.018936308100819588
0.06938375532627106
-0.11135993897914886
-0.11542752385139465
-0.03304805979132652
0.025791285559535027
0.037917859852313995
0.03394060954451561
0.11149679124355316
-0.039110198616981506
0.04554755985736847
0.059942685067653656
0.052217137068510056
-0.1643667221069336
0.0628262534737587
-0.03129205107688904
-0.14639417827129364
-0.16305042803287506
-0.029656942933797836
-0.023485282436013222
0.04754581302404404
0.11022365838289261
-0.034318383783102036
-0.06257934868335724
0.049356427043676376
0.13139374554157257
-0.0713408961892128
0.03982705622911453
0.0719570741057396
-0.004084684886038303
-0.004356198478490114
-0.03266380354762077
-0.10631625354290009
0.07370927184820175
0.0008802431402727962
-0.04012139141559601
0.02065199799835682
0.036918509751558304
-0.030164657160639763
-0.14943966269493103
-0.14742283523082733
-0.11177431046962738
-0.15039721131324768
0.13511793315410614
-0.015966806560754776
0.13827480375766754
0.04385203868150711
0.14024752378463745
-0.057234350591897964
-0.0877244845032692
-0.06663553416728973
-0.07909300923347473
-0.1649782806634903
0.024707771837711334
0.04559246450662613
0.015219624154269695
-0.1483173966407776
-0.06419291347265244
-0.036235302686691284
-0.04325204715132713
0.0849362462759018
-0.09324800223112106
0.11260829865932465
0.09066905826330185
0.035846054553985596
-0.0889514684677124
0.050266463309526443
0.07786290347576141
-0.06538613885641098
0.05172862112522125
0.009235474281013012
-0.09461458772420883
-0.14551544189453125
-0.024735648185014725
-0.02098585106432438
0.14023780822753906
-0.026085766032338142
-0.17053952813148499
-0.015106983482837677
-0.03778164088726044
-0.12231596559286118
-0.0717727541923523
-0.14345073699951172
0.023548215627670288
-0.055048611015081406
-0.0866851732134819
0.06385739892721176
-0.0166768878698349
-0.09424883872270584
-0.12751510739326477
0.017151586711406708
-0.04394741356372833
-0.026366308331489563
0.010150379501283169
-0.071633480489254
0.08792740106582642
-0.0396905392408371
0.004413078539073467
-0.08369918167591095
-0.11897078901529312
-0.09937600791454315
-0.09477739781141281
4.6239332732511684e-05
-0.01497766375541687
0.05765852704644203
0.10488248616456985
-0.1367807537317276
-0.012852558866143227
-0.034878965467214584
-0.12252868711948395
-0.11640569567680359
0.0759403333067894
0.03535882756114006
-0.070502370595932
-0.02977501042187214
0.058873556554317474
0.12318531423807144
-0.132899209856987
-0.02494722045958042
0.09755238890647888
-0.0886516347527504
-0.1612834632396698
-0.15925352275371552
0.0019805182237178087
-0.16403964161872864
0.10710825026035309
0.08053578436374664
-0.03885162994265556
-0.08039959520101547
-0.13012103736400604
0.09872870147228241
-0.15265785157680511
-0.03809043765068054
-0.06433171778917313
0.12201438844203949
-0.012423217296600342
-0.13490721583366394
-0.09733960032463074
0.018251610919833183
0.05806230381131172
-0.10855486989021301
-0.10959971696138382
0.08709565550088882
-0.13734661042690277
0.06855473667383194
-0.12562201917171478
0.09925233572721481
0.15408597886562347
-0.12358050048351288
0.13333354890346527
-0.140753835439682
-0.19508984684944153
-0.14454665780067444
0.08485167473554611
-0.06686240434646606
0.06510115414857864
0.02745571732521057
0.14114885032176971
-0.08440543711185455
-0.11721386760473251
0.042054641991853714
0.11926472932100296
-0.15522928535938263
-0.017098328098654747
-0.051753364503383636
-0.013435736298561096
-0.14459587633609772
0.007985740900039673
-0.07982340455055237
-0.1373131275177002
-0.13459815084934235
0.15625043213367462
0.09385738521814346
0.04909197613596916
-0.10298275947570801
-0.07714086771011353
-0.03844529390335083
-0.030886298045516014
0.021843064576387405
-0.12356895953416824
-0.06492053717374802
-0.03391255810856819
-0.1237059086561203
-0.01184037420898676
-0.09968900680541992
-0.06541205197572708
0.15504266321659088
-0.10047709941864014
0.01809915341436863
0.04472287371754646
0.18935054540634155
-0.0685281828045845
0.07428520172834396
0.17963363230228424
-0.039373766630887985
0.12375446408987045
0.05128686502575874
-0.06545542925596237
0.09199969470500946
-0.14333413541316986
0.11299078911542892
-0.13026238977909088
0.19481836259365082
-0.22711968421936035
-0.013312115333974361
-0.2076927125453949
0.030347377061843872
0.0005111081409268081
-0.025462953373789787
0.11750923842191696
0.10062617808580399
-0.15995070338249207
-0.008919295854866505
-0.07298380881547928
0.15602295100688934
0.012786496430635452
-0.12300333380699158
-0.1342553347349167
0.07536345720291138
0.11071004718542099
0.08849150687456131
0.150534525513649
-0.16212472319602966
-0.067707858979702
-0.02606261894106865
-0.2514551281929016
-0.06298678368330002
-0.0030226598028093576
0.02838851884007454
0.01364840380847454
-0.055398695170879364
0.048926886171102524
0.14487828314304352
-0.11968866735696793
0.007380904629826546
-0.023170288652181625
-0.11598853766918182
-0.22514504194259644
-0.003555432427674532
0.11321073025465012
0.05545927584171295
0.12805499136447906
-0.1537925899028778
-0.09050722420215607
-0.06416230648756027
0.0573725700378418
0.0020500877872109413
-0.19100332260131836
0.09225202351808548
-0.0200672410428524
0.2664492130279541
-0.13757404685020447
-0.10656744986772537
-0.17347419261932373
-0.07696032524108887
0.053002435714006424
-0.0015321772079914808
0.035795293748378754
-0.08731941133737564
-0.21859510242938995
0.1462862640619278
-0.003690473036840558
-0.25638073682785034
-0.2885430157184601
0.050030551850795746
-0.03450620546936989
0.12352999299764633
0.11783072352409363
0.025364305824041367
-0.16292186081409454
0.047667279839515686
-0.09342964738607407
-0.11196322739124298
-0.04241468384861946
0.09938915073871613
0.1530773937702179
-0.26234886050224304
0.10328824818134308
-0.0954103171825409
0.05756167322397232
-0.08876389265060425
-0.15346325933933258
0.10566656291484833
0.025155160576105118
0.05676883086562157
-0.17375120520591736
0.03812427446246147
-0.25123149156570435
-0.05915992707014084
0.15965113043785095
-0.19473464787006378
-0.034610550850629807
0.21720576286315918
0.02601722627878189
-0.1383252888917923
0.051029425114393234
-0.31991538405418396
-0.13847918808460236
-0.041968345642089844
-0.09512165933847427
0.06897986680269241
-0.18815511465072632
-0.03137120604515076
-0.024645615369081497
-0.08330194652080536
0.09781531989574432
-0.021075347438454628
-0.10455004125833511
-0.04431864246726036
-0.016108160838484764
-0.0009442616137675941
-0.043344344943761826
-0.10068688541650772
-0.13355959951877594
-0.0008837019558995962
-0.013974510133266449
0.07153838127851486
0.16660062968730927
0.03988945111632347
-0.1747397631406784
-0.027644289657473564
-0.21636685729026794
0.0647425428032875
0.08691535890102386
0.024256233125925064
0.03388432785868645
-0.09578455239534378
0.08699493855237961
-0.016939887776970863
0.09790114313364029
0.019125811755657196
0.13505588471889496
0.07430944591760635
-0.17035134136676788
0.0876728966832161
0.00302808522246778
0.18176349997520447
0.007252986542880535
-0.028858164325356483
-0.1094156876206398
0.10387078672647476
-0.2299434095621109
0.04918818920850754
-0.06820308417081833
-0.038990218192338943
-0.14161789417266846
0.13120310008525848
-0.09911239892244339
0.19077961146831512
0.02111615426838398
0.1806737333536148
0.09971537441015244
0.10346800088882446
0.02080629952251911
0.03622531145811081
-0.04621193930506706
-0.08788717538118362
0.0487373061478138
-0.03808649256825447
0.05488908290863037
0.15426212549209595
-0.17453333735466003
-0.0351523831486702
0.08147173374891281
-0.043758295476436615
-0.13741114735603333
-0.2300986647605896
0.1367192417383194
0.08715888112783432
-0.19361530244350433
-0.14413511753082275
-0.09311612695455551
0.07730337232351303
0.0332535095512867
0.08802970498800278
-0.07278472930192947
0.016154896467924118
-0.050811585038900375
0.22995655238628387
-0.03922783583402634
0.20796436071395874
0.02499297261238098
0.07833819836378098
0.05691378563642502
-0.11517780274152756
0.12121312320232391
0.05329953134059906
-0.020439088344573975
-0.004784903954714537
-0.11525304615497589
-0.1187242791056633
0.03583788126707077
0.18107306957244873
-0.006470131687819958
0.042760033160448074
-0.054391048848629
0.036415040493011475
0.05637618526816368
-0.07810261100530624
-0.13397683203220367
-0.09253312647342682
-0.05188848078250885
0.11776994913816452
-0.18569344282150269
-0.19181865453720093
0.16046640276908875
-0.027024410665035248
-0.011053712107241154
-0.018041040748357773
0.10894697904586792
-0.07587079703807831
0.10471266508102417
0.025224052369594574
0.11551730334758759
0.22601006925106049
0.06222066283226013
0.237325519323349
-0.11733771115541458
0.05977936461567879
-0.0019315542886033654
-0.003431894350796938
0.11251717805862427
-0.052343837916851044
-0.055790893733501434
0.17742937803268433
0.026350630447268486
0.061456333845853806
0.05636073276400566
0.09257113933563232
0.13413289189338684
-0.09764345735311508
0.14572352170944214
0.03375697135925293
-0.09060227870941162
-0.1782640814781189
-0.010323237627744675
-0.13435153663158417
0.03293263912200928
0.08956710994243622
0.1021733433008194
-0.12534306943416595
0.13316309452056885
-0.004178393166512251
-0.1344670206308365
-0.15616105496883392
-0.05599777400493622
-0.05150134488940239
0.012432900257408619
-0.10631651431322098
0.020745351910591125
0.06330851465463638
-0.0034665183629840612
0.1429407298564911
-0.10042447596788406
-0.09874121844768524
0.11048205941915512
-0.04240593686699867
0.08024828881025314
-0.04113009572029114
-0.11215991526842117
0.10708951950073242
0.039814796298742294
0.08296746760606766
-0.058374159038066864
-0.022700004279613495
-0.1724049150943756
-0.15022501349449158
0.055052246898412704
0.11246006935834885
0.06230975687503815
0.018063686788082123
0.09141222387552261
-0.00159346719738096
-0.1274823099374771
-0.02466803789138794
-0.0016284622251987457
0.045155253261327744
-0.060940634459257126
-0.046634070575237274
-0.10859864205121994
-0.15860490500926971
-0.03555632010102272
-0.09590576589107513
-0.02880088798701763
-0.021561961621046066
-0.09359294921159744
-0.06586141884326935
-0.041006747633218765
0.016521282494068146
-0.12685684859752655
-0.029959212988615036
-0.07368350774049759
-0.13036327064037323
-0.10429354012012482
-0.06325042247772217
-0.03871433809399605
-0.1463841199874878
0.00290692993439734
-4.6130691771395504e-05
-0.14000311493873596
-0.11429443210363388
0.0681672990322113
-0.012947417795658112
-0.08612656593322754
-0.002395987045019865
-0.1203463226556778
-0.014921710826456547
-0.14890360832214355
0.09679597616195679
0.034712307155132294
-0.050821781158447266
0.05506115034222603
0.06269100308418274
-0.0886179655790329
0.054552704095840454
-0.034521304070949554
0.05427693948149681
0.04262277111411095
0.13752813637256622
-0.088315449655056
-0.08651311695575714
-0.09219120442867279
0.04621320590376854
-0.13464465737342834
0.09542142599821091
0.016533203423023224
0.12207525223493576
-0.0880441889166832
0.09419607371091843
-0.09397375583648682
0.175764262676239
0.12155653536319733
-0.052689675241708755
-0.10469114035367966
0.0434764102101326
0.039807870984077454
-0.021039031445980072
0.11645463109016418
-0.028341326862573624
-0.0028374677058309317
0.04949284717440605
0.003986240830272436
0.04993356764316559
-0.01491281297057867
0.027078233659267426
-0.1566707044839859
-0.04926614463329315
-0.10351767390966415
-0.14131474494934082
-0.11140972375869751
0.09296786785125732
0.02165253646671772
-0.06959816068410873
0.008697958663105965
0.12065446376800537
0.04756013676524162
-0.11882585287094116
0.11339443176984787
0.16196151077747345
-0.0968230590224266
0.13486339151859283
0.041602324694395065
0.1316639930009842
0.1021093875169754
-0.02546161599457264
0.016143132001161575
0.1469164788722992
-0.04342961683869362
-0.12588360905647278
0.08727841824293137
0.054250266402959824
-0.07112833112478256
0.06592076271772385
-0.1300012171268463
0.08093846589326859
-0.02153206616640091
-0.06273002177476883
-0.07918469607830048
0.011035051196813583
-0.056983109563589096
-0.12026670575141907
-0.17737573385238647
0.02852056547999382
0.042416080832481384
-0.16834785044193268
-0.20665474236011505
0.14318224787712097
-0.04640031233429909
-0.24324633181095123
0.13976524770259857
-0.08405707031488419
-0.19794631004333496
-0.1729058176279068
0.0038766362704336643
0.020737268030643463
-0.013950368389487267
0.0411098413169384
-0.09932749718427658
-0.1651403158903122
0.07160037010908127
-0.040764790028333664
0.016056377440690994
-0.14317753911018372
-0.14863251149654388
-0.008064674213528633
0.0966571494936943
0.06758489459753036
0.03463185578584671
-0.021868830546736717
-0.17571215331554413
0.13262531161308289
0.0195250753313303
0.08689551055431366
-0.15019944310188293
-0.1851947158575058
0.14253203570842743
-0.08038405328989029
-0.08618508279323578
0.12515592575073242
0.0044308556243777275
-0.18691520392894745
-0.054430149495601654
-0.201919823884964
-0.1701025515794754
-0.2605508267879486
-0.01929878070950508
-0.12415460497140884
-0.08790445327758789
0.07985424250364304
-0.25847455859184265
0.0634472519159317
0.10513150691986084
0.2191796898841858
-0.201325923204422
0.06854338943958282
-0.10881029069423676
0.1725836992263794
0.00940902903676033
0.11949658393859863
0.07046174257993698
0.018516121432185173
0.08888045698404312
-0.1719631403684616
-0.20229379832744598
0.0757240355014801
0.15360984206199646
0.3348665237426758
-0.24922379851341248
-0.13266140222549438
-0.016553310677409172
0.2113501876592636
0.16380365192890167
0.14233508706092834
0.011382455937564373
-0.16167578101158142
-0.030522368848323822
0.11643029004335403
0.15798690915107727
-0.07941900193691254
-0.35595759749412537
0.09481175988912582
-0.20559370517730713
-0.19519390165805817
0.22375249862670898
0.03879033401608467
0.026203138753771782
-0.02859700657427311
-0.12203719466924667
-0.0253459382802248
0.025033434852957726
-0.14276547729969025
-0.1838146448135376
0.13410668075084686
-0.10528124123811722
0.10990552604198456
-0.034878410398960114
-0.1468004733324051
0.12741899490356445
-0.10548154264688492
-0.015965178608894348
-0.09363707900047302
0.04140615463256836
0.13262972235679626
0.16964362561702728
-0.06541207432746887
0.038793474435806274
-0.13010720908641815
0.04539796710014343
-0.13312594592571259
0.023352783173322678
-0.009462960995733738
0.09797851741313934
-0.17443324625492096
-0.031349387019872665
-0.20104442536830902
-0.038248009979724884
-0.06279943883419037
0.12365014106035233
-0.05099126696586609
0.22474247217178345
-0.31880983710289
-0.013628245331346989
-0.0017178598791360855
0.22773271799087524
0.09246344864368439
0.0010018236935138702
0.0560525581240654
0.13552284240722656
-0.08268214017152786
-0.12353545427322388
0.008434384129941463
0.048386100679636
0.16102811694145203
-0.039257440716028214
0.12631142139434814
0.17632657289505005
-0.05350456014275551
0.006839205510914326
0.05267232656478882
0.007031525019556284
-0.011255387216806412
0.08019142597913742
-0.014353864826261997
-0.10220283269882202
0.06098157912492752
-0.0618143230676651
-0.1677553355693817
0.20352327823638916
-0.09605733305215836
0.06815563142299652
0.17174826562404633
0.006655304227024317
-0.15109780430793762
-0.13011910021305084
-0.08936739712953568
0.04877267777919769
0.02145307883620262
0.16175198554992676
0.08554957062005997
0.3355720639228821
0.05492144078016281
-0.1142662763595581
0.032091643661260605
-0.1883045881986618
0.1194150522351265
-0.008410110138356686
-0.2441912293434143
0.0827924907207489
0.09842859953641891
-0.07807289063930511
0.09955225139856339
0.1933140605688095
-0.09251189976930618
-0.06719540059566498
0.04254143685102463
-0.10131757706403732
-0.03473455458879471
0.25080347061157227
-0.17453353106975555
-0.09965873509645462
-0.00237655034288764
-0.15792283415794373
-0.01858586072921753
0.04150061681866646
-0.11304350197315216
0.09995391219854355
-0.24641141295433044
0.165259450674057
0.09758557379245758
0.007677283603698015
-0.05066528543829918
-0.009724191389977932
0.0257880762219429
-0.027979359030723572
0.028306154534220695
-0.32533198595046997
-0.20182418823242188
-0.12892746925354004
-0.27900317311286926
-0.17005887627601624
-0.008878822438418865
0.022240769118070602
0.18188461661338806
0.05118441954255104
0.11064407974481583
0.09741029888391495
0.07811366766691208
0.09852225333452225
-0.047297462821006775
0.09173940122127533
-0.07916593551635742
-0.10912886261940002
0.05233263969421387
-0.0025316132232546806
0.09609969705343246
-0.1310473382472992
0.061687927693128586
0.12722602486610413
-0.01208295114338398
-0.04759858548641205
-0.09343942999839783
-0.12882336974143982
0.09069808572530746
0.3458443284034729
0.15622058510780334
-0.11269157379865646
0.23671485483646393
0.05481696128845215
0.22372090816497803
-0.11797919869422913
0.0064436933025717735
0.10049528628587723
0.08478628098964691
0.043326541781425476
0.01482617761939764
-0.14754879474639893
0.16527649760246277
-0.2906716465950012
0.15488693118095398
0.014148063957691193
-0.26410913467407227
-0.12220313400030136
0.012424415908753872
0.03832592815160751
0.06797318905591965
0.027009369805455208
0.045259617269039154
-0.06421718001365662
0.09389591962099075
-0.22957207262516022
0.0699448511004448
-0.2474699318408966
-0.0019083389779552817
0.14959746599197388
0.2066737711429596
0.22142186760902405
0.060520850121974945
-0.013051633723080158
0.07639797776937485
-0.07227447628974915
-0.04496970772743225
0.09786982089281082
-0.27110227942466736
-0.25961554050445557
0.19089451432228088
-0.01926468499004841
0.1421104073524475
-0.13095225393772125
0.11754613369703293
-0.07151560485363007
-0.19610172510147095
-0.014688569121062756
-0.11512885242700577
-0.2406088262796402
0.15941107273101807
-0.30063101649284363
-0.028385885059833527
-0.34825918078422546
-0.05151824280619621
-0.05001039803028107
0.00701230950653553
0.040657222270965576
-0.1833236664533615
-0.004229700192809105
0.1136573925614357
0.1464599072933197
-0.0666377916932106
0.21978877484798431
-0.007110679987818003
-0.0550544448196888
-0.38487163186073303
0.015527712181210518
-0.26828593015670776
-0.2852482199668884
-0.062229134142398834
-0.08693849295377731
0.1730407029390335
-0.09019938111305237
0.08279532939195633
-0.09804361313581467
-0.07564585655927658
-0.005528071895241737
-0.14750619232654572
0.0867236852645874
-0.1765834391117096
-0.09801923483610153
0.31139278411865234
-0.09698864072561264
-0.161407008767128
-0.013854899443686008
-0.17536143958568573
0.12718640267848969
0.09852354228496552
-0.05947192758321762
0.04841514304280281
-0.1906653195619583
-0.009547827765345573
0.14094951748847961
0.05320887640118599
-0.2075285017490387
-0.006018579471856356
0.1424507051706314
0.010052461177110672
0.0798097476363182
-0.22410644590854645
-0.1885581612586975
-0.03030559979379177
0.024711953476071358
-0.11337534338235855
-0.057090409100055695
-0.09205542504787445
0.05926964804530144
0.02112954668700695
-0.05538252368569374
0.1370045393705368
-0.0034274703357368708
-0.05333159118890762
-0.19809186458587646
0.009288729168474674
0.06709638983011246
0.05452144891023636
0.0699794664978981
-0.04185847193002701
-0.20386046171188354
-0.05985642224550247
0.0702473372220993
0.03780818358063698
-0.03668362647294998
-0.21069741249084473
-0.1318533569574356
-0.14207056164741516
-0.02570677548646927
0.4701039493083954
-0.03945809230208397
-0.13390670716762543
0.07652761787176132
0.05461396649479866
0.02137712948024273
-0.052090104669332504
0.10491961240768433
-0.0784618929028511
-0.04641973227262497
0.13094255328178406
0.12605521082878113
0.13134457170963287
0.5172932147979736
-0.22244642674922943
0.14267995953559875
0.02128247171640396
-0.11887292563915253
-0.2402772158384323
-0.11645082384347916
-0.1806490272283554
0.023106861859560013
-0.16031579673290253
0.07709109038114548
-0.10250183194875717
0.06709105521440506
0.18596366047859192
-0.30392026901245117
0.027142884209752083
-0.23647646605968475
-0.04400207847356796
-0.19157670438289642
0.01064311433583498
0.045326873660087585
-0.019707610830664635
0.27834147214889526
0.1369895040988922
0.07175960391759872
0.1848268061876297
-0.02265293337404728
0.017594188451766968
0.11989724636077881
-0.033476728945970535
-0.17443348467350006
0.15518587827682495
0.06432667374610901
0.08408548682928085
-0.1949733942747116
0.05007024481892586
-0.145338237285614
-0.10511317849159241
-0.008113251067698002
0.015919025987386703
-0.09665606170892715
-0.028930531814694405
-0.08908643573522568
0.10382834076881409
-0.1693895310163498
0.006544678937643766
-0.23833392560482025
0.05802823230624199
-0.27796781063079834
0.007618574425578117
0.11223218590021133
0.08098670095205307
-0.04987481236457825
0.06945545226335526
-0.20245081186294556
0.016441475600004196
-0.03901331499218941
0.07398610562086105
-0.15569539368152618
-0.07474654167890549
0.10235357284545898
-0.16485169529914856
0.0013695445377379656
0.005788568407297134
-0.05522843822836876
0.13010169565677643
-0.09618205577135086
0.09666857868432999
0.023774029687047005
-0.018335865810513496
-0.09345977753400803
0.0021315375342965126
-0.11940687149763107
-0.041588276624679565
0.12810666859149933
0.14419624209403992
-0.004395078867673874
0.012326373718678951
0.00023854884784668684
0.013502211309969425
-0.054303109645843506
-0.1310151219367981
-0.08878839761018753
0.07202394306659698
-0.0234791561961174
0.12166321277618408
-0.17227987945079803
0.08897687494754791
0.01565750315785408
-0.09537502378225327
0.05407029390335083
-0.1218152791261673
-0.09503327310085297
-0.06932242959737778
0.0626688301563263
-0.16393181681632996
0.061081286519765854
-0.058236170560121536
-0.08980156481266022
-0.10701706260442734
0.11201781779527664
0.14111173152923584
0.15340618789196014
0.13292153179645538
0.09488920122385025
0.07308220863342285
-0.02071436494588852
-0.07120112329721451
-0.04725033417344093
0.08382952958345413
-0.19225703179836273
-0.06099037453532219
0.051841411739587784
-0.11380632221698761
-0.18861553072929382
0.05208192393183708
-0.234950453042984
-0.22544287145137787
0.19049610197544098
-0.29686740040779114
0.0936516746878624
0.11271864920854568
-0.017523927614092827
-0.05200439691543579
0.10098380595445633
-0.15680216252803802
0.0558149628341198
0.1569657176733017
0.042372968047857285
-0.13887982070446014
-0.16438156366348267
0.020411061123013496
-0.019897621124982834
-0.10994886606931686
-0.06640753149986267
-0.00358481053262949
0.15672652423381805
-0.13422438502311707
0.022053277119994164
-0.11792075634002686
0.09530209749937057
-0.0817028284072876
0.2627880573272705
0.09945572167634964
-0.01426810584962368
-0.04959927126765251
-0.10807286947965622
-0.07612136751413345
-0.046300508081912994
0.10462726652622223
-0.043528031557798386
0.15540321171283722
-0.0746808871626854
-0.06895002722740173
-0.0752687007188797
0.21067099273204803
-0.013075941242277622
-0.15960052609443665
-0.03191813454031944
0.15661311149597168
-0.042576782405376434
-0.12034858018159866
-0.067912258207798
0.08225683122873306
0.036807626485824585
-0.12184681743383408
-0.08459218591451645
-0.04791126772761345
-0.07290830463171005
-0.10284335911273956
-0.07573907822370529
-0.14463533461093903
-0.04203217104077339
0.026086047291755676
-0.02336224727332592
-0.10940373688936234
0.0899278074502945
-0.06430874019861221
0.013802234083414078
0.008785526268184185
0.005739711690694094
-0.06657932698726654
-0.05046377331018448
-0.001907022437080741
-0.1883695274591446
0.07348502427339554
-0.20028342306613922
-0.04076657071709633
-0.08783623576164246
-0.13287967443466187
0.13608525693416595
-0.08816651999950409
0.03742106258869171
-0.16979578137397766
0.035006653517484665
0.048492398113012314
-0.04747484624385834
0.04358743131160736
0.21703173220157623
0.14248213171958923
0.0526118166744709
0.014699555933475494
-0.1067173182964325
-0.10270879417657852
-0.11940045654773712
-0.006623492110520601
0.09260879456996918
-0.18754422664642334
-0.049469880759716034
-0.029595477506518364
-0.06439346820116043
-0.17465229332447052
0.07568741589784622
-0.003927196841686964
3.894101973855868e-05
-0.050939738750457764
0.04398350417613983
-0.27037185430526733
0.08164858818054199
0.05487820506095886
0.14516718685626984
-0.1224304810166359
-0.1190030500292778
-0.09090888500213623
-0.07764960080385208
-0.03316603600978851
-0.022261781617999077
0.15336962044239044
-0.06754472106695175
-0.18765422701835632
0.12354456633329391
0.1046300083398819
0.029786979779601097
0.00460019102320075
-0.05786260589957237
0.01028581615537405
0.01624557375907898
-0.01941174641251564
0.05128258466720581
0.0238431915640831
0.09166103601455688
0.1539439857006073
-0.020639915019273758
0.07722640782594681
0.12950114905834198
-0.3242001533508301
0.11890718340873718
-0.06996990740299225
-0.16929130256175995
-0.05338645726442337
-0.11939438432455063
0.16879606246948242
-0.019615869969129562
-0.06479339301586151
-0.0880531296133995
-0.12126138061285019
0.029629535973072052
0.15460576117038727
-0.006976719945669174
0.20907233655452728
-0.01698947511613369
0.17935803532600403
-0.0739961713552475
-0.022070828825235367
0.0095147043466568
0.1565897911787033
-0.17076614499092102
0.032804787158966064
0.0844373106956482
0.06698962301015854
-0.1842656284570694
-0.09487311542034149
-0.05262613669037819
0.0660562589764595
-0.15187931060791016
-0.006842595525085926
-0.0028698048554360867
-0.0630706399679184
-0.005160016007721424
-0.03174789249897003
0.20111829042434692
-0.11770066618919373
-0.17448855936527252
-0.057571183890104294
0.09016736596822739
-0.050869978964328766
-0.08061336725950241
0.12306427210569382
0.13994553685188293
-0.029083818197250366
0.0399196483194828
0.12077871710062027
0.047860026359558105
0.06004851311445236
0.035031966865062714
-0.07364854961633682
0.09347055107355118
-0.12919344007968903
0.12168809026479721
-0.06742770224809647
-0.10398714989423752
0.029417451471090317
-0.0838731974363327
0.0739942118525505
0.027288159355521202
0.031176509335637093
0.0450722798705101
0.007401667069643736
-0.018274271860718727
0.04291310906410217
-0.2938012480735779
-0.13369084894657135
-0.16270942986011505
-0.23339098691940308
0.008819171227514744
-0.12428434193134308
0.010353810153901577
0.10064920783042908
-0.20286697149276733
0.14332805573940277
-0.019522016867995262
-0.0346049927175045
0.00018440274288877845
-0.038253434002399445
0.03620398789644241
0.004288607742637396
-0.1437874734401703
0.1034834086894989
0.03648730367422104
0.0711914598941803
-0.05979936942458153
0.005226403009146452
-0.07793313264846802
0.11197057366371155
-0.13602973520755768
-0.0033712084405124187
-0.0613621324300766
-0.03367896378040314
-0.1303907036781311
-0.22270184755325317
-0.013344806618988514
-0.05325484648346901
0.14481620490550995
0.09328712522983551
-0.0407409705221653
-0.06565305590629578
-0.2975647747516632
-0.061549533158540726
0.0440647266805172
-0.1129838079214096
-0.09344310313463211
-0.07940595597028732
0.0048902989365160465
0.0653630942106247
0.12197936326265335
-0.057618461549282074
-0.004748360253870487
-0.12120360136032104
-0.030059296637773514
0.2705639898777008
-0.031449221074581146
0.1291235089302063
-0.147553488612175
-0.027652963995933533
0.09617062658071518
0.09626376628875732
0.08818463981151581
0.02463076449930668
-0.20742899179458618
0.02203000895678997
0.18293121457099915
0.025021011009812355
-0.07043831795454025
-0.12220152467489243
-0.3351045250892639
0.0845608189702034
-0.11386939138174057
-0.16665224730968475
0.008307431824505329
-0.10371112078428268
0.016587629914283752
-0.09795701503753662
0.0026465319097042084
-0.08486005663871765
-0.031738996505737305
-0.0716293603181839
-0.047097817063331604
0.029819536954164505
0.01047003548592329
-0.05612022057175636
0.15525759756565094
0.2356245517730713
0.030355332419276237
-0.01519046165049076
0.005582503043115139
0.15317106246948242
0.0031650057062506676
-0.1020178347826004
-0.058303896337747574
-0.0018107681535184383
0.10178861021995544
-0.02550431713461876
-0.18834570050239563
-0.046055395156145096
-0.1875152736902237
-0.11976225674152374
-0.12182638794183731
-0.01292579248547554
0.09436091780662537
0.02223101072013378
-0.06365510821342468
0.06021152064204216
-0.2301582247018814
-0.11897601187229156
-0.07966088503599167
0.09515292197465897
0.23164626955986023
0.193609356880188
0.08930932730436325
0.043935395777225494
-0.10248910635709763
0.13599583506584167
-0.02349223382771015
0.0839005559682846
-0.03723687306046486
0.05522628873586655
0.1265706866979599
0.011313424445688725
0.06238749250769615
-0.011228960007429123
-0.15711121261119843
-0.03395514562726021
0.11082039773464203
0.049552664160728455
-0.10476924479007721
0.13984476029872894
0.15498913824558258
-0.1324733942747116
-0.008356347680091858
-0.30290597677230835
-0.1415499895811081
-0.06481053680181503
-0.2346266359090805
0.02397163212299347
-0.1240096315741539
-0.05139618366956711
-0.10366208851337433
-0.10712547600269318
-0.02277790568768978
0.05592041090130806
0.03926173225045204
-0.01787617988884449
-0.22767114639282227
0.0009635442402213812
0.07135921716690063
-0.016005853191018105
-0.3728204071521759
0.01490099634975195
-0.015578199177980423
0.059196289628744125
-0.0240499097853899
-0.03598736971616745
0.0021573612466454506
0.14766071736812592
0.18709637224674225
-0.11053822934627533
-0.11056417226791382
0.03412602096796036
0.06433658301830292
-0.08720850944519043
0.01799808256328106
0.12069272249937057
0.1013161763548851
-0.12210875004529953
-0.041926104575395584
-0.343452513217926
0.09695804119110107
0.07969435304403305
0.02856704778969288
-0.0984887182712555
-0.1310962736606598
-0.10029489547014236
0.07725370675325394
0.08324292302131653
-0.14694491028785706
0.03837111219763756
-0.0687144324183464
-0.004684661980718374
-0.019999023526906967
0.06836793571710587
-0.04308414086699486
-0.018668511882424355
-0.12204426527023315
-0.09725555032491684
-0.037918608635663986
0.15512332320213318
-0.07981736958026886
-0.1204405352473259
0.018734032288193703
-0.12280460447072983
0.22458362579345703
-0.029123306274414062
0.18341638147830963
-0.11474954336881638
0.006740369368344545
-0.08599735796451569
0.04371228441596031
-0.16257132589817047
-0.3232293725013733
-0.12301186472177505
-0.11006070673465729
-0.11437288671731949
-0.1047559604048729
-0.1774723380804062
-0.04556410387158394
-0.0627342015504837
-0.1453779637813568
0.2686008810997009
-0.22413673996925354
0.020147129893302917
-0.04647939279675484
0.009345060214400291
-0.0637173280119896
-0.20968016982078552
-0.19873201847076416
0.1550033986568451
0.10190383344888687
-0.08275415003299713
0.012365910224616528
0.02657814882695675
0.07745597511529922
0.08503437787294388
-0.06643844395875931
0.011753516271710396
-0.17163889110088348
-0.20909282565116882
-0.03746945783495903
-0.008670874871313572
-0.007035275921225548
-0.19260716438293457
0.05515553429722786
-0.1676948517560959
0.19994686543941498
-0.28505414724349976
-0.006080319173634052
-0.08540471643209457
-0.1753678321838379
-0.036943014711141586
0.03726942092180252
-0.011066457256674767
-0.005751094315201044
-0.11080580204725266
0.04438171908259392
-0.08198230713605881
-0.17774100601673126
-0.18355245888233185
0.02504877559840679
-0.1751735508441925
0.08505018800497055
-0.23192715644836426
-0.0022186695132404566
0.04059729352593422
-0.1597963124513626
-0.05085728317499161
-0.08580933511257172
0.006761763244867325
0.15409527719020844
-0.1061752438545227
0.03269556164741516
0.1350678652524948
-0.10748503357172012
-0.07153987139463425
0.036315903067588806
-0.028057415038347244
0.031111661344766617
-0.1582760065793991
0.09333928674459457
-0.02568015083670616
0.07559588551521301
-0.010587340220808983
0.10046356171369553
-0.06986065953969955
-0.05685244873166084
-0.20553311705589294
-0.10672742128372192
0.10107050091028214
-0.043453045189380646
-0.12624849379062653
-0.04979519918560982
-0.0636918768286705
-0.004481072071939707
0.04283137992024422
-0.11797713488340378
0.10404884815216064
-0.04370391368865967
-0.08231412619352341
-0.3202427327632904
-0.03679697588086128
0.023706916719675064
0.0918533056974411
-0.12117385119199753
0.09260949492454529
-0.10168694704771042
-0.026066701859235764
0.022234326228499413
0.09301204979419708
-0.13579991459846497
0.0561714768409729
0.15165770053863525
0.08224911242723465
-0.1880435049533844
0.006113078445196152
0.027127746492624283
-0.12685684859752655
-0.11993717402219772
0.09981916844844818
-0.15306919813156128
0.02646750584244728
0.2220190167427063
0.018046777695417404
0.03849449008703232
-0.18128150701522827
0.058160003274679184
0.031024817377328873
-0.14488039910793304
0.12065974622964859
-0.034397825598716736
-0.06556344777345657
0.11402293294668198
0.12840817868709564
-0.13750562071800232
-0.13445261120796204
-0.21001939475536346
0.04009828716516495
-0.26323169469833374
0.05457918718457222
-0.07009585201740265
-0.2567034363746643
0.001145282294601202
0.10109023004770279
0.03668639808893204
-0.11874186247587204
0.026208892464637756
-0.013676326721906662
0.0010853491257876158
0.059894710779190063
0.041209615767002106
-0.06003544107079506
0.0766461193561554
0.011691697873175144
0.0751706212759018
0.01795949786901474
0.23050719499588013
0.0016393634723499417
0.12422002851963043
0.0035451301373541355
-0.025995619595050812
0.0019213403575122356
0.14507819712162018
-0.11665884405374527
-0.10419182479381561
-0.02485065348446369
0.044182583689689636
-0.09911321848630905
-0.025289742276072502
0.02955794520676136
0.06472954899072647
-0.11691170930862427
0.15845081210136414
-0.16068430244922638
-0.014710498973727226
0.2540516257286072
-0.014587538316845894
-0.13464002311229706
0.06347640603780746
0.18183524906635284
-0.10596524924039841
-0.048754122108221054
-0.03396671265363693
-0.047469183802604675
-0.020128054544329643
0.0058118137530982494
-0.03704754635691643
-0.19511093199253082
0.10122638195753098
-0.030963201075792313
-0.06390927731990814
-0.056414894759655
0.08737899363040924
-0.04160167649388313
-0.059899117797613144
0.16029788553714752
-0.062020983546972275
-0.09718189388513565
-0.14829257130622864
0.038551051169633865
-0.0466548353433609
-0.09853049367666245
-0.03721733018755913
0.031943097710609436
-0.12381260842084885
-0.10357559472322464
-0.05073221027851105
0.07637376338243484
0.06812276691198349
0.023789191618561745
0.17200471460819244
0.1700800359249115
-0.10290707647800446
-0.09256338328123093
0.06502334028482437
0.21587365865707397
-0.12278038263320923
0.10941924154758453
0.06351742893457413
-0.10619479417800903
0.11505867540836334
0.10666123777627945
-0.03443930670619011
0.11320550739765167
0.047641340643167496
0.14474080502986908
0.018194783478975296
-0.07096096128225327
-0.1073693335056305
-0.2073253095149994
0.031233252957463264
-0.05714039504528046
0.05205396190285683
0.20302408933639526
0.026473956182599068
-0.028342336416244507
-0.03457619994878769
-0.08498241752386093
0.03803460672497749
-0.08202315866947174
0.22913813591003418
-0.09252522140741348
0.016172584146261215
0.10036824643611908
-0.025663083419203758
0.16070079803466797
-0.14829972386360168
-0.15246260166168213
-0.081602081656456
0.11742021143436432
-0.018968118354678154
0.11929693073034286
0.04422716423869133
-0.03352073207497597
-0.12178076058626175
0.052856944501399994
-0.03265910968184471
0.1571979820728302
0.11680367588996887
0.003000766970217228
0.09306178241968155
0.023673968389630318
-0.0029451746959239244
-0.005462708882987499
0.1664309799671173
-0.3362599015235901
0.13726118206977844
-0.07065752148628235
-0.018084732815623283
0.09938845038414001
-0.10247888416051865
0.09265929460525513
-0.03691873326897621
-0.0074838912114501
-0.1686275601387024
-0.1442723423242569
0.023558255285024643
0.07463078945875168
0.02648472785949707
-0.031278207898139954
0.00015733341570012271
-0.03992071375250816
0.13882587850093842
-0.13023264706134796
0.0989624485373497
0.11413446813821793
-0.16613398492336273
-0.11053722351789474
0.025792116299271584
0.015387528575956821
0.03153003379702568
-0.05324442684650421
-0.15550725162029266
-0.13493014872074127
0.08891589194536209
-0.00851084478199482
0.04066162183880806
0.07817685604095459
0.11704571545124054
0.08515143394470215
0.1349051147699356
0.12112677842378616
0.12815739214420319
-0.0779157429933548
0.06011408194899559
-0.03817888721823692
0.0329018160700798
0.07809280604124069
-0.11135789006948471
-0.13956648111343384
-0.11337403208017349
-0.1741907000541687
0.08368437737226486
0.025210415944457054
-0.1471138596534729
-0.11807435750961304
-0.09158921986818314
-0.07807660102844238
0.014191941358149052
-0.1605837643146515
-0.021290583536028862
0.08836731314659119
0.011214067228138447
0.018849894404411316
-0.08769863843917847
0.12709397077560425
0.016199342906475067
-0.14036260545253754
0.03198558837175369
-0.172682985663414
0.10739440470933914
-0.0341210663318634
0.021887492388486862
0.06424320489168167
-0.11764068156480789
0.029334787279367447
0.019122326746582985
0.12751026451587677
0.12683482468128204
-0.06861894577741623
-0.15050360560417175
-0.09327717125415802
0.05372486263513565
0.02304583601653576
0.02250329963862896
-0.1020483672618866
-0.06902680546045303
-0.11929070204496384
0.037946853786706924
0.12924356758594513
0.08393649756908417
0.09917836636304855
-0.04201798886060715
0.05017971247434616
0.027933038771152496
-0.08032381534576416
-0.08012836426496506
0.009466959163546562
0.021077249199151993
0.004543402697890997
0.026779482141137123
-0.11277252435684204
0.04173710197210312
-0.008460639044642448
-0.16643263399600983
-0.09474345296621323
-0.042505357414484024
-0.18272879719734192
-0.030913906171917915
-0.0830501988530159
-0.015735382214188576
-0.09714750200510025
0.028654826804995537
-0.12109201401472092
-0.0282013937830925
0.13285218179225922
-0.018977660685777664
0.02222411334514618
0.10881354659795761
-0.03966179117560387
-0.04214410483837128
0.04145725443959236
-0.11237991601228714
-0.1704646646976471
0.042437613010406494
-0.1632523387670517
-0.0040526119992136955
-0.16333428025245667
-0.03607669845223427
0.0354735292494297
-0.09819295257329941
-0.05775351822376251
0.03685127571225166
-0.11102574318647385
0.07836009562015533
-0.05052436888217926
0.0692216232419014
-0.049094635993242264
0.05898963660001755
-0.1622009575366974
-0.1372433304786682
0.031428415328264236
0.032490991055965424
-0.09313059598207474
0.014524918980896473
-0.02436785213649273
-0.10473371297121048
0.10807648301124573
0.09187586605548859
-0.10492276400327682
-0.15194593369960785
0.11395827680826187
-0.09986244142055511
-0.03616199269890785
0.04352472350001335
0.005248161032795906
0.10209403187036514
-0.18315261602401733
0.11432481557130814
-0.07089348882436752
-0.023827413097023964
-0.06580428779125214
-0.1378733068704605
-0.33126068115234375
-0.021780386567115784
-0.1560383290052414
-0.0028889134991914034
-0.08962392807006836
0.057025838643312454
-0.02422333136200905
0.11994761973619461
-0.1612718403339386
-0.020575815811753273
0.11038761585950851
-0.10599400103092194
0.05856598913669586
-0.14212344586849213
0.11482628434896469
-0.039070505648851395
-0.004313524346798658
-0.180979922413826
0.16428853571414948
0.02758343145251274
-0.14667856693267822
-0.11526817083358765
-0.07672490179538727
0.08450818061828613
-0.04484699293971062
-0.11215469241142273
-0.13706818222999573
-0.12059053778648376
0.11632537841796875
0.06103856489062309
-0.029471611604094505
-0.12319444864988327
-0.025865284726023674
-0.2148285210132599
0.07791466265916824
0.13823457062244415
-0.2127024084329605
-0.0005101085989736021
-0.06428991258144379
-0.3394594192504883
-0.08962495625019073
-0.011671062558889389
0.046752236783504486
-0.23505538702011108
-0.11433828622102737
0.15274286270141602
0.04688495025038719
0.053070079535245895
0.03185121342539787
-0.1113683208823204
-0.06872498989105225
0.11399825662374496
0.19585315883159637
-0.22296294569969177
-0.05477047339081764
-0.06823650002479553
0.010189848951995373
0.106962189078331
-0.1642937809228897
0.13041527569293976
-0.12290181964635849
-0.053527314215898514
0.11106567829847336
-0.1646442711353302
-0.3029869794845581
0.06927873194217682
-0.10162432491779327
-0.004504126030951738
-0.07158347964286804
-0.08659544587135315
-0.01974187232553959
-0.16146664321422577
-0.17019033432006836
0.1465418040752411
-0.11518152803182602
0.07548325508832932
0.02519184537231922
-0.26166456937789917
-0.12306401133537292
0.01687011681497097
0.14457841217517853
0.009405871853232384
-0.07353970408439636
-0.11896055936813354
-0.09725552797317505
0.13618630170822144
0.10502465814352036
-0.17742356657981873
-0.11486492305994034
-0.2863951623439789
0.047523703426122665
-0.1421453058719635
-0.011892142705619335
-0.0867546796798706
-0.20737701654434204
-0.08487575501203537
-0.06247255206108093
0.05148006230592728
-0.05191556364297867
0.004835926927626133
-0.14524146914482117
-0.04447362199425697
-0.11292459815740585
-0.20761588215827942
-0.07510849088430405
-0.07720351964235306
-0.034482311457395554
0.12098555266857147
0.024416634812951088
-0.04198898375034332
-0.005630199331790209
0.013807089067995548
-0.0738673061132431
-0.09926255792379379
-0.13445648550987244
-0.04497915506362915
0.09477325528860092
0.22476227581501007
-0.09053713828325272
0.04401673376560211
0.11986725777387619
-0.1290985643863678
-0.17718608677387238
-0.07356443256139755
0.07035382837057114
0.04078717902302742
0.02344963327050209
0.14677999913692474
0.005717094521969557
-0.16935010254383087
-0.1280858814716339
-0.0740385353565216
-0.0192728191614151
0.05029456317424774
0.13105684518814087
0.25178736448287964
0.15313978493213654
-0.0592205747961998
-0.010202283039689064
-0.055182084441185
0.1597839593887329
-0.031377945095300674
0.22188565135002136
0.06728032976388931
-0.14869675040245056
-0.024052903056144714
0.1336946189403534
0.11382310092449188
0.05714089050889015
-0.11737991124391556
0.1363861858844757
-0.03631511330604553
0.1824229657649994
-0.10976754873991013
0.09742468595504761
-0.021087447181344032
-0.09413694590330124
-0.0775669515132904
0.09726402163505554
-0.11657802760601044
-0.025728320702910423
0.1287827491760254
-0.007916133850812912
-0.18046730756759644
-0.07667959481477737
-0.36670419573783875
-0.10609088838100433
0.06449127197265625
0.024944240227341652
-0.1404363363981247
0.034489892423152924
0.09709703922271729
0.013989881612360477
-0.08698750287294388
0.10279413312673569
-0.121888168156147
-0.21554946899414062
-0.08084765821695328
0.1679466962814331
-0.05252768471837044
-0.024437610059976578
0.03284992277622223
0.1064898669719696
-0.12150992453098297
0.0809326022863388
0.016961565241217613
-0.06260257214307785
0.060399170964956284
0.11268086731433868
-0.03614746406674385
0.046622615307569504
0.09580312669277191
-0.13851480185985565
-0.027477137744426727
-0.18964964151382446
-0.10888276994228363
-0.010845695622265339
0.20599888265132904
-0.041533444076776505
-0.09866579622030258
0.04216694459319115
-0.20888523757457733
0.031651001423597336
0.07769692689180374
-0.07583978027105331
-0.02340955287218094
0.024518754333257675
-0.08816597610712051
-0.1858852505683899
0.0832265317440033
-0.04836561903357506
0.14739254117012024
0.08244279026985168
-0.046269699931144714
0.03987685590982437
0.08465059846639633
0.06482910364866257
-0.03368302062153816
-0.054567500948905945
-0.10695334523916245
0.16739678382873535
0.14224573969841003
-0.09357217699289322
0.1421498954296112
-0.12604284286499023
-0.026783691719174385
-0.03646085411310196
0.043015532195568085
-0.029295234009623528
-0.17723281681537628
0.08483175188302994
0.18170055747032166
0.027493156492710114
-0.15511023998260498
0.05379466339945793
-0.036820609122514725
-0.06534751504659653
-0.03142363950610161
0.05568566545844078
0.07926821708679199
0.18454799056053162
0.015405702404677868
-0.04459734261035919
0.18569733202457428
-0.06425488740205765
0.09519843012094498
-0.06594282388687134
0.08646541088819504
-0.09738124907016754
-0.12410933524370193
-0.09982544183731079
0.029215438291430473
-0.11270146816968918
0.10951577872037888
-0.1056819036602974
0.1602807641029358
0.02875635400414467
-0.040941327810287476
-0.03732850402593613
-0.10146379470825195
-0.13591048121452332
0.15625444054603577
-0.09877879172563553
0.05928032100200653
0.22784379124641418
0.10186661779880524
-0.1435426026582718
-0.02611859142780304
-0.05703141912817955
-0.07327520847320557
0.1804654598236084
-0.002456893213093281
0.018099112436175346
-0.04137415811419487
-0.06712531298398972
0.2867911159992218
0.016460804268717766
-0.09952238947153091
-0.18763403594493866
0.09695304930210114
-0.13812559843063354
0.009265667758882046
-0.0722285807132721
0.005422488786280155
0.016952944919466972
0.08686759322881699
-0.14658790826797485
-0.01997273415327072
-0.10060317814350128
0.07006289809942245
0.13088299334049225
0.21057003736495972
-0.06655120849609375
-0.150288924574852
-0.09597275406122208
-0.0178485456854105
-0.1874670535326004
-0.06447064876556396
-0.10581693053245544
-0.07215381413698196
-0.044688936322927475
-0.11223761737346649
0.02316855639219284
0.03803811967372894
-0.01567406952381134
0.020913882181048393
0.02524043247103691
0.2330058515071869
-0.11525921523571014
-0.014431812800467014
-0.08534707874059677
0.0025008637458086014
-0.021978262811899185
0.1154979020357132
0.08730120211839676
-0.09313306212425232
-0.08877451717853546
-0.1668386459350586
0.10456737130880356
0.08777103573083878
0.07109230011701584
-0.06902240216732025
0.03196343034505844
-0.15109717845916748
-0.13882943987846375
0.07354654371738434
0.1700916588306427
0.024042699486017227
0.04049371927976608
0.09143716841936111
-0.14361971616744995
0.08163098990917206
-0.04106103256344795
0.19384822249412537
-0.05947859212756157
-0.1331029087305069
-0.13623878359794617
-0.22573645412921906
0.09244852513074875
0.022587524726986885
0.07396876066923141
-0.17550978064537048
0.03191855177283287
-0.11258367449045181
-0.15572068095207214
0.07538881152868271
0.04170619323849678
0.05095919221639633
-0.14136283099651337
0.08457140624523163
0.0005086971214041114
0.08656307309865952
0.12730422616004944
0.06264352053403854
0.10501749813556671
0.028094898909330368
0.1084815040230751
0.08404624462127686
-0.17417196929454803
0.10835732519626617
0.24230287969112396
0.03755306452512741
-0.17051266133785248
-0.02794145792722702
0.046877335757017136
-0.04180685803294182
0.10754481703042984
0.09697826206684113
-0.04993092641234398
0.10065986961126328
0.0625927522778511
-0.051128488034009933
0.18870310485363007
0.03515535965561867
0.03195580467581749
0.08633541315793991
4.2719133489299566e-05
-0.1701335459947586
-0.03668225184082985
0.1570422500371933
0.026860561221837997
0.036863189190626144
0.05940074846148491
0.025038573890924454
-0.09389427304267883
0.015362003818154335
0.036014821380376816
-0.03254532814025879
-0.0018902169540524483
0.015804719179868698
-0.11508689820766449
-0.1307072937488556
0.06886716187000275
-0.11585308611392975
0.0600174255669117
0.16428744792938232
0.01934782601892948
-0.08743143081665039
-0.23712782561779022
-0.031185954809188843
-0.09334967285394669
-0.05398682877421379
0.04277650639414787
0.21635004878044128
-0.24197781085968018
-0.12035771459341049
0.15492743253707886
0.16987451910972595
0.04602550342679024
0.022940142080187798
0.001323216944001615
0.01536434143781662
-0.040340058505535126
0.08847450464963913
-0.07954300940036774
-0.11061563342809677
-0.017585719004273415
0.055878013372421265
-0.10405972599983215
0.033083245158195496
0.061582066118717194
0.03317473828792572
-0.06441080570220947
0.09319546073675156
-0.12495607137680054
-0.005119692999869585
0.0447218231856823
0.04524167254567146
0.11697103828191757
0.09611158072948456
-0.11294100433588028
0.03292519226670265
0.09114096313714981
0.076606884598732
0.08998418599367142
-0.02822176180779934
-0.05682256072759628
-0.07724569737911224
-0.07047919929027557
-0.0822310596704483
0.024955978617072105
-0.07008374482393265
-0.18521010875701904
-0.04724492132663727
-0.08352591097354889
-0.09021914750337601
0.08084060251712799
-0.020596105605363846
0.023155508562922478
0.26060083508491516
-0.15948379039764404
-0.05082095414400101
0.19395573437213898
0.1353457123041153
0.11683529615402222
0.002216133289039135
0.07705181837081909
0.06576812267303467
-0.016849350184202194
0.23875197768211365
-0.17579035460948944
0.04458565637469292
-0.1574450433254242
0.1663229912519455
0.14358451962471008
-0.0897754654288292
0.15975961089134216
-0.05545060709118843
-0.016895020380616188
-0.06108608841896057
-0.17693446576595306
0.04686400666832924
-0.10867949575185776
-0.15980511903762817
-0.08077547699213028
0.012820718809962273
-0.0031810826621949673
0.005339654162526131
-0.07334824651479721
-0.11756637692451477
-0.06135982647538185
0.043223924934864044
-0.13911187648773193
0.10626881569623947
-0.047591276466846466
0.2385122925043106
-0.165732279419899
0.37134742736816406
0.06605272740125656
0.04876242205500603
0.052032992243766785
-0.00785728171467781
0.1662997603416443
-0.1590707153081894
-0.0586409866809845
0.09261126071214676
0.04082465544342995
-0.14020025730133057
-0.0030469053890556097
-0.0790746808052063
0.24208930134773254
-0.16720671951770782
-0.027564343065023422
-0.17085623741149902
0.02976188436150551
0.03251197189092636
-0.011500273831188679
-0.24389296770095825
0.09368721395730972
-0.0810604989528656
0.06134554743766785
0.024363256990909576
0.0076017011888325214
-0.23013927042484283
0.08215554058551788
-0.0017762231873348355
0.05431664362549782
-0.07241712510585785
-0.054063476622104645
-0.14961640536785126
0.10350849479436874
0.017332937568426132
0.09727081656455994
-0.131740540266037
-0.004274427890777588
0.11893568187952042
-0.13872195780277252
-0.07012967765331268
-0.11918327212333679
-0.08119568228721619
-0.09633805602788925
0.06391530483961105
0.10861920565366745
-0.19705158472061157
0.12153468281030655
0.14023342728614807
0.028397534042596817
-0.04901869222521782
-0.1257810890674591
-0.15594391524791718
-0.0752239003777504
-0.1445620059967041
-0.11709523946046829
0.12217485904693604
-0.09052271395921707
0.03873039409518242
-0.016105959191918373
0.041249215602874756
-0.021721411496400833
-0.05572642758488655
0.05980440974235535
-0.20981638133525848
0.04989936575293541
-0.08648471534252167
0.016168396919965744
-0.1525367796421051
0.05402856692671776
0.2908852994441986
0.11146781593561172
0.13062115013599396
-0.04259176179766655
-0.13748018443584442
-0.045947033911943436
0.007815883494913578
-0.1187601089477539
-0.05347259342670441
-0.030336912721395493
0.10216639935970306
0.13267669081687927
-0.04719847813248634
-0.22793245315551758
-0.10086821019649506
-0.015920663252472878
0.18740564584732056
0.04599260166287422
-0.07433057576417923
-0.0617496557533741
0.09760100394487381
0.14653271436691284
-0.081790030002594
-0.010865414515137672
-0.1537228524684906
-0.014065097086131573
0.08883477002382278
0.015332568436861038
-0.16441236436367035
-0.08047782629728317
0.12004781514406204
0.2468862533569336
-0.1772761344909668
-0.13459177315235138
0.055507756769657135
0.08932116627693176
-0.04246710613369942
0.03783829137682915
0.0025698868557810783
-0.04467787221074104
0.17088517546653748
0.032020505517721176
-0.016708893701434135
-0.13525591790676117
-0.022730384021997452
-0.04934486374258995
0.014171136543154716
-0.1017283946275711
0.13321644067764282
-0.12749932706356049
-0.0566573403775692
0.049074046313762665
0.0642487183213234
-0.1110071912407875
0.007593710906803608
0.12367480993270874
-0.0034284559078514576
0.10613468289375305
-0.13358533382415771
0.009272303432226181
-0.06202783063054085
0.09318283200263977
0.0631115585565567
-0.02432103082537651
-0.03984573110938072
-0.19865645468235016
0.15630856156349182
-0.10277097672224045
0.16222387552261353
-0.20116198062896729
-0.15322016179561615
0.17962326109409332
0.03679400682449341
-0.09435764700174332
0.10321208089590073
-0.07142075151205063
-0.12176299840211868
0.060398828238248825
-0.05437430366873741
-0.017219258472323418
0.00107473973184824
-0.06679927557706833
-0.028470998629927635
-0.21544460952281952
-0.07731292396783829
-0.1517338752746582
-0.13499821722507477
-0.19254334270954132
0.07531287521123886
-0.1407843679189682
-0.031004639342427254
-0.07040386646986008
0.0010885604424402118
0.02631325088441372
0.05545037239789963
0.09832093864679337
-0.11446938663721085
-0.016205260530114174
0.009048323146998882
-0.09317916631698608
-0.02835787832736969
-0.0011431314051151276
-0.0052347853779792786
0.025806276127696037
-0.04441003501415253
-0.06342915445566177
-0.18238255381584167
-0.0607614740729332
0.015065623447299004
-0.002254299819469452
-0.1055934876203537
-0.14164678752422333
-0.005879946518689394
-0.006038691848516464
0.013508941046893597
-0.017771828919649124
-0.15121331810951233
0.15651024878025055
0.04997395724058151
0.09395036101341248
-0.17652837932109833
-0.04492201283574104
0.05110511928796768
-0.11157171428203583
-0.13118784129619598
0.15048232674598694
-0.14443451166152954
0.019747864454984665
-0.041160956025123596
-0.15067146718502045
-0.0891888439655304
0.005965764634311199
0.004057396203279495
-0.14817416667938232
0.006277084816247225
0.0830259844660759
0.024633899331092834
-0.18245947360992432
-0.05153116583824158
0.04494627192616463
-0.07765990495681763
-0.013540776446461678
-0.0004346185305621475
-0.031206034123897552
-0.0837230384349823
0.11777037382125854
0.01177101768553257
-0.013997936621308327
-0.09559143334627151
-0.020881492644548416
-0.06411505490541458
0.038347791880369186
0.11063427478075027
-0.08796368539333344
-0.08292146027088165
-0.1387043297290802
0.0917523130774498
-0.11103496700525284
0.00921216607093811
0.00037649559089913964
0.07632129639387131
-0.03744012862443924
0.012167277745902538
0.09087153524160385
-0.06154782697558403
0.05289701372385025
-0.170274555683136
0.05019865557551384
-0.13364210724830627
0.02524319663643837
0.13139134645462036
0.10410502552986145
-0.2102005034685135
0.05472482368350029
-0.054701097309589386
-0.0651213526725769
-0.07021497189998627
-0.012574123218655586
0.09460724890232086
0.019936896860599518
-0.08278582245111465
-0.06102773919701576
-0.08695237338542938
-0.15599507093429565
-0.15773308277130127
0.03847416490316391
-0.17375165224075317
-0.041353989392519
0.08761747181415558
-0.017716476693749428
0.006382670719176531
0.10731822997331619
-0.12143444269895554
0.04904583841562271
0.10664495825767517
0.05821596086025238
-0.017082475125789642
-0.14169253408908844
-0.19594143331050873
0.047330547124147415
-0.18350665271282196
0.016648195683956146
0.09875309467315674
-0.04632647708058357
0.12279972434043884
-0.06743203103542328
0.013502005487680435
-0.07508902251720428
-0.013789860531687737
-0.031089937314391136
0.03829725459218025
-0.12724199891090393
-0.08065596222877502
-0.14190135896205902
0.09376878291368484
0.11068860441446304
0.14426711201667786
-0.3717953860759735
-0.10059046000242233
-0.10213305056095123
0.00395752489566803
-0.09126018732786179
0.07457152754068375
0.02333800122141838
0.1446671485900879
0.05765008553862572
0.12233448028564453
0.15945541858673096
-0.20183803141117096
-0.12330487370491028
-0.06389367580413818
-0.03299824148416519
0.025120850652456284
-0.12450603395700455
-0.15018047392368317
0.04387589171528816
-0.025203220546245575
0.023053854703903198
-0.13309255242347717
0.03565150126814842
-0.15937069058418274
0.11707019060850143
-0.15981197357177734
0.10523638874292374
-0.091151162981987
-0.02221149019896984
-0.04932459816336632
-0.20497018098831177
-0.06260117888450623
-0.16291552782058716
-0.08551158010959625
0.24527660012245178
0.036824509501457214
-0.19484010338783264
-0.2122662514448166
0.10970142483711243
-0.296518474817276
0.013230842538177967
-0.1416025459766388
0.05012940615415573
0.07166022062301636
0.009453755803406239
-0.04439910873770714
0.06791603565216064
0.11859007179737091
0.12477890402078629
-0.021433310583233833
0.15152372419834137
-0.07430937886238098
0.10786494612693787
0.029625270515680313
-0.15745601058006287
0.15470944344997406
0.03709316998720169
-0.14483191072940826
-0.09928588569164276
-0.11742187291383743
-0.04622873663902283
0.1392325907945633
-0.1203257143497467
0.08098604530096054
-0.08579292893409729
0.06930305063724518
-0.00824191514402628
-0.20803894102573395
0.06988253444433212
0.07816380262374878
-0.1660560667514801
0.09800095856189728
-0.22655294835567474
-0.174337700009346
-0.02610619179904461
0.21515849232673645
0.09358546137809753
0.09275136888027191
-0.1660677194595337
0.047010261565446854
-0.038260623812675476
0.06285830587148666
-0.03254523500800133
0.06904160231351852
0.04174891114234924
0.033262986689805984
-0.1056007668375969
0.22901403903961182
0.01756756752729416
-0.0972244068980217
-0.0974116325378418
0.068579763174057
0.12426552921533585
0.03996225818991661
-0.19517585635185242
0.05334654450416565
0.02137443609535694
-0.20519909262657166
-0.3464178442955017
0.12329970300197601
-0.2873955965042114
-0.024592144414782524
-0.045920826494693756
-0.23839300870895386
0.1141575425863266
0.037625085562467575
0.07779998332262039
0.02829080820083618
0.03071763552725315
-0.264390766620636
-0.14207856357097626
-0.011988595128059387
0.11386705189943314
0.02804960496723652
-0.09602783620357513
-0.10091954469680786
0.15731559693813324
0.005622261203825474
-0.0984274223446846
0.12507455050945282
0.157917320728302
0.03856561705470085
0.16209949553012848
-0.02840905450284481
-0.17866353690624237
-0.032109297811985016
-0.08558257669210434
-0.16814738512039185
0.05240265280008316
0.05141538009047508
0.1427408754825592
-0.034799061715602875
0.12399996817111969
-0.11493334174156189
0.11582113057374954
-0.10655767470598221
0.08649049699306488
-0.012616688385605812
-0.273550808429718
0.08068220317363739
-0.06254567950963974
-0.05340868607163429
-0.00030922528821974993
0.012091155163943768
-0.03665371984243393
-0.018126284703612328
0.05830058827996254
-0.12865053117275238
0.06538555026054382
-0.06992867588996887
-0.0976683646440506
0.08592527359724045
-0.018835002556443214
-0.13775987923145294
-0.07017894089221954
0.00961297657340765
-0.07532792538404465
-0.18584999442100525
-0.12813086807727814
-0.19923844933509827
0.0009198705083690584
-0.029853664338588715
-0.03328709676861763
0.02722761034965515
-0.09637825191020966
0.04549924656748772
-0.04038017988204956
-0.15535154938697815
0.04278053715825081
0.20728717744350433
-0.06741713732481003
0.14320559799671173
0.08939708769321442
-0.22945740818977356
-0.10827451944351196
-0.08500517159700394
-0.07383247464895248
-0.08747168630361557
-0.21923990547657013
-0.08732406049966812
-0.05216560885310173
-0.09479419887065887
0.10201677680015564
0.18728624284267426
0.05871903896331787
0.102419413626194
-0.03779347613453865
-0.06431224197149277
0.005778531543910503
-0.009413380175828934
-0.012754642404615879
-0.22775916755199432
0.14724954962730408
-0.1874101608991623
0.23256000876426697
-0.054744474589824677
0.04661910980939865
-0.06613341718912125
0.08571259677410126
0.07113988697528839
-0.03954843431711197
-0.06784043461084366
-0.25374114513397217
-0.021330347284674644
0.14367495477199554
-0.06798089295625687
-0.07323339581489563
-0.16162073612213135
-0.04574219509959221
0.1670226901769638
-0.19041293859481812
-0.10022110491991043
0.09832009673118591
-0.08994684368371964
-0.048599325120449066
0.0308246947824955
-0.0636565312743187
0.030923016369342804
-0.17785346508026123
-0.09396734088659286
0.058553747832775116
0.011635050177574158
0.04586833715438843
0.0880461111664772
-0.032594356685876846
0.1595783680677414
-0.09154409170150757
0.08015812188386917
-0.07189717143774033
0.056409019976854324
-0.22143809497356415
0.11939417570829391
-0.0010545363184064627
0.056221555918455124
-0.12200304120779037
-0.15732388198375702
-0.06185605376958847
-0.015094698406755924
-0.07507448643445969
0.06118984892964363
-0.009176389314234257
-0.09849871695041656
0.031013716012239456
0.08478691428899765
0.015743501484394073
-0.005467588547617197
-0.13338442146778107
0.16581803560256958
-0.052210733294487
0.07144748419523239
-0.1192692294716835
0.10952398926019669
0.20747706294059753
-0.11532934010028839
0.04951466619968414
-0.0004315180121921003
0.1467292606830597
-0.04988021403551102
-0.21287190914154053
-0.08376819640398026
0.0008292071288451552
0.14003190398216248
0.10307807475328445
-0.06989400833845139
0.19429029524326324
-0.1347779780626297
-0.1387912482023239
-0.09708553552627563
0.25396209955215454
-0.013882765546441078
-0.013944904319941998
-0.04726497828960419
0.1328766793012619
0.0036775916814804077
0.14857374131679535
0.19076450169086456
0.11357060819864273
0.04201385751366615
0.09236714243888855
-0.020609289407730103
-0.11786407232284546
-0.034785497933626175
0.13862185180187225
-0.006125981453806162
0.017989512532949448
0.10488824546337128
0.11191868782043457
-0.07718802988529205
0.0644276887178421
0.1912393718957901
-0.01568823866546154
-0.11410439014434814
0.16854451596736908
-0.09741372615098953
-0.19193844497203827
-0.09794923663139343
-0.08766081929206848
-0.17026883363723755
0.020512839779257774
-0.1272604763507843
0.028772952035069466
0.14522944390773773
-0.04363720491528511
-0.0678316205739975
0.1390201598405838
0.11285528540611267
0.17994432151317596
0.17392563819885254
0.20569954812526703
-0.014556769281625748
-0.042390987277030945
0.17581336200237274
-0.1549825221300125
0.1664240062236786
0.07334018498659134
-0.10811545699834824
0.07084257155656815
-0.10490261018276215
0.1129482313990593
0.1890663057565689
0.12243583798408508
-0.04801527038216591
-0.001857619732618332
0.02621278166770935
-0.11019686609506607
0.009757240302860737
0.00016523123485967517
0.17000839114189148
-0.0854669138789177
-0.05044547840952873
-0.20003429055213928
0.12117234617471695
0.07068216055631638
0.05199696496129036
-0.09885506331920624
0.12080574035644531
-0.03594907373189926
0.011231622658669949
-0.007527873385697603
-0.027144284918904305
0.04905245825648308
0.08477255702018738
0.12735456228256226
0.2424589842557907
0.031757134944200516
-0.0018744425615295768
0.041336242109537125
0.028321564197540283
0.137901172041893
-0.02472231537103653
-0.06062452867627144
0.00424071354791522
0.08818966895341873
-0.0736834779381752
-0.08078817278146744
-0.1121290847659111
-0.267243355512619
-0.06353126466274261
-0.2699856758117676
-0.025497039780020714
0.05427376925945282
-0.09650668501853943
-0.018251093104481697
-0.08972670137882233
-0.1241517961025238
0.11810816079378128
-0.1935335397720337
-0.010317674838006496
0.01069253496825695
0.1247841939330101
0.17037072777748108
-0.07178318500518799
0.12982268631458282
0.09115708619356155
-0.061044879257678986
0.1996561884880066
-0.028273573145270348
0.11320905387401581
-0.04613412544131279
0.06070728600025177
-0.05602838471531868
0.02967657707631588
0.19559289515018463
-0.038918543606996536
-0.16506603360176086
0.21179352700710297
0.07809232920408249
0.043173689395189285
0.15474410355091095
-0.10736748576164246
-0.027104144915938377
0.10824455320835114
0.019284963607788086
-0.08185936510562897
-0.005419785622507334
-0.01729491911828518
0.2468472570180893
-0.16136080026626587
-0.012530810199677944
0.10166158527135849
0.05502348765730858
0.013975468464195728
-0.10239189863204956
0.011613291688263416
-0.18318110704421997
-0.1951102316379547
0.15571661293506622
-0.04044125974178314
-0.11585205048322678
0.06146296113729477
-0.2380855828523636
-0.022028133273124695
-0.042501144111156464
0.15451262891292572
0.15462014079093933
-0.09185843914747238
-0.07171779125928879
-0.11262655258178711
0.0163470096886158
0.1319016069173813
0.16981050372123718
0.01649569906294346
0.05135812610387802
0.21787506341934204
0.055544666945934296
0.06470895558595657
-0.12785683572292328
-0.08344616740942001
-0.04107534512877464
-0.07460735738277435
0.03654744476079941
0.1842573583126068
-0.05642451345920563
-0.048513174057006836
0.10218217223882675
-0.20118358731269836
-0.08192287385463715
-0.3193407356739044
0.10369998216629028
-0.03549722954630852
-0.16333599388599396
-0.01473443303257227
0.04223153367638588
-0.1864086091518402
0.1312950998544693
0.07204508036375046
-0.17787185311317444
0.13793516159057617
-0.1824893355369568
0.14644978940486908
-0.1607741415500641
0.16522231698036194
0.02072947286069393
-0.00233782478608191
0.0020805420354008675
-0.3484986126422882
0.020923255011439323
-0.07804730534553528
-0.04648042842745781
0.1802414208650589
-0.2031203657388687
0.12399722635746002
-0.2768092751502991
0.2092626690864563
-0.01817556656897068
0.18485023081302643
0.215590700507164
-0.08644798398017883
-0.20585712790489197
-0.056832220405340195
-0.08801841735839844
-0.07424624264240265
-0.4134559631347656
-0.125054731965065
-0.07327882945537567
-0.16511915624141693
0.0019420095486566424
-0.07794708013534546
-0.1060354933142662
-0.014578440226614475
-0.09285528212785721
0.16958585381507874
-0.12212463468313217
0.1549692302942276
-0.035769276320934296
-0.022126220166683197
-0.24695177376270294
0.3076455891132355
-0.017692184075713158
0.01603214628994465
-0.0962279886007309
0.0781639963388443
0.13639917969703674
-0.1374087929725647
-0.07518666237592697
-0.05382995679974556
0.009713804349303246
-0.06501932442188263
0.1021495833992958
-0.05346640944480896
0.4186905026435852
-0.18302559852600098
-0.0733393207192421
-0.16654254496097565
0.13102573156356812
-0.029489492997527122
0.034505221992731094
-0.042754873633384705
-0.003516396274790168
-0.08957261592149734
-0.08499358594417572
-0.0730026364326477
-0.10830587148666382
-0.004231644794344902
-0.14591649174690247
-0.00027364687412045896
0.05959717929363251
-0.148978590965271
-0.1944226771593094
0.160233274102211
0.13553982973098755
-0.04375726357102394
0.054864849895238876
-0.15785083174705505
0.03877315670251846
-0.032963111996650696
0.018389098346233368
-0.0776563212275505
-0.13009418547153473
0.13005854189395905
0.11772685497999191
-0.13401708006858826
-0.04815438389778137
0.08680424094200134
-0.03671887516975403
-0.06369107961654663
0.04905768856406212
-0.05424519255757332
0.02867850288748741
0.03781704604625702
0.05813535302877426
0.10037162154912949
-0.007160987239331007
0.05582207441329956
-0.07308512926101685
0.09991225600242615
-0.011319746263325214
-0.06515393406152725
-0.06013566255569458
0.10067401826381683
0.0795174315571785
0.07696814090013504
-0.0809648185968399
0.04420757293701172
-0.18439649045467377
0.07464767247438431
-0.15054851770401
-0.0991024374961853
-0.11022143065929413
0.051020365208387375
-0.1567106992006302
0.007633636239916086
0.1093907430768013
0.06467965245246887
-0.13530096411705017
0.07554178684949875
0.009042610414326191
-0.0702199786901474
-0.11488073319196701
-0.08691184222698212
0.1135709136724472
0.06768331676721573
-0.15073299407958984
-0.0356232114136219
0.07604794949293137
0.13458223640918732
-0.13187691569328308
-0.10739730298519135
0.06973042339086533
-0.08203102648258209
-0.012651790864765644
-0.10314203053712845
-0.21436205506324768
-0.1519116908311844
0.11990652233362198
0.09187997132539749
-0.06432044506072998
0.10239803045988083
0.038197342306375504
0.01451606024056673
-0.12693828344345093
-0.07251320034265518
-0.0318000502884388
0.08928529173135757
0.021051524206995964
-0.02009313926100731
0.03575082868337631
0.016341859474778175
0.02428155019879341
-0.01742490753531456
0.000473578431410715
0.040165286511182785
0.06488209217786789
-0.12236356735229492
-0.053105808794498444
0.051433343440294266
-0.07079296559095383
-0.024732185527682304
0.05330455303192139
0.07905218005180359
0.04874543473124504
-0.06894979625940323
-0.046274177730083466
0.05514811724424362
0.04403689503669739
0.005168769974261522
-0.046248387545347214
-0.04460987448692322
0.0817306637763977
-0.03392661735415459
-0.04528709128499031
-0.20633623003959656
0.01651345007121563
0.022484971210360527
-0.04078863188624382
-0.11349307745695114
0.09553033858537674
0.026762070134282112
-0.07736564427614212
-0.07364856451749802
0.14855726063251495
-0.14157891273498535
0.03987126424908638
0.019911332055926323
0.07168077677488327
-0.06091100722551346
-0.07811935991048813
-0.20124314725399017
0.04160575196146965
0.07125812768936157
-0.024412259459495544
-0.027422724291682243
0.03890576586127281
-0.2000572681427002
-0.1302211880683899
-0.1242583766579628
0.14315183460712433
-0.131143257021904
0.023703020066022873
-0.028097612783312798
-0.22542043030261993
-0.1324547380208969
-0.12727944552898407
-0.1298244595527649
-0.10964319854974747
-0.2956467568874359
0.1631024181842804
-0.14332018792629242
0.022794704884290695
0.03157912567257881
-0.009962482377886772
-0.13696858286857605
-0.007074920926243067
0.10260750353336334
-0.046889424324035645
-0.21357017755508423
-0.22754046320915222
0.11127182841300964
-0.15797355771064758
0.10916978120803833
-0.017717985436320305
-0.07067167013883591
-0.17964307963848114
0.2268286645412445
0.022515704855322838
-0.02032802626490593
0.014623469673097134
-0.011337721720337868
-0.1501106470823288
0.28205958008766174
0.12021136283874512
0.06602250039577484
-0.05488963425159454
0.08479463309049606
0.22717785835266113
-0.01787589304149151
0.3106137812137604
-0.1479298621416092
0.10499636083841324
-0.17293518781661987
-0.14139901101589203
-0.10050749033689499
0.1106710433959961
0.06867847591638565
-0.09321512281894684
0.19790056347846985
0.0515325628221035
-0.023066002875566483
0.010502249002456665
-0.09141942858695984
0.08251389861106873
0.17887689173221588
-0.034760233014822006
-0.09658534079790115
0.08789829909801483
-0.10164345055818558
-0.021042069420218468
-0.11457342654466629
0.1225583627820015
0.023618832230567932
0.09784533083438873
-0.056783515959978104
-0.0265108123421669
0.17063438892364502
0.07192009687423706
-0.03904445096850395
-0.009869802743196487
0.08820747584104538
0.3035203814506531
0.006208166014403105
-0.2275795340538025
-0.10629637539386749
-0.08163473010063171
-0.1919526755809784
-0.22485239803791046
-0.14210058748722076
0.23195992410182953
0.10872440785169601
0.02063864842057228
0.041902367025613785
0.18236690759658813
0.027356266975402832
0.08121170848608017
-0.132375106215477
-0.025154994800686836
-0.14777493476867676
0.33873769640922546
0.12046878039836884
-0.1076035276055336
-0.08163439482450485
-0.03243998810648918
-0.0021194210276007652
0.13490955531597137
-0.028010902926325798
0.03768210485577583
-0.11983440816402435
-0.07153712958097458
-0.1414685696363449
-0.13370659947395325
-0.08398924767971039
0.08980989456176758
-0.19097575545310974
-0.1433553546667099
-0.287592351436615
0.4222945272922516
0.4587092697620392
-0.18383070826530457
0.0625358521938324
-0.1554744988679886
-0.14150404930114746
-0.08474500477313995
0.09829626232385635
0.023919574916362762
0.1608155518770218
-0.03753286972641945
-0.029460472986102104
0.045603614300489426
-0.11978115886449814
0.008571330457925797
0.034615788608789444
-0.11392799019813538
0.011180540546774864
0.04515056684613228
-0.10671425610780716
-0.16336388885974884
0.1896609365940094
-0.0718998983502388
-0.061196427792310715
0.07142307609319687
-0.16583393514156342
0.10962077230215073
-0.15173295140266418
0.10302723944187164
0.1651826947927475
-0.019455736503005028
-0.03505923971533775
-0.08755725622177124
-0.006466350983828306
-0.047353215515613556
-0.0989823192358017
-0.03380756825208664
-0.08579906076192856
-0.006988913286477327
-0.02766638807952404
0.10191652178764343
0.0013350017834454775
-0.025818051770329475
0.022068781778216362
-0.05490585044026375
-0.1937406063079834
-0.08731503784656525
-0.06549263000488281
0.01661246456205845
0.06688482314348221
0.12477394193410873
0.06861835718154907
0.1741173416376114
-0.08361298590898514
0.050856683403253555
-0.10203840583562851
0.22735145688056946
0.07393451035022736
-0.005766372662037611
0.13960695266723633
-0.15469509363174438
0.23936903476715088
-0.04725287854671478
0.1396082192659378
0.2447597086429596
-0.2248787134885788
0.009327687323093414
0.055897098034620285
0.06382053345441818
-0.19360867142677307
-0.13952739536762238
0.06946901232004166
-0.13432876765727997
-0.1903531849384308
0.17009799182415009
-0.025958159938454628
-0.04320329800248146
0.07366164028644562
0.0830816701054573
0.14280778169631958
-0.02627292461693287
0.08055853098630905
0.16210494935512543
-0.054959334433078766
0.026610296219587326
0.1773761808872223
-0.011331264860928059
-0.1035892516374588
-0.06372431665658951
0.027185192331671715
0.16832946240901947
0.02306736260652542
0.2789430022239685
-0.141811341047287
0.14851894974708557
-0.24331526458263397
0.18423563241958618
0.06545725464820862
-0.0194846224039793
-0.10645405948162079
-0.01961410418152809
0.14392493665218353
0.055741917341947556
-0.19260717928409576
-0.07141441106796265
-0.33645209670066833
-0.15360093116760254
0.04526319354772568
0.1530272364616394
0.08001837134361267
-0.10127212107181549
0.023563556373119354
-0.05926448479294777
0.10255372524261475
0.0829956904053688
0.04188228026032448
0.055086106061935425
-0.05293399095535278
0.20212368667125702
-0.059564776718616486
0.25472235679626465
-0.16975116729736328
0.09487447887659073
0.11662711948156357
-0.09360156208276749
-0.1774909645318985
0.07230843603610992
0.07865654677152634
-0.058452852070331573
0.07322784513235092
-0.24563978612422943
-0.12007412314414978
-0.0022076694294810295
0.2046787589788437
-0.15665723383426666
0.15763819217681885
-0.11189087480306625
-0.1677768975496292
0.0746697410941124
-0.05697580799460411
-0.15716932713985443
-0.13237038254737854
-0.014298869296908379
0.11048410087823868
0.00812626350671053
0.10786322504281998
-0.10410896688699722
-0.021060122177004814
0.046077776700258255
0.02024962566792965
0.10619518160820007
0.00968915969133377
-0.0479382686316967
-0.004626857582479715
-0.008143758401274681
0.011418517678976059
-0.0789879560470581
-0.14181745052337646
0.05309233441948891
-0.0034582666121423244
0.12709546089172363
0.02831747941672802
-0.05338789522647858
0.047039180994033813
-0.17466087639331818
0.03783078491687775
-0.14776505529880524
-0.12222611159086227
0.06808928400278091
-0.09891583025455475
-0.1941530853509903
-0.17838819324970245
0.004693412687629461
0.07422051578760147
0.14824599027633667
-0.0917823538184166
-0.1763284057378769
0.023798644542694092
-0.07784361392259598
-0.031999364495277405
0.12381704151630402
-0.12237199395895004
-0.1075877770781517
-0.14096936583518982
-0.23518984019756317
0.04487761855125427
-0.08658184856176376
-0.13345974683761597
-0.12467965483665466
-0.011456730775535107
0.02747397869825363
-0.06790775060653687
0.059393808245658875
-0.16780684888362885
-0.20770710706710815
0.01078012678772211
-0.21684549748897552
0.08412467688322067
0.05749665945768356
-0.10948087275028229
-0.17050883173942566
-0.055912479758262634
0.08188030123710632
0.1731373518705368
-0.15625548362731934
-0.16984139382839203
0.07593969255685806
0.004432526882737875
-0.055780038237571716
-0.2394714653491974
0.023246046155691147
-0.051525428891181946
-0.013524209149181843
-0.02046983875334263
0.030655812472105026
-0.08409211039543152
-0.056065883487463
-0.1517837643623352
0.0006779032410122454
-0.21537117660045624
-0.006581796798855066
0.03586626052856445
-0.15328241884708405
-0.12080417573451996
0.024836894124746323
0.0735391229391098
-0.09737880527973175
-0.037048034369945526
-0.1796005219221115
-0.039829593151807785
-0.1486096829175949
0.06526528298854828
-0.14526519179344177
-0.1411399096250534
-0.06788643449544907
-0.15527121722698212
0.05405636876821518
-0.12656055390834808
-0.11738647520542145
0.142769455909729
0.05015566572546959
0.09989099204540253
-0.12795819342136383
0.04226068779826164
-0.11024623364210129
0.006726180203258991
0.00897250510752201
-0.03819645196199417
-0.006706155836582184
-0.17457136511802673
-0.04198252037167549
0.14586542546749115
0.1233338937163353
0.038192395120859146
-0.12160724401473999
-0.03390495479106903
0.06854793429374695
0.02821817621588707
-0.20264054834842682
0.09344445168972015
0.09241866320371628
0.031271472573280334
-0.08039063215255737
-0.0007445623050443828
0.028386028483510017
0.06534195691347122
0.09074945002794266
0.031125370413064957
-0.052388034760951996
0.12153898179531097
0.10205116868019104
0.06484519690275192
0.08854968100786209
-0.10797694325447083
-0.1947256177663803
0.1934884786605835
-0.07082829624414444
0.020698152482509613
0.04518319293856621
-0.16178056597709656
-0.08055822551250458
0.1975528597831726
0.0634240061044693
0.08140894770622253
-0.004332004114985466
0.16510389745235443
-0.17782510817050934
-0.02758864127099514
-0.013906478881835938
-0.08360205590724945
-0.09748997539281845
-0.04461095482110977
-0.044099360704422
0.01725924201309681
0.05840497463941574
0.1436057686805725
-0.08428862690925598
0.14097930490970612
-0.038711067289114
0.02367263473570347
-0.21978558599948883
0.10014880448579788
-0.1502128392457962
-0.004071921110153198
0.09068074077367783
0.05273065343499184
0.06618265807628632
0.15208007395267487
-0.08661182224750519
-0.07090157270431519
-0.009459197521209717
0.12328226864337921
0.03609265014529228
0.1580793410539627
-0.25450387597084045
0.10716117918491364
0.004083319567143917
-0.2418709397315979
0.03165331110358238
-0.1745356023311615
0.10252468287944794
-0.032637499272823334
0.03078778274357319
0.0730583444237709
-0.07613350450992584
-0.07504276186227798
0.05605141818523407
0.13819658756256104
0.07029090821743011
-0.04376071318984032
-0.064088836312294
0.13502711057662964
0.11276557296514511
0.23137862980365753
-0.016709791496396065
0.05483919009566307
-0.05445799231529236
0.07928315550088882
0.0345868319272995
0.18227636814117432
-0.20484718680381775
0.08163030445575714
-0.11720214039087296
0.014586953446269035
-0.0401136577129364
0.07585036754608154
0.14358866214752197
-0.08830531686544418
-0.04540104418992996
-0.01612222008407116
-0.3871890902519226
-0.019950319081544876
0.15890616178512573
0.12504842877388
-0.10595304518938065
-0.028742020949721336
-0.022384101524949074
0.007363568991422653
0.06552708894014359
-0.04362613335251808
-0.06414996832609177
0.012559392489492893
-0.027149595320224762
0.15026463568210602
0.10198649019002914
-0.01294262707233429
-0.05536949634552002
0.06164788082242012
0.11168450862169266
-0.05349799618124962
-0.03524060547351837
0.14840969443321228
-0.1854940801858902
0.132331982254982
0.1930486112833023
0.11351779103279114
0.0603601448237896
-0.027290135622024536
-0.26000791788101196
-0.02700430154800415
-0.07397328317165375
-0.2340220808982849
-0.010273118503391743
-0.002078833058476448
0.06786306947469711
-0.03129253163933754
-0.08054575324058533
-0.25471171736717224
-0.11397527903318405
0.05309160426259041
0.07066132128238678
-0.030626509338617325
-0.0731574296951294
-0.1116146594285965
0.06241261586546898
-0.09155840426683426
0.0011848205467686057
0.05080853030085564
-0.15778318047523499
-0.14958007633686066
-0.03491932898759842
-0.1115349680185318
-0.009264926426112652
-0.13053441047668457
0.04412960633635521
-0.061521708965301514
0.08464907854795456
-0.13419756293296814
-0.09581030905246735
-0.028516676276922226
0.07964949309825897
-0.00026111662737093866
0.045962143689394
0.11590100824832916
0.09688280522823334
-0.08428481966257095
0.11188086122274399
-0.06330757588148117
-0.16387075185775757
-0.09881632775068283
0.08009809255599976
-0.25452882051467896
0.07153045386075974
0.0683729499578476
0.035116955637931824
-0.230401873588562
0.0914074033498764
-0.18915629386901855
-0.030174056068062782
-0.06687593460083008
0.146495521068573
-0.0005596934352070093
-0.07600679993629456
0.004451928194612265
0.04129210487008095
-0.05682370066642761
-0.016180116683244705
-0.15785494446754456
0.09290661662817001
0.07324572652578354
0.012031098827719688
0.0216261837631464
-0.16260364651679993
-0.13426604866981506
0.022370196878910065
-0.03666156157851219
-0.32759666442871094
0.07429158687591553
0.09285154193639755
0.10401464998722076
-0.14581675827503204
0.11955617368221283
-0.08858151733875275
-0.1281278133392334
0.05266130715608597
-0.20343568921089172
0.038393788039684296
0.0646892860531807
-0.055623024702072144
0.02209845930337906
-0.035516660660505295
0.09306209534406662
-0.03470105305314064
0.10855098813772202
-0.045081403106451035
0.019669141620397568
0.019104979932308197
0.06570206582546234
0.09155572950839996
-0.0032746046781539917
0.03346164897084236
-0.2552744448184967
-0.08898933976888657
-0.008949331007897854
-0.00945734791457653
-0.11265736073255539
-0.05690033361315727
-0.19727931916713715
-0.10468412190675735
-0.27025139331817627
-0.12169791013002396
-0.1101594939827919
0.009990937076508999
-0.010482976213097572
-0.09828858822584152
-0.14883092045783997
-0.1593605875968933
0.04064638912677765
-0.11916028708219528
0.00937602948397398
-0.19098159670829773
-0.18813006579875946
-0.02965986356139183
0.17299257218837738
0.21920578181743622
-0.08544699102640152
0.13420450687408447
0.09112820774316788
-0.05461777746677399
-0.0031416648998856544
0.1114528700709343
-0.18745163083076477
0.009212236851453781
0.0641520768404007
0.14477458596229553
-0.220818430185318
0.02142353542149067
-0.1529054343700409
0.16461676359176636
-0.05312288552522659
-0.13825926184654236
0.0846271961927414
-0.06868764013051987
-0.11590711772441864
-0.06108267232775688
0.09466578811407089
-0.20741485059261322
0.09012544900178909
0.1324700266122818
0.13367024064064026
-0.01842651702463627
-0.07543489336967468
0.1503615528345108
0.0016972098965197802
-0.06254611909389496
0.15157029032707214
-0.02790677547454834
-0.17788395285606384
-0.1285860389471054
-0.16328498721122742
-0.034648869186639786
-0.21426694095134735
0.11266698688268661
-0.12368449568748474
0.08133797347545624
-0.13916651904582977
0.05152019113302231
0.16839349269866943
-0.2326086014509201
0.07265744358301163
-0.0052655707113444805
0.1942078024148941
-0.09886538237333298
0.01591423712670803
0.041743092238903046
-0.14986172318458557
-0.0719437301158905
-0.017178567126393318
-0.08463215082883835
-0.3179038166999817
-0.12936842441558838
-0.15247714519500732
0.15776269137859344
-0.09991242736577988
-0.13202303647994995
-0.06480777263641357
-0.18152183294296265
0.04985445365309715
-0.20037835836410522
-0.004524018615484238
-0.15656238794326782
-0.11635814607143402
-0.0030578637961298227
-0.029453199356794357
0.04955735802650452
0.12283696234226227
-0.0038871364668011665
0.18672220408916473
0.22183479368686676
-0.1581428050994873
0.13898847997188568
-0.1810881793498993
0.05960018187761307
0.003919938579201698
-0.09108912199735641
0.032297104597091675
-0.011232979595661163
-0.019241519272327423
0.10791140794754028
-0.10673598945140839
-0.11566425859928131
0.019444871693849564
-0.0710655152797699
0.0553707480430603
0.16526345908641815
-0.07302731275558472
-0.12174397706985474
0.05114320293068886
-0.14589986205101013
-0.016280392184853554
0.3930862843990326
-0.04323963075876236
-0.13394281268119812
-0.16939671337604523
0.005418054759502411
-0.1668897569179535
0.019851358607411385
0.15902076661586761
0.06157270818948746
-0.2772597372531891
-0.024712806567549706
-0.24565178155899048
-0.11306246370077133
-0.20377351343631744
-0.22949053347110748
-0.008720317855477333
0.03823244944214821
0.08079621195793152
-0.12255315482616425
0.15125985443592072
-0.009868772700428963
0.25081706047058105
-0.05113595351576805
0.16571184992790222
-0.0929151177406311
0.32780829071998596
-0.06519586592912674
-0.0030117486603558064
0.018868396058678627
-0.08046278357505798
-0.01639699563384056
0.09418073296546936
0.35896581411361694
-0.04373186454176903
-0.0820130705833435
0.21199128031730652
0.09135503321886063
-0.0604974627494812
0.17452654242515564
0.0008405615226365626
-0.21398431062698364
-0.14459294080734253
0.039121273905038834
0.02542545087635517
-0.016092460602521896
-0.1702987253665924
-0.025127993896603584
-0.012342800386250019
-0.13641907274723053
0.0906815156340599
-0.16410985589027405
0.021811731159687042
-0.07595710456371307
0.1357574164867401
-0.16221748292446136
-0.2005835771560669
0.159466952085495
-0.047544751316308975
0.11538688838481903
0.02441735379397869
-0.07993698120117188
0.032611485570669174
-0.12321166694164276
-0.0039050085470080376
0.12220688164234161
0.08296054601669312
0.1673496663570404
-0.09749522805213928
0.051732197403907776
-0.007219291292130947
-0.0785164013504982
0.12789525091648102
-0.0865260511636734
0.13803085684776306
0.0070362272672355175
0.02744584158062935
0.09707683324813843
-0.09697627276182175
-0.0015609565889462829
0.013890504837036133
-0.09964966773986816
0.009122851304709911
0.12289522588253021
0.1450493484735489
-0.10146498680114746
0.15179112553596497
0.17464618384838104
-0.12343405932188034
-0.17512622475624084
0.011052160523831844
0.07416677474975586
0.027181068435311317
-0.07719714939594269
0.017786823213100433
0.08996906876564026
0.09257007390260696
0.14212214946746826
-0.23449595272541046
0.15731745958328247
0.0704941377043724
0.16780494153499603
0.10460881143808365
-0.06025977060198784
0.13237491250038147
-0.09071402996778488
0.154310941696167
0.15171748399734497
0.08560631424188614
-0.10002452880144119
0.045813873410224915
0.2221311330795288
0.008396714925765991
0.1884911209344864
-0.11030793935060501
-0.11988044530153275
0.08062306046485901
-0.09539558738470078
0.1713416427373886
-0.10421924293041229
0.08377159386873245
0.0827447772026062
-0.057396892458200455
-0.036277029663324356
0.0358772873878479
0.03175358101725578
0.0647457167506218
-0.07854344695806503
-0.030168084427714348
0.0023426825646311045
-0.1545097678899765
0.19743911921977997
-0.06571101397275925
-0.029360102489590645
-0.07615154981613159
0.17995555698871613
0.11246377974748611
0.030201487243175507
-0.03957473859190941
0.18253614008426666
-0.058346837759017944
-0.13133133947849274
-0.014245630241930485
-0.1818203628063202
0.1363958865404129
0.14530512690544128
0.08908749371767044
-0.005766947753727436
-0.16371862590312958
0.04193265736103058
-0.04036526381969452
0.1448468416929245
-0.21277667582035065
-0.03336597606539726
0.010672828182578087
0.24882279336452484
-0.06303032487630844
0.11040809750556946
-0.2413240373134613
-0.0581226646900177
-0.0862089991569519
-0.06783211976289749
0.021985121071338654
0.21696549654006958
-0.03316956385970116
-0.0700838565826416
0.1931818276643753
-0.06673388183116913
0.061816561967134476
0.0952862873673439
-0.09638406336307526
0.033950891345739365
0.17475847899913788
0.08646977692842484
-0.25928637385368347
0.09635945409536362
-0.36820611357688904
0.11771435290575027
-0.08160855621099472
-0.09305357187986374
-0.09653263539075851
0.19758300483226776
0.06689152121543884
-0.030885804444551468
-0.13641119003295898
-0.13115620613098145
-0.03503221273422241
-0.020626883953809738
0.16243863105773926
-0.13209570944309235
-0.036868881434202194
0.10607391595840454
-0.030536778271198273
0.08056272566318512
0.007145494222640991
0.16699939966201782
0.11283867806196213
0.1270010620355606
-0.12849801778793335
0.06733394414186478
-0.12153083086013794
0.01691018044948578
0.19518740475177765
-0.04797903075814247
-0.1381484717130661
-0.09459137171506882
-0.0907348096370697
-0.1267862319946289
-0.016306687146425247
-0.0897882729768753
0.023355362936854362
0.16063174605369568
0.061833057552576065
-0.10286460071802139
-0.16064099967479706
0.012190666981041431
-0.19361242651939392
-0.152756005525589
0.1094990223646164
0.011063806712627411
0.16762222349643707
-0.15073685348033905
0.13455913960933685
-0.07162448763847351
0.12722939252853394
0.06606475263834
-0.1079954132437706
0.02091476134955883
-0.12401586771011353
0.0595974363386631
0.14465399086475372
-0.038776151835918427
-0.16366399824619293
-0.14858414232730865
0.022269602864980698
-0.06376286596059799
0.029767956584692
0.01441197283565998
-0.0346313901245594
0.04861873760819435
0.06088550388813019
-0.2670883238315582
0.03569427505135536
0.009354617446660995
-0.1199883371591568
0.00938213150948286
-0.19002075493335724
-0.07463312149047852
-0.0621732659637928
0.0071640643291175365
0.11935645341873169
0.18665720522403717
0.08240137249231339
0.013916874304413795
-0.05093703046441078
0.15031053125858307
0.14027296006679535
0.12572044134140015
0.08131541311740875
-0.024156920611858368
0.026597673073410988
0.06932205706834793
0.10199107974767685
-0.1916077584028244
-0.14403784275054932
-0.053777456283569336
0.13382966816425323
-0.2331523895263672
-0.12026217579841614
-0.16343939304351807
-0.15340463817119598
0.0992124080657959
0.08411630243062973
0.18166892230510712
0.07553055882453918
0.11184512078762054
-0.030081458389759064
-0.2954382300376892
0.123533695936203
-0.10954807698726654
0.0922255888581276
-0.1757364422082901
0.015242267400026321
-0.04759874567389488
-0.0015694154426455498
0.19422337412834167
-0.0443066768348217
0.026017123833298683
-0.06214053928852081
-0.06558026373386383
0.20623186230659485
0.04527845233678818
0.16256695985794067
0.09023734927177429
-0.07571882009506226
0.08410724997520447
-0.006479992531239986
-0.025837300345301628
-0.08261442929506302
-0.14168989658355713
-0.007015460170805454
-0.021439943462610245
-0.06794765591621399
-0.12003390491008759
-0.015143304131925106
-0.3651650547981262
0.1030028685927391
0.029826052486896515
-0.1303485631942749
-0.045323051512241364
-0.12662670016288757
0.07643093913793564
0.0331391803920269
-0.005346239544451237
-0.164690762758255
-0.09947683662176132
0.1373722404241562
0.14573092758655548
-0.06390531361103058
0.07811141759157181
-0.12925094366073608
0.05299806594848633
0.06936083734035492
0.005168994888663292
0.024439265951514244
0.08023246377706528
-0.010492341592907906
-0.10193850845098495
0.06660246104001999
-0.024996846914291382
0.051945582032203674
-0.044722478836774826
0.16162991523742676
-0.04230410233139992
-0.214888334274292
-0.1026800200343132
-0.09614739567041397
0.0869557186961174
-0.08067451417446136
-0.06285758316516876
-0.1479562669992447
-0.023996278643608093
-0.13431954383850098
0.08030878752470016
0.030059732496738434
0.11154931038618088
-0.06097707897424698
-0.07023563981056213
-0.1578093320131302
-0.1933741569519043
-0.12573516368865967
-0.11631598323583603
0.07527993619441986
-0.057961709797382355
-0.020626701414585114
-0.004013672471046448
0.02236259914934635
-0.1626192182302475
0.1309884637594223
-0.09316225349903107
-0.07752550393342972
-0.04609771445393562
0.11895881593227386
0.04463161155581474
0.028073297813534737
-0.007403307128697634
-0.08291338384151459
0.059817567467689514
-0.08809834718704224
-0.13819634914398193
-0.010721211321651936
-0.17838677763938904
-0.16246148943901062
0.12987013161182404
-0.08754104375839233
-0.11896990984678268
-0.05048254504799843
0.04391467198729515
-0.038011398166418076
0.021075021475553513
0.008153536356985569
0.016803346574306488
0.0962088331580162
-0.15765400230884552
-0.1498381346464157
-0.06342341005802155
-0.15180225670337677
-0.08464186638593674
0.013723821379244328
0.12189475446939468
-0.15267154574394226
0.03096967376768589
-0.08961545675992966
0.02216501720249653
-0.06544990837574005
0.09791703522205353
-0.05720117688179016
0.06787245720624924
-0.019654126837849617
-0.06088819354772568
0.059492919594049454
-0.14069019258022308
-0.04458905756473541
0.058271028101444244
-0.041339851915836334
-0.05658751353621483
-0.15727907419204712
-0.020666578784585
-0.029315568506717682
-0.07176762819290161
-0.0532521978020668
-0.013405492529273033
0.08552299439907074
-0.06905360519886017
-0.12150876224040985
0.02124163880944252
-0.027370518073439598
-0.14881817996501923
-0.15562224388122559
0.12887248396873474
-0.07451602071523666
-0.0379260815680027
-0.09573305398225784
-0.11760160326957703
0.14569030702114105
-0.04916202276945114
0.05770737677812576
-0.0662374272942543
-0.12329334765672684
0.007723735645413399
0.08098210394382477
-0.09994171559810638
0.042658403515815735
-0.029654379934072495
-0.022682102397084236
-0.024432145059108734
-0.12926912307739258
0.15747353434562683
0.09437335282564163
-0.12382529675960541
0.07333610206842422
-0.05142626538872719
0.10276850312948227
-0.006475227419286966
0.10202187299728394
-0.13077221810817719
-0.1479414701461792
-0.08389699459075928
0.02573314495384693
-0.14768259227275848
0.12052176892757416
-0.03814975172281265
0.0912453681230545
-0.032584093511104584
0.1401292085647583
0.0214656013995409
0.008197106420993805
-0.032336365431547165
-0.12685318291187286
-0.04390700161457062
0.14132210612297058
-0.04495010897517204
0.07869888842105865
-0.0893516018986702
-0.027018796652555466
-0.1710246503353119
-0.19510634243488312
0.08155684918165207
0.03328157961368561
-0.028096573427319527
-0.03746332228183746
-0.0006592492572963238
0.04724578931927681
0.30275285243988037
-0.015537301078438759
0.040637195110321045
0.005820961203426123
-0.0054626124911010265
0.04580342397093773
0.028886646032333374
0.11944647133350372
-0.05700625851750374
-0.0165574811398983
-0.14048463106155396
0.05440337210893631
-0.03604356572031975
-0.09897474944591522
0.02848138101398945
-0.07775159925222397
-0.18009835481643677
-0.05784616991877556
-0.10036083310842514
0.006200429983437061
-0.12269533425569534
0.04227929189801216
0.10741949826478958
-0.16352392733097076
0.12746699154376984
0.17540232837200165
-0.4154731035232544
-0.16896380484104156
-0.011758066713809967
-0.094254270195961
0.012251327745616436
0.023174813017249107
-0.046664778143167496
0.051914677023887634
-0.02187889814376831
0.10378456115722656
0.14094258844852448
-0.00024394231149926782
-0.0029681394807994366
0.12836748361587524
0.17768682539463043
0.10055214911699295
0.09962662309408188
0.23446373641490936
-0.02010900340974331
-0.02993692085146904
0.000312061223667115
-0.14633002877235413
0.002471447456628084
0.1311623454093933
0.15117938816547394
-0.0506201833486557
-0.09188630431890488
-0.06969404965639114
-0.13963182270526886
-0.1526506543159485
0.06027771160006523
0.004684602376073599
0.10781419277191162
0.030327269807457924
0.07500158250331879
-0.09555782377719879
-0.15598061680793762
0.11194280534982681
-0.031529590487480164
0.09672602266073227
-0.23036247491836548
0.08753370493650436
-0.2735009491443634
-0.047887127846479416
0.11718844622373581
0.059393346309661865
-0.1967858523130417
-0.07658395916223526
-0.07424652576446533
0.11273498833179474
0.13456448912620544
0.028432026505470276
0.10842312127351761
-0.04426286742091179
0.05826624855399132
-0.1325458586215973
0.038734931498765945
0.0904589295387268
-0.12236308306455612
0.09343113750219345
0.0760577991604805
-0.18132980167865753
-0.24207676947116852
0.044019002467393875
-0.3574519455432892
0.06823906302452087
0.025007111951708794
-0.06150476634502411
0.03615526482462883
0.0885276198387146
0.009044496342539787
-0.05680971220135689
-0.05062028765678406
-0.2801949679851532
-0.12256253510713577
-0.03924142196774483
0.11221504956483841
-0.16472990810871124
-0.2207246720790863
0.0954611673951149
0.13415458798408508
0.08135902881622314
0.16393603384494781
0.08012287318706512
-0.1492512822151184
0.09099256992340088
-0.1841217577457428
-0.20695684850215912
0.06352277845144272
-0.016725316643714905
-0.1647455394268036
-0.022592851892113686
0.0628567636013031
0.1884544938802719
-0.06313878297805786
0.12324284762144089
-0.2031564712524414
0.08233795315027237
-0.14594876766204834
-0.01999623142182827
0.09864378720521927
0.15703286230564117
0.11892607808113098
-0.24683092534542084
-0.037758395075798035
0.11943291872739792
0.10782735049724579
0.05781815946102142
0.08516813814640045
0.16843120753765106
-0.24427640438079834
-0.05029459297657013
-0.014846513979136944
-0.05349716916680336
0.1176312118768692
-0.0012296797940507531
-0.00838921032845974
-0.029085876420140266
-0.30543258786201477
-0.031045589596033096
0.1282946616411209
0.1477506011724472
0.043234437704086304
0.03220086172223091
-0.07416201382875443
0.12097763270139694
-0.12661415338516235
-0.0946207121014595
-0.07752128690481186
0.28004902601242065
0.16587650775909424
0.16128826141357422
0.08279184252023697
-0.10282649844884872
0.09809905290603638
0.033188991248607635
-0.06245182827115059
0.17276084423065186
-0.12186205387115479
-0.15766192972660065
-0.0074186185374855995
0.0573713444173336
-0.03635492920875549
-0.12223424762487411
-0.01700691320002079
0.1150468960404396
-0.1813453584909439
-0.17092037200927734
-0.029329463839530945
-0.10938101261854172
0.07001378387212753
0.10575047880411148
-0.0333457812666893
0.1499798446893692
0.10462864488363266
-0.03660291060805321
-0.21108491718769073
0.0501895472407341
-0.043838102370500565
0.18409518897533417
0.011952606961131096
-0.09287949651479721
0.03484717011451721
-0.09499578177928925
-0.12524397671222687
0.15805742144584656
-0.0768733024597168
-0.04751667380332947
-0.12340421974658966
0.03939162939786911
0.08466126024723053
-0.11691564321517944
-0.07121649384498596
-0.04547959938645363
-0.11471784114837646
0.1257185935974121
0.011979522183537483
-0.07078173011541367
-0.14139504730701447
-0.17433956265449524
-0.045686524361371994
0.028779223561286926
0.2148974984884262
-0.04772676154971123
0.1813942939043045
0.06990928202867508
0.017538806423544884
-0.1253112554550171
-0.10407746583223343
0.184385746717453
-0.14649802446365356
0.2187327742576599
0.05794253572821617
0.2174178510904312
-0.1908920258283615
-0.0011041915277019143
0.15460918843746185
0.11125347763299942
0.19256818294525146
-0.16403183341026306
-0.019720423966646194
-0.07267692685127258
0.2290235459804535
0.11431287974119186
-0.08217175304889679
-0.041081752628088
0.29892846941947937
-0.2897823750972748
-0.052195481956005096
-0.021405061706900597
0.028074799105525017
0.013720056042075157
-0.015909183770418167
-0.10040903836488724
0.047696784138679504
0.10177168995141983
0.2049735188484192
0.0023687975481152534
-0.002413253067061305
0.20237675309181213
0.021388135850429535
-0.012111900374293327
0.17164623737335205
-0.07752109318971634
0.08861202001571655
0.025738511234521866
-0.13441187143325806
-0.11151176691055298
-0.033105626702308655
-0.11045247316360474
-0.08678093552589417
-0.05741368979215622
0.11735653877258301
-0.0014062578557059169
0.08653334528207779
-0.13753467798233032
0.07654345780611038
-0.08306010067462921
0.11239279061555862
-0.13189981877803802
0.10283768177032471
0.08148252964019775
-0.14307500422000885
0.05426392704248428
0.15420104563236237
-0.012274223379790783
0.11401257663965225
0.08246929943561554
0.03741202503442764
-0.0370473638176918
0.026136938482522964
-0.06783638149499893
-0.036115746945142746
0.2233116179704666
-0.026933355256915092
-0.18149001896381378
0.018656324595212936
0.07610881328582764
0.0002918943646363914
-0.02232961729168892
0.04219164699316025
-0.16176627576351166
0.0847405418753624
0.04921073466539383
0.035449691116809845
0.06599267572164536
0.06725344061851501
0.0914999321103096
-0.060191430151462555
0.04787282273173332
-0.1192879006266594
-0.06614915281534195
-0.027061281725764275
-0.08316908776760101
-0.12820017337799072
-0.0006140692858025432
-0.03900390490889549
0.0808204784989357
-0.07420317083597183
-0.03786909207701683
0.17595861852169037
0.17252057790756226
-0.04854821413755417
0.05334191769361496
0.020218120887875557
-0.01201550755649805
-0.10622961819171906
-0.11591999977827072
0.0911097452044487
-0.1332351416349411
-0.11607111990451813
0.0004738146672025323
0.0007198408711701632
0.0969717800617218
-0.10720515251159668
0.12593933939933777
0.07872873544692993
0.23638883233070374
0.11417745053768158
0.101687952876091
-0.09328815340995789
0.0858466774225235
-0.08158738911151886
0.04848252981901169
-0.09063566476106644
-0.1022857129573822
0.12395569682121277
0.2039669007062912
0.05900445953011513
0.1333775371313095
-0.10427264869213104
-0.16984115540981293
0.08924508839845657
-0.15064071118831635
0.016798188909888268
0.018387623131275177
-0.09841062873601913
0.12064395099878311
0.062019187957048416
0.10095303505659103
-0.253070592880249
0.14801447093486786
-0.2986866533756256
-0.0310019813477993
-0.20126350224018097
0.0976032093167305
0.2199047952890396
-0.0767119824886322
0.013778707943856716
-0.12363707274198532
-0.17494693398475647
-0.0003363117284607142
-0.019373444840312004
-0.12511801719665527
0.13127116858959198
0.055430348962545395
-0.16688236594200134
-0.03401629999279976
-0.09212219715118408
-0.0723758265376091
-0.04321920871734619
0.19587884843349457
0.0838460922241211
-0.05085716024041176
-0.06509153544902802
0.06707676500082016
0.09949364513158798
-0.051966115832328796
0.1007920429110527
-0.16401022672653198
0.023580867797136307
0.016766978427767754
-0.1567198932170868
0.08484470099210739
0.17607270181179047
0.12472271174192429
-0.08125133812427521
-0.13805097341537476
-0.01720162108540535
-0.228070929646492
0.010560489259660244
0.03207091987133026
0.07360289245843887
0.10236433148384094
-0.0442274771630764
-0.01548039447516203
-0.014934039674699306
-0.11295191943645477
-0.003491466399282217
-0.15314412117004395
-0.18717946112155914
-0.025669878348708153
-0.1817197948694229
-0.0657166913151741
-0.09716124087572098
-0.09376200288534164
-0.009326856583356857
0.04115629568696022
-0.11438542604446411
0.11644969880580902
-0.07281572371721268
0.08897432684898376
0.08179837465286255
-0.013537216931581497
0.059168096631765366
0.012808466330170631
0.043315038084983826
-0.17034035921096802
-0.12283153831958771
-0.012401222251355648
-0.1594570130109787
0.07397773116827011
-0.1222502812743187
0.06988475471735
-0.17579416930675507
-0.07100644707679749
0.014481678605079651
0.0754045695066452
-0.18692322075366974
0.06804733723402023
-0.09510192275047302
0.032896723598241806
-0.0876944363117218
-0.011642733588814735
0.10354898869991302
-0.11243762820959091
-0.08611120283603668
-0.16304971277713776
-0.06300736218690872
-0.066069595515728
0.12698674201965332
-0.05265992134809494
0.1799483597278595
-0.06882977485656738
0.04714690148830414
-0.048889100551605225
0.04124408960342407
-0.05165187269449234
-0.01894238218665123
0.060076262801885605
0.04703342169523239
0.05946715548634529
-0.1158047765493393
-0.20205046236515045
-0.03397446498274803
0.09177694469690323
0.1682586967945099
-0.19632863998413086
-0.02697885036468506
-0.202048659324646
-0.0583442859351635
0.19066666066646576
-0.15473955869674683
-0.05801590159535408
-0.003232070477679372
-0.046168502420186996
0.033696092665195465
0.03751048073172569
-0.025994228199124336
0.08078812062740326
0.06770902872085571
-0.12401984632015228
0.0017443712567910552
-0.11000782251358032
0.09557131677865982
-0.0365862213075161
0.03433702141046524
-0.040881622582674026
-0.13204017281532288
0.07813792675733566
-0.10906575620174408
-0.2801821529865265
-0.029835449531674385
0.0013644569553434849
-0.07604771852493286
0.056517016142606735
-0.16798275709152222
-0.10891084372997284
-0.12910650670528412
-0.10151791572570801
0.016888054087758064
0.11796952039003372
0.020743662491440773
-0.07946567982435226
0.011465954594314098
-0.012662454508244991
-0.07553118467330933
-0.09765589982271194
-0.01965271681547165
-0.08152960240840912
-0.061016377061605453
0.1975340098142624
0.13960137963294983
-0.22009943425655365
-0.06160653755068779
-0.0769704282283783
0.11643142253160477
-0.1809314638376236
0.11588677018880844
-0.14777404069900513
0.01841951347887516
0.05211668089032173
-0.08590934425592422
0.10109112411737442
0.08462199568748474
0.3175709545612335
-0.17283016443252563
-0.027431510388851166
0.10856091231107712
0.1599234640598297
-0.39138054847717285
-0.07245037704706192
0.21391019225120544
-0.056193482130765915
0.026831630617380142
-0.16665036976337433
-0.061390187591314316
-0.016582967713475227
-0.12258990108966827
-0.11458417773246765
-0.09922254830598831
-0.2617047131061554
-0.0536034069955349
-0.19216793775558472
-0.0015187847893685102
0.22765448689460754
0.17988385260105133
-0.0299578495323658
-0.11680638790130615
0.035456154495477676
0.041725754737854004
-0.013195909559726715
-0.02130006067454815
0.22589632868766785
0.011197629384696484
0.082481250166893
0.24828346073627472
-0.04834956303238869
-0.18814940750598907
0.12425640970468521
-0.22511902451515198
0.046216174960136414
-0.17274442315101624
-0.020118774846196175
0.1637936234474182
-0.03120620734989643
-0.22713860869407654
-0.14175152778625488
0.303681880235672
0.22792327404022217
0.0013908622786402702
-0.0007370746461674571
-0.1487157940864563
-0.140862837433815
0.18576160073280334
0.13870567083358765
-0.03271358832716942
-0.0875343382358551
-0.023764224722981453
0.06883560121059418
0.1574658751487732
-0.1689234972000122
0.2165670543909073
-0.05636516213417053
0.0902247205376625
0.09434223920106888
0.052313417196273804
0.008226636797189713
-0.11442913860082626
0.16620782017707825
0.02619706094264984
0.01836678944528103
0.03365790843963623
-0.029469793662428856
0.048051681369543076
-0.264844685792923
-0.2604546546936035
-0.14532996714115143
-0.015016874298453331
0.2926778495311737
-0.018083609640598297
0.01619543693959713
-0.058747291564941406
0.014180295169353485
-0.11826109886169434
-0.15607257187366486
0.051744312047958374
-0.0510224848985672
0.13584086298942566
0.03504026681184769
-0.05096152424812317
-0.23297961056232452
0.16160374879837036
0.05839372053742409
0.13788697123527527
0.06399362534284592
0.08173485100269318
-0.027125850319862366
-0.456351637840271
0.009476030245423317
0.647088885307312
0.03868386894464493
-0.3097105324268341
0.1442786455154419
0.13991858065128326
-0.04461962357163429
0.033169012516736984
-0.02861778810620308
0.07149011641740799
-0.13256362080574036
-0.07933008670806885
0.05775627866387367
-0.05123121663928032
0.31581246852874756
-0.21516475081443787
-0.04848143830895424
-0.15797655284404755
-0.05551488697528839
-0.1760791391134262
-0.041217703372240067
-0.10387344658374786
0.09220770001411438
-0.16624026000499725
-0.02420908212661743
0.06635194271802902
0.03340689092874527
-0.19312959909439087
0.07987963408231735
-0.16701269149780273
0.05379650369286537
0.09808175265789032
-0.18885299563407898
-0.09522019326686859
-0.11028587818145752
-0.2390700876712799
-0.1852978616952896
-0.17378763854503632
-0.01388451736420393
0.1984073966741562
0.0166342630982399
-0.0720876082777977
-0.0046613384038209915
0.05227392166852951
-0.08999627828598022
0.051971010863780975
0.10673599690198898
-0.27398577332496643
-0.04207124933600426
-0.004667303059250116
0.1034378930926323
-0.029861077666282654
-0.06104765087366104
-0.10204213857650757
0.08427586406469345
-0.0655907541513443
-7.456266030203551e-05
0.07989528775215149
-0.1667729616165161
-0.008099234662950039
0.10312476754188538
0.1519106924533844
-0.06417181342840195
0.053205691277980804
0.006007083225995302
-0.164410799741745
0.15051060914993286
-0.09888751804828644
0.06452595442533493
0.08863217383623123
0.08167055249214172
0.27345648407936096
0.08804889023303986
-0.18957218527793884
-0.023095518350601196
-0.12411873787641525
-0.2542079985141754
-0.09710349142551422
-0.11564670503139496
-0.02256215550005436
-0.2756752669811249
-0.10575837641954422
0.16601626574993134
-0.2321498692035675
-0.17195653915405273
-0.041634514927864075
-0.05171065405011177
0.2097858041524887
0.14991194009780884
0.056076955050230026
0.16893865168094635
0.16214686632156372
0.027893569320440292
-0.1549953818321228
0.14413608610630035
0.036065299063920975
0.10779876261949539
0.005654351785778999
0.025935698300600052
-0.16000498831272125
0.17224910855293274
-0.14461907744407654
0.1466520130634308
-0.2575717270374298
0.03368062898516655
-0.18676647543907166
0.1683848351240158
0.12427844852209091
-0.001489121001213789
0.18667440116405487
-0.11419425159692764
0.08261968195438385
-0.11699440330266953
0.016935057938098907
-0.07353094220161438
-0.2569308876991272
0.039421338587999344
-0.33711937069892883
0.05959858000278473
0.14920569956302643
0.09197228401899338
0.051073912531137466
-0.10274240374565125
-0.0006926460191607475
-0.04302471503615379
-0.012123658321797848
-0.033749375492334366
-0.1383133977651596
0.14523807168006897
-0.06586642563343048
0.06772314757108688
-0.25587767362594604
-0.0849817767739296
0.08231642842292786
-0.1036052256822586
0.0877460464835167
0.0467054545879364
-0.13454248011112213
0.12970875203609467
0.19832833111286163
-0.11212808638811111
-0.04387810081243515
-0.09440724551677704
0.13593974709510803
-0.3068188428878784
0.06470073014497757
0.03697725385427475
0.03686916083097458
-0.05424436926841736
-0.0388309583067894
0.01241330336779356
0.12820512056350708
-0.0371747687458992
0.009866190142929554
0.17008590698242188
-0.034565772861242294
-0.13673274219036102
-0.09592758119106293
-0.03781580552458763
0.19548682868480682
0.09093141555786133
0.09699124097824097
0.08017954975366592
0.139556884765625
0.1103648990392685
0.017005618661642075
-0.14717887341976166
0.1130700409412384
0.13408343493938446
-0.12279060482978821
0.06540826708078384
-0.07336350530385971
0.12569385766983032
-0.14026959240436554
0.16362713277339935
0.032245319336652756
0.0795852467417717
0.16480328142642975
0.019798805937170982
0.002801035763695836
-0.04583136364817619
0.03274819627404213
-0.23926879465579987
0.14510244131088257
0.028684550896286964
-0.028526905924081802
-0.09421157836914062
0.03239423781633377
-0.02928883209824562
-0.03355088829994202
-0.16186484694480896
0.022356051951646805
0.18676717579364777
-0.019344769418239594
0.04287221282720566
0.19182135164737701
0.04633317142724991
0.10617493838071823
0.08455224335193634
-0.05040593817830086
-0.021031176671385765
-0.0181004349142313
-0.12295546382665634
-0.029612453654408455
-0.0441010519862175
-0.1295476257801056
0.053376294672489166
0.05547145754098892
-0.21756692230701447
-0.16032274067401886
0.13799791038036346
-0.030702250078320503
-0.2242051362991333
-0.08220233768224716
-0.17988620698451996
-0.07191838324069977
0.13219612836837769
0.1415633261203766
-0.14947164058685303
0.11515183746814728
-0.0024713121820241213
0.1046050488948822
0.05759923905134201
0.13836465775966644
0.025751063600182533
0.16515009105205536
-0.05559588596224785
-0.22687816619873047
-0.09736690670251846
-0.05620438605546951
-0.10603565722703934
0.08648033440113068
0.04805458337068558
0.04881785064935684
-0.13937658071517944
0.07658350467681885
0.15138204395771027
-0.0468747653067112
-0.049260035157203674
0.047689832746982574
-0.04573371633887291
0.11280709505081177
-0.07732755690813065
-0.1646377593278885
-0.03960124030709267
-0.20874887704849243
0.031232241541147232
0.034680671989917755
0.20453143119812012
-0.05280274152755737
0.0018942673923447728
-0.08370376378297806
-0.0062751248478889465
0.034067340195178986
-0.012352097779512405
0.11875506490468979
-0.033942338079214096
0.1696634292602539
-0.1573127657175064
0.2922164797782898
0.05412794277071953
-0.053410112857818604
0.08984904736280441
-0.15020115673542023
-0.09192025661468506
0.11755850911140442
-0.1091899648308754
0.10019682347774506
0.19243033230304718
0.15159179270267487
-0.02141781523823738
0.059695012867450714
0.13973945379257202
-0.2711174488067627
0.09842894226312637
0.06643234193325043
0.06057893857359886
-0.16542981564998627
-0.009197136387228966
0.040693141520023346
-0.1419762820005417
-0.04286939650774002
-0.11814597249031067
0.0665062665939331
0.030122993513941765
0.05375327169895172
0.07419490814208984
-0.13136368989944458
0.00805833749473095
0.08642197400331497
-0.05161186307668686
0.15077091753482819
0.10666016489267349
0.0516698993742466
-0.050369743257761
-0.11644601821899414
0.12815923988819122
0.044205281883478165
-0.10340753942728043
0.1274324506521225
-0.028736287727952003
-0.14255762100219727
0.0781676322221756
0.009071766398847103
0.09105577319860458
-0.1443863958120346
0.03291254863142967
-0.12372341006994247
0.10122653841972351
-0.04835332930088043
-0.04891257733106613
-0.006055567879229784
0.12348365038633347
-0.0750037133693695
-0.0416548028588295
-0.014616879634559155
-0.035774923861026764
0.01536618173122406
-0.0070829070173203945
-0.0344601646065712
0.04773036018013954
-0.06969074159860611
-0.1654065102338791
0.10782577842473984
-0.03763740509748459
0.06150796264410019
0.04770401120185852
0.040673501789569855
-0.009949598461389542
0.10261443257331848
0.15980274975299835
-0.05831051990389824
0.146245077252388
-0.16751955449581146
-0.0008711435366421938
-0.08661572635173798
-0.02026042900979519
-0.17749668657779694
-0.10102321207523346
0.026429038494825363
-0.005738400854170322
0.054212648421525955
0.0999174490571022
-0.15573759377002716
0.060582175850868225
0.02254042588174343
0.06731604039669037
-0.1382501870393753
0.05631158500909805
0.08136743307113647
-0.04462417587637901
0.08231945335865021
0.04676630720496178
0.053765349090099335
-0.11233775317668915
0.026409614831209183
-0.19948174059391022
0.09327276051044464
-0.10316330939531326
0.09032712131738663
0.14233025908470154
-0.22689761221408844
-0.10902540385723114
0.02799287438392639
-0.07765704393386841
0.099101722240448
-0.13937906920909882
0.17702509462833405
-0.13952939212322235
-0.07299771904945374
0.10246042162179947
0.06623192876577377
-0.17059959471225739
-0.010627424344420433
-0.05590038001537323
-0.2301950603723526
0.015355546958744526
-0.026968730613589287
-0.10417873412370682
0.13169565796852112
0.11246024072170258
-0.13361427187919617
-0.02144891582429409
0.07584932446479797
-0.08275958150625229
-0.10669814795255661
0.031265176832675934
-0.20344114303588867
-0.03365977853536606
-0.08230959624052048
-0.16338977217674255
-0.14736342430114746
-0.12734529376029968
-0.0793507769703865
0.07368240505456924
-0.07078524678945541
-0.08276528865098953
0.03224518522620201
0.08911081403493881
0.09329087287187576
0.06615104526281357
-0.051421158015728
-0.1586374044418335
0.06117556616663933
-0.0034975118469446898
-0.1350853592157364
0.07286983728408813
-0.05586125701665878
-0.1070476770401001
-0.22788074612617493
-0.12189743667840958
-0.03716539964079857
-0.21228960156440735
0.09580186009407043
-0.19748055934906006
-0.05926181748509407
-0.04617168381810188
0.07985389232635498
-0.1317748874425888
0.062025539577007294
0.03540728986263275
0.06078663095831871
-0.24381780624389648
-0.01490578893572092
0.10972331464290619
-0.1791262924671173
-0.018939834088087082
0.077100470662117
-0.02041121944785118
0.1819058209657669
-0.13753828406333923
-0.18573610484600067
0.018444249406456947
0.08905718475580215
0.09612119942903519
-0.06605415046215057
-0.2114773690700531
-0.10392314940690994
0.016756068915128708
0.012327862903475761
-0.02545599639415741
-0.13637106120586395
-0.19436998665332794
-0.0791763886809349
-0.10499574989080429
-0.1256186068058014
-0.03919535130262375
-0.04975014925003052
-0.014204634353518486
-0.16180245578289032
0.05467336252331734
0.1516820788383484
-0.04463620111346245
-0.11527686566114426
0.018418941646814346
0.08018647134304047
-0.049768250435590744
0.14273931086063385
-0.029365943744778633
0.04969979077577591
-0.048507776111364365
-0.024571163579821587
0.060164373368024826
-0.1361081451177597
0.11207175254821777
-0.13492263853549957
-0.0880075991153717
-0.14026997983455658
0.0494283027946949
-0.17885181307792664
-0.04728977754712105
0.09101871401071548
-0.05455758422613144
-0.04275965690612793
-0.1396324336528778
0.05176527798175812
-0.15097089111804962
-0.02530437707901001
0.01963391713798046
-0.11137335002422333
-0.017537232488393784
0.03352634981274605
-0.07734712958335876
0.008144037798047066
-0.18052980303764343
0.014432350173592567
0.09431881457567215
-0.008482896722853184
0.0518048070371151
0.01925356686115265
0.10550994426012039
0.05461741238832474
0.050544023513793945
-0.031792052090168
-0.12193430960178375
-0.04225068911910057
-0.029015326872467995
-0.03278140723705292
-0.1970789134502411
0.03252943977713585
-0.07236916571855545
-0.1544102430343628
-0.09616848826408386
0.16052283346652985
0.022963065654039383
-0.16517674922943115
0.051893290132284164
-0.004381674807518721
0.02969360165297985
0.055970557034015656
-0.14114661514759064
-0.1659807711839676
0.04875897988677025
0.18376873433589935
0.0010586123680695891
-0.13279488682746887
-3.065051350858994e-05
0.061911799013614655
0.11405237764120102
-0.05711830407381058
-0.11964529007673264
0.0019357692217454314
-0.05250086262822151
-0.08888669312000275
0.14740422368049622
-0.03783063590526581
-0.13766352832317352
-0.03522146865725517
-0.10583009570837021
-0.06810799986124039
-0.12671785056591034
-0.04515538364648819
0.09169059246778488
-0.03490198403596878
-0.1273384541273117
0.11258438974618912
-0.044303856790065765
-0.028179360553622246
0.01330707035958767
0.016477346420288086
-0.10481714457273483
0.04046555235981941
0.03769473358988762
-0.23996876180171967
0.055302780121564865
-0.08691710978746414
-0.0793117955327034
0.020971596240997314
0.12471763789653778
-0.05217328295111656
-0.034187156707048416
-0.1113453134894371
-0.13924913108348846
0.08296864479780197
-0.019368935376405716
0.11983226984739304
-0.11932388693094254
-0.09926906228065491
0.059011030942201614
-0.03306872397661209
-0.1953408271074295
0.055922579020261765
0.14163799583911896
-0.1378234177827835
0.04514501988887787
-0.10390724986791611
0.06287796050310135
-0.018355106934905052
0.07623400539159775
-0.043321456760168076
-0.028721055015921593
0.008141472004354
0.033979631960392
-0.22264528274536133
0.043429069221019745
0.09025301039218903
0.049591802060604095
0.03435620665550232
-0.04131901636719704
0.007807162590324879
-0.07629493623971939
0.1033163070678711
-0.2762400805950165
0.0821080207824707
-0.030530963093042374
-0.22220253944396973
-0.006209986750036478
0.1313095986843109
0.042280249297618866
-0.03818309307098389
0.11361070722341537
-0.2006213515996933
-0.10034789890050888
0.020699815824627876
0.015032581053674221
-0.017903892323374748
-0.13873320817947388
-0.10511548072099686
0.14859351515769958
-0.07081831991672516
-0.007974080741405487
-0.1771765649318695
0.014181192964315414
-0.07461994141340256
0.0422058142721653
0.1124555841088295
0.045877985656261444
0.0046976166777312756
0.0017557803075760603
-0.051727332174777985
0.10058669745922089
0.003603160148486495
-0.06344039738178253
-0.05555099993944168
0.039506662636995316
0.020260296761989594
-0.18741610646247864
-0.11557924747467041
-0.049401070922613144
-0.013064831495285034
0.09741972386837006
-0.07764327526092529
0.0706157311797142
-0.050688907504081726
-0.1306103616952896
0.07528164982795715
-0.09059075266122818
-0.03021898865699768
-0.04493369162082672
-0.027119575068354607
-0.007269619032740593
0.013025199994444847
-0.02318679355084896
-0.19656667113304138
-0.15982365608215332
-0.12762688100337982
0.08543509244918823
-0.09159788489341736
0.061875421553850174
-0.10659396648406982
-0.05996130406856537
-0.12219322472810745
-0.16761454939842224
-0.12026312947273254
-0.03313979133963585
-0.17187753319740295
0.15887518227100372
-0.11066126823425293
-0.04805125668644905
-0.07714829593896866
-0.12166929990053177
0.028253735974431038
-0.018231015652418137
0.12899667024612427
0.09364403784275055
-0.003965507727116346
-0.0420265831053257
0.017179738730192184
-0.12457149475812912
0.1854160726070404
-0.08207180351018906
0.05760079622268677
-0.012727268971502781
-0.010705601423978806
-0.023162877187132835
-0.07830897718667984
0.06703970581293106
0.05982738360762596
-0.034198418259620667
0.04764048755168915
-0.038044631481170654
-0.0424676276743412
0.03183971345424652
-0.0006924058543518186
-0.04797188937664032
0.11857824772596359
0.11780664324760437
0.004777743946760893
-0.027500005438923836
0.11584718525409698
0.050977643579244614
-0.15232957899570465
0.09473364055156708
0.1448909491300583
0.03356043994426727
-0.26296839118003845
-0.051842886954545975
0.015211486257612705
-0.014126391150057316
0.05647687241435051
0.09645155817270279
-0.0830073207616806
-0.014182154089212418
0.04011917486786842
0.05635380372405052
0.11930166929960251
-0.07824140042066574
0.11765933036804199
-0.1947336047887802
0.13749215006828308
-0.17063415050506592
-0.02056436985731125
0.020579298958182335
0.05585891753435135
0.09381554275751114
-0.03497510403394699
0.021676793694496155
0.12680314481258392
-0.13513079285621643
0.03517170995473862
-0.009160072542726994
0.18419207632541656
-0.006678066682070494
0.09797471016645432
0.07635509967803955
-0.05823882296681404
0.12061189860105515
-0.07528486102819443
-0.015209093689918518
0.047209128737449646
0.04111693426966667
0.04907479137182236
0.15491199493408203
0.016354011371731758
-0.055550508201122284
-0.20074526965618134
0.059483181685209274
-0.04344826191663742
-0.19398538768291473
-0.08430355042219162
-0.1967781037092209
-0.06378491967916489
-0.07127505540847778
0.13143794238567352
-0.011364396661520004
-0.07535762339830399
0.06134500354528427
0.13285647332668304
-0.08688731491565704
0.015191596001386642
0.10150349140167236
0.03781244158744812
-0.026021668687462807
-0.09367594122886658
-0.03191749006509781
-0.0680433139204979
-0.11048971861600876
0.05396624654531479
0.06746750324964523
-0.007786539848893881
-0.06843556463718414
0.15372027456760406
0.14496637880802155
0.049367208033800125
0.12064483016729355
-0.19725793600082397
-0.0882781445980072
-0.052973274141550064
0.07662338018417358
-0.061247799545526505
-0.10629133135080338
-0.12650398910045624
-0.09921976178884506
-0.008116557262837887
-0.008957736194133759
-0.13433794677257538
0.1467302143573761
-0.1609826236963272
0.000763160758651793
0.08438282459974289
-0.09998968243598938
0.03730849176645279
0.1261543333530426
0.06263959407806396
-0.05684563145041466
0.07494254410266876
-0.05977052077651024
-0.10512664914131165
0.0960194543004036
0.08779583871364594
-0.08141323179006577
0.05718842148780823
0.12285102903842926
0.010359072126448154
0.2264145314693451
0.01327055599540472
0.04524429515004158
0.011208036914467812
-0.004703889135271311
-0.1807173639535904
-0.011850208044052124
0.018282754346728325
0.012333662249147892
-0.1333344727754593
-0.05017220973968506
-0.0031797729898244143
0.03790861740708351
-0.18436604738235474
0.06775421649217606
-0.12174227088689804
0.0042755091562867165
0.059202443808317184
-0.19319981336593628
0.1554342359304428
-0.20069357752799988
-0.236445352435112
0.07546299695968628
0.03263653814792633
-0.1242307648062706
0.0005919031682424247
0.14041931927204132
0.09388725459575653
-0.0317348949611187
0.009118766523897648
0.07505615055561066
-0.039738576859235764
-0.012985912151634693
-0.011626243591308594
0.024145210161805153
-0.1579289585351944
-0.04732502996921539
0.19681280851364136
0.04312574118375778
0.16773395240306854
-0.09017425030469894
-0.0353270024061203
0.019270826131105423
0.09397533535957336
-0.005935387685894966
-0.0746345967054367
-0.12898769974708557
-0.13428372144699097
0.12628670036792755
-0.11851442605257034
-0.03401191905140877
-0.08017530292272568
0.03957163542509079
-0.011227135546505451
-0.19990235567092896
0.12111657112836838
-0.010172593407332897
-0.13012109696865082
-0.11515172570943832
-0.2649889588356018
0.0696285292506218
0.05525396391749382
-0.21440891921520233
-0.016732413321733475
-0.1593218594789505
-0.18009980022907257
0.021457862108945847
0.010380714200437069
-0.04993147403001785
0.14552725851535797
-0.07566387951374054
0.06459344178438187
0.0811174213886261
0.041254881769418716
0.11047031730413437
-0.1380232721567154
-0.10323616117238998
-0.08031781017780304
-0.08884322643280029
0.14767956733703613
-0.01646733656525612
0.03126224875450134
0.03346311300992966
0.12093502283096313
-0.044861823320388794
0.12501847743988037
-0.16051144897937775
0.0482044592499733
-0.029823247343301773
0.13433246314525604
0.03488307446241379
-0.1417907327413559
-0.24613256752490997
-0.04470359534025192
-0.005506389774382114
-0.044521745294332504
-0.16852141916751862
-0.008993277326226234
-0.022038454189896584
-0.0719994530081749
-0.2297862023115158
-0.08541188389062881
0.015235177241265774
-0.01876841112971306
0.09228035062551498
0.22751246392726898
-0.06337019056081772
0.02789209596812725
0.05848102271556854
-0.14156115055084229
-0.09648877382278442
-0.10860884189605713
-0.013176698237657547
0.1616452932357788
-0.1829470843076706
0.11936977505683899
0.0211520716547966
-0.19451114535331726
-0.26526838541030884
-0.1837059110403061
-0.3214455544948578
-0.012025403790175915
0.24633528292179108
-0.005702093709260225
0.02966192737221718
-0.028170473873615265
0.05370660871267319
-0.011049267835915089
-0.10511378198862076
-0.20193509757518768
-0.024612462148070335
0.05377949774265289
-0.0704132616519928
-0.23422354459762573
-0.0282260961830616
-0.0024793732445687056
0.07999666780233383
-0.15343071520328522
-0.15360970795154572
0.0457644946873188
0.050966326147317886
-0.0007103403913788497
-0.06064992770552635
-0.07963249087333679
0.13858745992183685
-0.21945221722126007
0.050948113203048706
0.11881551146507263
0.1296428143978119
-0.13782916963100433
-0.12773290276527405
0.10764683037996292
0.16683124005794525
0.041555244475603104
0.14558754861354828
0.07592643797397614
-0.04067168012261391
-0.11926864087581635
0.07553169131278992
-0.038555365055799484
-0.06871052086353302
-0.12938417494297028
0.1810453087091446
0.1745026856660843
-0.14900608360767365
0.13784131407737732
0.18728303909301758
-0.010271159932017326
0.031232813373208046
-0.03549709543585777
0.15359947085380554
-0.1285068690776825
0.167716383934021
-0.16382978856563568
0.011467251926660538
0.013278048485517502
-0.02893785759806633
-0.011646490544080734
-0.030216148123145103
-0.07037279009819031
-0.07067800313234329
-0.10093659907579422
0.13110925257205963
0.010380255989730358
0.09970582276582718
-0.24575187265872955
-0.09166952222585678
0.07830730825662613
0.038692377507686615
-0.02227075584232807
0.05308007076382637
0.1557299643754959
0.12349420040845871
-0.09686373919248581
0.07350123673677444
0.06007231026887894
-0.1751968413591385
-0.05346343293786049
0.10511139035224915
0.20971126854419708
-0.06374902278184891
-0.03505469486117363
0.042640332132577896
0.0335271991789341
0.07472933828830719
-0.05972845479846001
-0.018262214958667755
-0.10168382525444031
0.159491166472435
-0.0424455888569355
-0.021176045760512352
-0.11227889358997345
-0.1116398274898529
-0.10155580192804337
-0.10282162576913834
-0.09120579808950424
0.15536928176879883
0.211473286151886
0.1202302947640419
-0.04969438910484314
0.006383498664945364
-0.14539039134979248
0.006970315705984831
0.07403761893510818
0.2048993557691574
-0.10665580630302429
-0.11916609853506088
0.04415985941886902
-0.19257891178131104
0.19388964772224426
0.07945579290390015
0.045025985687971115
0.010131467133760452
-0.056218236684799194
0.27389007806777954
0.16321450471878052
0.06276962906122208
-0.06622160971164703
0.003412526333704591
0.08272877335548401
-0.09562679380178452
-0.008364136330783367
0.09295588731765747
-0.03985296189785004
0.02789536491036415
0.11702970415353775
-0.0098186694085598
-0.17908668518066406
-0.00566617539152503
-0.3276754319667816
0.011179122142493725
0.15004990994930267
-0.1722213625907898
0.12812507152557373
0.10401833057403564
-0.08874090760946274
0.12539805471897125
-0.06371249258518219
-0.1968393474817276
-0.12889572978019714
0.08690695464611053
0.046708542853593826
-0.27222898602485657
-0.02647574059665203
0.04164239391684532
-0.04532339423894882
-0.0717139020562172
0.14442631602287292
0.03211022913455963
0.18867602944374084
-0.1722821742296219
-0.1760762631893158
-0.113675057888031
0.09831257909536362
-0.13250091671943665
-0.0472722128033638
0.157751202583313
0.006944796070456505
0.08443539589643478
-0.011524326168000698
-0.0169399231672287
0.12034256756305695
-0.10360481590032578
-0.012785723432898521
0.19088998436927795
-0.09978871047496796
0.02036924473941326
-0.025414755567908287
0.008543193340301514
0.025666026398539543
0.06839913874864578
-0.087063267827034
-0.11999668180942535
0.006284412462264299
0.11592074483633041
-0.12586140632629395
-0.16704358160495758
0.03307536616921425
0.1225670799612999
-0.12915009260177612
-0.040046077221632004
-0.12371083348989487
0.11996155232191086
0.21954910457134247
-0.027086010202765465
0.17044594883918762
-0.10383749008178711
0.10428488254547119
-0.1645481139421463
0.06388352066278458
0.0234856978058815
-0.01604030840098858
-0.04787265881896019
0.0059732128866016865
-0.003134501166641712
-0.04144703224301338
-0.10420408099889755
-0.22895674407482147
-0.1833052635192871
0.07307104021310806
-0.20015761256217957
0.06609370559453964
-0.1424717903137207
-0.031301673501729965
0.062309782952070236
0.06177130714058876
0.06915323436260223
-0.0038734760601073503
0.025759033858776093
0.023620862513780594
0.05873524025082588
0.13461673259735107
0.10287877172231674
0.029847001656889915
-0.1592377871274948
0.004282237030565739
0.09425954520702362
0.027970818802714348
-0.1620318740606308
0.30288705229759216
-0.09701056778430939
0.06512659788131714
0.12225031107664108
-0.17391584813594818
0.0748068317770958
0.09647173434495926
-0.024068443104624748
-0.006385041866451502
-0.005640748422592878
-0.051341015845537186
-0.2919880449771881
-0.059288542717695236
-0.011598799377679825
0.18840491771697998
-0.07464268058538437
-0.04314371570944786
0.16737797856330872
0.04913600534200668
-0.13925090432167053
0.11062804609537125
-0.2680777311325073
-0.07470276206731796
-0.07167281210422516
-0.21033219993114471
0.0906284898519516
0.021927380934357643
0.036997199058532715
-0.11598990112543106
0.024819117039442062
0.04267222061753273
-0.06450359523296356
-0.11239896714687347
-0.1593393087387085
0.01765310764312744
0.1644822210073471
-0.22097145020961761
-0.16153942048549652
0.01870846189558506
-0.2447325736284256
-0.04132119566202164
0.1321002095937729
-0.04384591057896614
0.021809641271829605
0.23928892612457275
-0.00022925890516489744
0.05936934053897858
-0.09802784025669098
-0.12736201286315918
-0.08823022991418839
0.1728927344083786
-0.1605437844991684
0.11540503054857254
0.04314296320080757
0.10358405113220215
0.1835816204547882
0.1120220422744751
0.0017629006179049611
0.08110316097736359
-0.16994723677635193
-0.200050488114357
0.07379727065563202
-0.07880991697311401
-0.0222578477114439
0.08127592504024506
0.11663365364074707
-0.19274525344371796
-0.02899712137877941
0.09028277546167374
-0.13414831459522247
-0.29428890347480774
-0.24666909873485565
-0.12941180169582367
-0.18443907797336578
-0.05616792291402817
0.01500660553574562
0.08353196829557419
-0.18842783570289612
-0.22633568942546844
0.0064961351454257965
-0.3258048892021179
0.23073776066303253
-0.11664429306983948
-0.023785647004842758
-0.1079331636428833
-0.07803674042224884
0.07836543023586273
-0.01535351574420929
-0.18111388385295868
-0.2323959767818451
0.13829778134822845
-0.09347552061080933
-0.14689095318317413
0.12329638004302979
-0.05076785013079643
-0.12099992483854294
0.17212803661823273
-0.05453600734472275
0.1023343950510025
-0.06073591485619545
-0.02341047301888466
-0.032201722264289856
0.1012122854590416
-0.1884375661611557
0.14545519649982452
0.06474382430315018
0.1577417254447937
0.2192961871623993
0.1636316478252411
0.07454577088356018
0.035976655781269073
0.1589033603668213
-0.10085812956094742
0.03888920322060585
-0.15234443545341492
0.07888800650835037
0.17227059602737427
-0.07146739214658737
0.1266436129808426
0.023586135357618332
0.15521948039531708
-0.004820651840418577
0.10216992348432541
0.08838126063346863
0.14003503322601318
0.08997436612844467
-0.03526729717850685
0.3446987271308899
0.014363064430654049
-0.2805330157279968
0.09472808986902237
0.06007092446088791
0.03776330500841141
-0.04951482638716698
0.031722258776426315
-0.06381325423717499
0.18099278211593628
0.08988860994577408
0.03957490622997284
-0.04558493196964264
-0.01328995544463396
0.19169482588768005
-0.16604486107826233
0.013456573709845543
-0.15793141722679138
-0.1094246506690979
-0.3408757150173187
-0.19607333838939667
0.04610554873943329
0.3226725459098816
-0.2502206265926361
0.21680192649364471
0.12816527485847473
0.24772948026657104
0.028282959014177322
-0.01752518117427826
-0.03826426714658737
-0.004484829492866993
-0.12030310183763504
0.3208661675453186
0.15187327563762665
0.08206971734762192
-0.045628733932971954
-0.10419321060180664
0.08973684906959534
0.03999903425574303
-0.2897309958934784
-0.01583605445921421
-0.4122138023376465
0.02127259410917759
-0.15686021745204926
-0.19710522890090942
0.20614199340343475
-0.09152840822935104
-0.022008884698152542
-0.11878842860460281
-0.21373772621154785
0.5220502018928528
0.21405266225337982
-0.15134496986865997
0.14530019462108612
-0.5054222345352173
-0.32744258642196655
0.010165497660636902
0.14806881546974182
-0.20385025441646576
-0.00844883918762207
-0.03377564623951912
0.16851654648780823
-0.08018551766872406
0.0026923527475446463
0.0684199333190918
-0.016898497939109802
-0.1280597448348999
0.03187347203493118
0.09731247276067734
0.17845068871974945
0.09251444786787033
0.06510969251394272
-0.00948814395815134
0.21540221571922302
-0.11963658779859543
-0.12239182740449905
0.09056442230939865
-0.016308259218931198
-0.05228931084275246
-0.04953509569168091
0.32280877232551575
-0.055419016629457474
0.10209012776613235
-0.009443497285246849
0.1308286339044571
0.018634844571352005
0.1257539689540863
-0.02043488621711731
0.022434383630752563
0.0631251111626625
-0.13009800016880035
-0.09359293431043625
-0.049305081367492676
0.20432496070861816
-0.034484535455703735
-0.085624560713768
0.0700472742319107
-0.052892860025167465
0.09441842883825302
0.10574937611818314
0.15377967059612274
0.07384764403104782
0.1596759855747223
-0.11930886656045914
0.22624190151691437
0.18385569751262665
-0.15632949769496918
-0.10383238643407822
0.09777355939149857
-0.2064150720834732
0.09764909744262695
-0.1335064321756363
0.03593874350190163
0.08545617759227753
0.0829763188958168
0.1655440330505371
0.008656610734760761
0.02336127683520317
-0.11093022674322128
0.05697566643357277
0.10014224797487259
0.08604598045349121
0.046035587787628174
0.04199632629752159
-0.09319263696670532
-0.016639111563563347
0.14982205629348755
0.08309963345527649
0.12092243134975433
-0.028022002428770065
0.04162116348743439
0.059561509639024734
0.0762854591012001
0.0106116384267807
-0.08489477634429932
0.09566092491149902
-0.06673826277256012
0.049074798822402954
0.10147938877344131
0.08483711630105972
-0.04204874858260155
0.10133492201566696
-0.33543792366981506
0.0682419165968895
-0.01872202381491661
-0.005323740653693676
-0.1333215832710266
-0.08954617381095886
0.03224894776940346
0.14884449541568756
0.21095667779445648
0.12052787840366364
-0.06471104919910431
0.07000061869621277
0.03699402138590813
0.14797405898571014
0.02551897242665291
0.0017212964594364166
-0.07214001566171646
0.045402757823467255
0.07939019054174423
0.11955864727497101
-0.04856710880994797
0.09505757689476013
0.027271350845694542
-0.09697283059358597
0.026479698717594147
0.058538056910037994
-0.14057278633117676
0.1473298817873001
-0.4184539318084717
0.0621936097741127
-0.12607218325138092
-0.0053262365981936455
0.15374979376792908
-0.06532103568315506
-0.10737255960702896
0.08347857743501663
-0.1770293265581131
-0.09228523820638657
0.04380917549133301
0.1852712333202362
0.10511279106140137
-0.11032528430223465
-0.07411415129899979
-0.07204369455575943
0.10070028156042099
0.025228360667824745
0.060773324221372604
0.1888430118560791
-0.2584015727043152
-0.05145665258169174
-0.22972728312015533
-0.017503265291452408
-0.16660207509994507
0.06221074238419533
-0.1486535519361496
-0.005722251255065203
-0.09668567031621933
0.18846094608306885
0.1034257709980011
0.22008129954338074
-0.18641099333763123
-0.14944584667682648
0.07122261077165604
-0.08798452466726303
-0.12908704578876495
0.06775590777397156
0.017446089535951614
-0.11230167001485825
0.03313412889838219
-0.037153780460357666
0.2715114653110504
0.002165241865441203
0.011473996564745903
0.13265350461006165
-0.009107141755521297
-0.15049321949481964
0.04420283064246178
-0.16135074198246002
0.035218529403209686
0.07029791176319122
-0.07496753334999084
0.05266723781824112
-0.06065739691257477
0.1369597166776657
-0.04723138362169266
0.08375129848718643
0.06302151829004288
-0.0044697606936097145
-0.19019636511802673
-0.12733373045921326
-0.04456315562129021
-0.04582472890615463
0.0637654960155487
0.10112831741571426
-0.09014963358640671
-0.1053326278924942
0.14080677926540375
-0.05163731053471565
0.1579597294330597
-0.022147128358483315
-0.1692451536655426
0.09970228374004364
-0.16922296583652496
-0.08604595810174942
-0.20242992043495178
0.102033331990242
-0.17791956663131714
-0.03512948378920555
-0.15931428968906403
-0.12090188264846802
-0.04413044825196266
0.21474876999855042
-0.052693866193294525
-0.16153128445148468
-0.15046165883541107
-0.2156912088394165
0.14287137985229492
0.09503543376922607
-0.10594523698091507
-0.05545264482498169
-0.1364717334508896
0.05599471554160118
-0.13672462105751038
-0.014808529056608677
0.06457555294036865
0.1597423404455185
-0.10212630778551102
0.06199830397963524
0.05431807041168213
-0.021652597934007645
-0.3577796220779419
-0.08241678774356842
0.14414016902446747
0.07412495464086533
-0.012449926696717739
-0.0717989131808281
0.11673019081354141
-0.10962527245283127
0.18245868384838104
0.16933052241802216
-0.1529996395111084
-0.20342126488685608
-0.04335901141166687
0.06699073314666748
-0.2596743106842041
-0.10805100202560425
0.13556967675685883
-0.12527157366275787
-0.12219660729169846
-0.13712528347969055
-0.011685707606375217
0.11858890950679779
0.03654848411679268
-0.08963979780673981
-0.004756669979542494
-0.036145564168691635
-0.2500205338001251
0.06386088579893112
-0.1296539157629013
-0.3150092363357544
0.1123407706618309
-0.05833122506737709
0.1698925793170929
0.1531153917312622
0.05523311346769333
-0.017429666593670845
-0.0005476399092003703
-0.032086633145809174
0.022176939994096756
0.006488349754363298
0.12377835065126419
-0.15140193700790405
-0.008163812570273876
0.10222252458333969
-0.2614140808582306
0.01710662618279457
-0.060294970870018005
-0.08582539856433868
-0.18676596879959106
0.06433210521936417
-0.17974154651165009
0.08218149095773697
-0.12640535831451416
0.013539792969822884
-0.13748978078365326
-0.03711967542767525
-0.051826637238264084
-0.046453237533569336
-0.06428863853216171
0.039125438779592514
0.005130578298121691
-0.13241492211818695
0.10921318084001541
-0.016753243282437325
0.021557990461587906
-0.12722957134246826
0.18173138797283173
-0.17610834538936615
0.04819892346858978
0.15783530473709106
-0.004103085491806269
0.1501280665397644
0.09655972570180893
0.021143386140465736
0.058269429951906204
0.04064822569489479
-0.1267428994178772
-0.07301731407642365
-0.18057391047477722
-0.1410571038722992
-0.07635799795389175
0.15961061418056488
0.02216087281703949
-0.015080497600138187
-0.062388643622398376
-0.06711556017398834
0.04476208984851837
0.017137007787823677
0.09777425974607468
0.15844672918319702
-0.02241956815123558
-0.046300146728754044
-0.20975062251091003
0.098674476146698
-0.027019042521715164
-0.0020944601856172085
0.09571506828069687
-0.13593420386314392
0.04576408118009567
0.1686287820339203
-0.06817228347063065
0.026119746267795563
0.06979084014892578
0.06394495815038681
-0.013552190735936165
0.09011591225862503
-0.05628257617354393
-0.048357754945755005
-0.014331362210214138
0.24602794647216797
0.04821350425481796
-0.1481529325246811
0.05171208083629608
0.08168771117925644
-0.05297275632619858
0.01921895518898964
-0.11033430695533752
0.12839914858341217
-0.10437209159135818
0.1067269891500473
0.05021754652261734
-0.08011779189109802
-0.13983029127120972
0.020297691226005554
-0.09873850643634796
-0.07188946008682251
-0.16375790536403656
-0.14937922358512878
-0.06690722703933716
-0.06120391562581062
0.05029018595814705
0.11417201906442642
-0.1804342269897461
-0.09304667264223099
-0.017720062285661697
0.07322795689105988
-0.062370944768190384
0.06931833177804947
-0.13971705734729767
-0.15700042247772217
0.11169910430908203
0.06273110955953598
0.11936365067958832
0.13608711957931519
0.09481935203075409
0.03258662298321724
0.0948699414730072
0.11027803272008896
0.003677907632663846
-0.0002701347111724317
-0.13564042747020721
-0.1531868726015091
0.10339156538248062
-0.013496642000973225
-0.07352139800786972
-0.014937521889805794
-0.14576756954193115
-0.10971678793430328
0.05427653715014458
-0.16001014411449432
0.014805789105594158
0.1469571888446808
0.18714001774787903
0.0905357152223587
-0.04543497785925865
-0.21908876299858093
0.051531385630369186
0.10423801839351654
-0.16032905876636505
0.005798728205263615
-0.10781565308570862
-0.0645587295293808
0.13669219613075256
0.030134292319417
-0.0066811805590987206
-0.01217364240437746
0.09813807904720306
-0.145382821559906
0.015048750676214695
0.09720126539468765
-0.10076332837343216
-0.061171527951955795
0.012198999524116516
0.03143059089779854
0.05695132538676262
-0.02929491177201271
-0.12359399348497391
-0.025126328691840172
-0.10481643676757812
0.13504816591739655
0.04448733478784561
0.06095242127776146
0.005195423029363155
0.05207160487771034
0.07517128437757492
-0.02893785387277603
-0.0031760733108967543
-0.047285355627536774
0.029120365157723427
0.12859690189361572
-0.04015762731432915
-0.13167957961559296
-0.14756636321544647
0.06221524253487587
0.042476437985897064
-0.13915327191352844
0.06357686966657639
-0.058771006762981415
-0.059922028332948685
-0.10566411912441254
0.09522343426942825
0.11795894801616669
-0.034731071442365646
-0.07955454289913177
-0.0729740634560585
-0.08425832539796829
0.08103244006633759
-0.07037462294101715
-0.10993053764104843
-0.0025075580924749374
-0.12748727202415466
0.007194842677563429
-0.1272277683019638
-0.1757364720106125
0.014409511350095272
0.019929874688386917
0.013447101227939129
0.11848480999469757
0.10197127610445023
-0.1571664810180664
-0.16643601655960083
-0.09943841397762299
0.10637450218200684
-0.061143796890974045
-0.10279485583305359
0.03899130970239639
-0.15665170550346375
0.11030492186546326
-0.017610730603337288
-0.02158096618950367
-0.08002232015132904
0.05680350214242935
-0.10927533358335495
-0.06559920310974121
-0.0017222471069544554
0.010800640098750591
0.04054985195398331
-0.009645534679293633
0.054958608001470566
-0.1086190938949585
0.034832850098609924
-0.09672481566667557
0.042705874890089035
0.04147716984152794
-0.012562357820570469
-0.06437720358371735
-0.1515510529279709
0.11143175512552261
-0.11857204139232635
0.038550395518541336
0.10389770567417145
-0.16483516991138458
-0.08372925221920013
-0.09235990047454834
0.015136424452066422
-0.009879132732748985
-0.15986713767051697
0.046785011887550354
-0.11823800951242447
-0.0902201235294342
-0.12279459834098816
0.01220592949539423
0.10006031394004822
-0.13167119026184082
-0.09376860409975052
-0.0531933531165123
0.023087505251169205
-0.029716284945607185
0.019580386579036713
-0.038788169622421265
-0.077235646545887
-0.14345505833625793
-0.008681182749569416
-0.059418752789497375
0.08883058279752731
-0.11604293435811996
-0.03607270121574402
-0.16996686160564423
-0.006572549231350422
-0.023068133741617203
0.08210917562246323
-0.1369609236717224
-0.1155768409371376
0.07453237473964691
0.08513733744621277
0.04193056747317314
0.07702767848968506
0.048903074115514755
0.13369891047477722
-0.1206202358007431
0.07613642513751984
-0.09662328660488129
0.03715309873223305
0.03913171961903572
-0.037841539829969406
0.05833747982978821
-0.1337910145521164
0.026295283809304237
0.2887480854988098
-0.08326246589422226
0.030216315761208534
-0.17564252018928528
0.0979989767074585
0.021249761804938316
-0.20767390727996826
0.11109459400177002
0.04810899496078491
-0.06549041718244553
0.19990603625774384
-0.22743377089500427
-0.09176419675350189
-0.09886033087968826
0.0033898085821419954
-0.0044050333090126514
0.31189292669296265
-0.29829302430152893
-0.09797504544258118
-0.09159902483224869
0.06420500576496124
-0.1692017912864685
-0.0859735757112503
-0.10179059207439423
-0.049478862434625626
0.022664491087198257
-0.04773125797510147
0.05794635787606239
-0.21409401297569275
-0.03992972522974014
0.07431264221668243
0.02522047981619835
0.020362650975584984
0.07653705775737762
-0.023086311295628548
0.09066011011600494
0.16368167102336884
0.2023089975118637
0.03967166692018509
-0.11231626570224762
-0.036280784755945206
0.2822834551334381
0.048398952931165695
-0.06908182054758072
0.02091321162879467
-0.09134940057992935
0.1063823401927948
0.11308944225311279
-0.04358633607625961
0.07718071341514587
0.00774663221091032
0.08604786545038223
-0.01813824474811554
0.030475439503788948
-0.0967537984251976
-0.02583182044327259
-0.24711613357067108
-0.11176523566246033
-0.03773429989814758
-0.05135713145136833
0.013783075846731663
-0.09442024677991867
-0.04795096069574356
-0.0007033153087832034
-0.01644461788237095
0.001701676519587636
-0.056328900158405304
0.016043566167354584
0.06423477828502655
0.24893136322498322
-0.16309651732444763
-0.07217065989971161
-0.15764911472797394
-0.22589941322803497
-0.05867522582411766
0.0809267982840538
-0.03286465257406235
0.17453274130821228
-0.08628597110509872
-0.039851896464824677
0.0022121730726212263
0.14052237570285797
-0.05704348534345627
0.09339035302400589
-0.11048514395952225
0.1934596300125122
0.06022699177265167
0.14095595479011536
-0.1574980765581131
0.07476270198822021
0.06673554331064224
0.06937010586261749
0.010488665662705898
0.17753681540489197
-0.13479825854301453
0.08507535606622696
0.0006760585820302367
-0.01496079470962286
-0.09644782543182373
-0.0978582426905632
-0.17971357703208923
0.12135686725378036
0.006639160215854645
-0.1824260652065277
-0.046845968812704086
0.017178097739815712
-0.07761294394731522
-0.033568717539310455
0.010645406320691109
0.033682551234960556
0.19904805719852448
0.038749128580093384
0.06184782087802887
0.03520862013101578
-0.2800496816635132
0.037679273635149
0.05781449377536774
-0.04408552125096321
0.09730270504951477
0.1274959295988083
0.0070927878841757774
0.01155416015535593
0.2304626852273941
-0.03928668797016144
0.16668356955051422
0.19498056173324585
-0.17220331728458405
0.09498447179794312
-0.06492727994918823
0.0012464646715670824
-0.1225673034787178
-0.1072184219956398
-0.008545930497348309
0.08055546134710312
-0.03785541281104088
-0.13800844550132751
-0.23706336319446564
-0.27961593866348267
-0.0657258927822113
-0.048263438045978546
-0.03803873062133789
0.06729402393102646
-0.22579294443130493
0.07007221132516861
-0.06502868235111237
-0.02315053716301918
-0.1704784333705902
-0.17179414629936218
0.040357161313295364
0.023494036868214607
0.10637807101011276
0.09578701853752136
-0.06213598698377609
0.14576198160648346
-0.03632652387022972
0.052609097212553024
-0.023043932393193245
-0.004509569611400366
-0.0761706605553627
-0.1764264553785324
0.08972372859716415
-0.007600751705467701
-0.0628785490989685
-0.1565694361925125
0.016427867114543915
-0.0956905409693718
-0.1772468388080597
-0.19222772121429443
0.004227836616337299
0.03715946897864342
-0.1915942132472992
-0.16666309535503387
-0.2446286827325821
-0.059751082211732864
0.14259111881256104
-0.05506032705307007
-0.07472848892211914
0.014019903726875782
0.027704915031790733
-0.02209998294711113
-0.018878765404224396
-0.01787782832980156
-0.0034742739517241716
-0.053084272891283035
-0.16403070092201233
0.02935568243265152
-0.06378237903118134
-0.08128637075424194
0.16669325530529022
-0.14939101040363312
-0.2296140193939209
-0.004819652996957302
0.14184007048606873
-0.1211789920926094
-0.2546457052230835
-0.06546524167060852
0.04306812584400177
0.08262418210506439
-0.1855197697877884
-0.159465953707695
-0.06093618646264076
0.12536881864070892
-0.1328468769788742
-0.22797515988349915
-0.1684323400259018
0.0026004486717283726
0.11852668970823288
0.2863941192626953
-0.045390792191028595
-0.04255075380206108
0.03330788388848305
0.37698665261268616
0.02547205425798893
-0.09817318618297577
-0.14436399936676025
0.004519107285887003
0.12625212967395782
-0.22905312478542328
-0.18095536530017853
0.04744146019220352
-0.03335251659154892
-0.09886039793491364
-0.05440560728311539
-0.06169193610548973
-0.16032914817333221
-0.058568865060806274
-0.012204430066049099
-0.064766064286232
0.08849489688873291
-0.05745634436607361
-0.21041777729988098
0.2386617511510849
-0.0026081830728799105
-0.032791901379823685
-0.144144207239151
0.10427037626504898
0.08475036919116974
-0.13436679542064667
-0.17817671597003937
0.12782171368598938
-0.10753123462200165
0.1697615385055542
-0.00045649634557776153
-0.1402718722820282
0.2456231713294983
-0.12052299082279205
0.1991332769393921
0.0982620045542717
0.10131494700908661
0.06641466915607452
0.035334642976522446
-0.06772825121879578
0.1001310646533966
0.0656842589378357
-0.12120582163333893
-0.04058847576379776
0.17241419851779938
-0.03893725574016571
-0.12894712388515472
-0.0528845451772213
-0.0919080525636673
0.041809022426605225
0.07389679551124573
-0.0016822180477902293
0.14751793444156647
0.1612587422132492
0.0940217450261116
0.02158314175903797
-0.11555014550685883
0.0010559151414781809
-0.03615639731287956
-0.12152660638093948
0.06522394716739655
0.16861282289028168
0.07171659171581268
0.0968065857887268
-0.10809624195098877
0.07474762946367264
-0.08739712834358215
0.06990115344524384
0.10250568389892578
-0.1322837471961975
-0.10729563236236572
0.09751898050308228
0.1391577124595642
-0.0978860855102539
0.11082722991704941
0.028243856504559517
-0.11274566501379013
0.07694406807422638
-0.1297566145658493
0.06820675730705261
0.13551709055900574
-0.04309767857193947
-0.10048672556877136
0.018734397366642952
0.14878150820732117
-0.020133482292294502
-0.13596253097057343
-0.04769802838563919
0.29087528586387634
0.08542989939451218
0.12050890922546387
0.13341738283634186
-0.04805244877934456
0.10558658093214035
-0.13858076930046082
0.038319237530231476
0.11136872321367264
-0.09468606114387512
0.07595615088939667
0.15576425194740295
0.04487752914428711
-0.06866104900836945
-0.06042678654193878
-0.05477072298526764
0.1256089210510254
-0.023154037073254585
0.016053372994065285
-0.24931390583515167
-0.13691793382167816
0.10821634531021118
0.1661800742149353
0.017877230420708656
0.11959990113973618
-0.001710971468128264
0.051824476569890976
-0.04167243093252182
-0.06643220037221909
-0.01907026767730713
0.09379225224256516
0.09726261347532272
-0.03625005856156349
-0.07994666695594788
-0.014330744743347168
0.12442509829998016
0.20330733060836792
-0.19384130835533142
0.046369731426239014
-0.08108299225568771
0.0075415512546896935
-0.011982157826423645
0.12573301792144775
0.07209200412034988
-0.21353738009929657
-0.08327478915452957
0.14959090948104858
-0.09301245957612991
0.07583963871002197
0.010916151106357574
-0.21222370862960815
-0.09646763652563095
-0.04796749725937843
0.21957430243492126
0.09339316189289093
-0.11118916422128677
0.04564547911286354
-0.030420465394854546
0.12836748361587524
-0.0865265503525734
0.06926178187131882
-0.00658984063193202
0.17597298324108124
-0.049590010195970535
0.3296993374824524
0.048058297485113144
-0.20581315457820892
0.02565532922744751
-0.04572368040680885
-0.09874927997589111
0.0289943665266037
-0.040366172790527344
0.07420971989631653
0.16393256187438965
0.0042870487086474895
-0.0788205936551094
0.0034236134961247444
0.21891318261623383
-0.06774570047855377
0.023655107244849205
-0.2511555254459381
-0.004815814550966024
-0.01973535306751728
-0.0008344767265953124
0.11140953004360199
0.12362000346183777
0.02033226378262043
-0.016651807352900505
0.042579285800457
-0.2180272489786148
-0.08077669143676758
-0.22949354350566864
-0.18621963262557983
0.01767784357070923
0.09685150533914566
-0.09548871219158173
-0.08249656856060028
0.04860512167215347
-0.13918271660804749
-0.019745534285902977
0.020795874297618866
-0.13293540477752686
-0.061362531036138535
-0.02003255859017372
-0.22815614938735962
-0.19288742542266846
-0.09228742122650146
0.16665102541446686
0.044631823897361755
0.09734290838241577
-0.036438703536987305
-0.07679495215415955
-0.15718095004558563
0.17094168066978455
0.0875975489616394
0.04119608923792839
-0.04813431575894356
-0.04010356217622757
-0.24806760251522064
-0.08376456797122955
-0.09664564579725266
-0.16619008779525757
0.12658661603927612
-0.15582741796970367
-0.20468318462371826
0.1715259850025177
-0.11135286092758179
-0.011518985964357853
-0.10232850909233093
0.12734325230121613
0.04484722018241882
-0.29421544075012207
0.15835323929786682
-0.04372350499033928
0.032940663397312164
0.19012394547462463
0.10039781033992767
0.030090557411313057
-0.10587775707244873
0.021839236840605736
-0.13549335300922394
-0.2617205083370209
-0.23362402617931366
-0.06663309782743454
-0.05023788660764694
0.06374020129442215
-0.121389240026474
-0.06510642915964127
0.011058027856051922
0.10724379867315292
-0.13726167380809784
-0.03621242195367813
-0.26058295369148254
-0.15231521427631378
0.15225322544574738
-0.10835111886262894
0.09885737299919128
-0.10973343253135681
-0.007745673414319754
-0.02966517023742199
-0.13504888117313385
0.1839325726032257
0.022347409278154373
0.14437131583690643
-0.07943197339773178
0.14179764688014984
-0.03839921951293945
-0.06643112003803253
-0.06311866641044617
0.04359322786331177
0.04486491158604622
0.097234345972538
-0.09121107310056686
0.13673575222492218
0.16880501806735992
0.02315754070878029
-0.1509450078010559
0.028067566454410553
-0.03770842403173447
0.0795755609869957
-0.173272043466568
0.06090721860527992
0.033892009407281876
-0.018332820385694504
0.0820903331041336
-0.09555481374263763
-0.22108407318592072
-0.1434238702058792
-0.06676232814788818
0.06498263776302338
-0.024702319875359535
0.10423646122217178
0.043552152812480927
-0.12438882142305374
-0.01752624101936817
0.05684572458267212
-0.05040010064840317
-0.27794817090034485
-0.08174198120832443
-0.1414669007062912
-0.0766758844256401
-0.0637134313583374
0.14914549887180328
0.03236415237188339
-0.3195122480392456
-0.003932365216314793
-0.05925355106592178
-0.19692714512348175
-0.10038815438747406
0.10627292841672897
0.06332679837942123
-0.03176400810480118
-0.018070809543132782
-0.0475771389901638
0.09368900209665298
0.06977462768554688
-0.11802680045366287
0.12905512750148773
0.014572197571396828
-0.09988970309495926
0.19043830037117004
-0.08984698355197906
0.09053459018468857
-0.10451655834913254
0.0186750628054142
-0.06652483344078064
-0.1048400029540062
0.03750644996762276
-0.13223132491111755
0.06438405811786652
-0.007290239445865154
-0.055959612131118774
-0.1799066811800003
0.0004933237214572728
0.16205203533172607
-0.1075931191444397
-0.11181492358446121
-0.08353259414434433
0.007110912352800369
-0.1406610757112503
-0.09634040296077728
0.10694186389446259
0.02770344167947769
-0.041065115481615067
-0.10966576635837555
-0.27707746624946594
0.009669250808656216
-0.07517090439796448
-0.04958009719848633
-0.1311645805835724
-0.08519892394542694
-0.17750103771686554
0.05119872838258743
-0.18082445859909058
0.11054973304271698
0.18061761558055878
-0.04035964980721474
-0.09760406613349915
0.26435646414756775
-0.08877978473901749
-0.03725975751876831
0.06295479834079742
-0.06137261539697647
-0.06820967048406601
0.06317246705293655
0.10030250251293182
0.15977388620376587
-0.0001298971619689837
0.05946088209748268
0.017224935814738274
-0.07884221524000168
-0.08507391065359116
-0.18222983181476593
0.08541923016309738
-0.05750516429543495
0.06722824275493622
0.10578037053346634
-0.01953018642961979
-0.05779314413666725
-0.040248796343803406
-0.0469575896859169
-0.05994940549135208
-0.06966589391231537
-0.05676938593387604
0.187118798494339
-0.07673593610525131
0.18637777864933014
0.23562416434288025
0.10522114485502243
0.009333126246929169
-0.15727630257606506
0.13447079062461853
0.10414749383926392
0.13587981462478638
0.23431161046028137
-0.04166051745414734
0.16445431113243103
-0.09898792952299118
0.0456819161772728
0.03465985879302025
-0.06409582495689392
0.0021392833441495895
-0.22549767792224884
-0.002528933808207512
0.13254143297672272
0.13807716965675354
0.033840250223875046
-0.19421803951263428
-0.08862604200839996
-0.13245612382888794
0.06559918075799942
0.12189392000436783
0.06749394536018372
0.06074465438723564
-0.007713076192885637
-0.002473923610523343
0.09473803639411926
0.140101820230484
0.036627110093832016
0.09694111347198486
0.050863564014434814
-0.1854860633611679
0.41197237372398376
-0.06653211265802383
-0.16961057484149933
0.12286148965358734
0.08836439996957779
0.07285965979099274
0.1193317398428917
-0.012347493320703506
-0.07639158517122269
0.014838178642094135
0.05950193479657173
0.1195482611656189
0.0002980449644383043
0.19031286239624023
0.027729487046599388
-0.11116818338632584
-0.08761712908744812
-0.05418206751346588
-0.14592906832695007
-0.02413232810795307
0.07663100212812424
-0.02809649519622326
-0.014858013950288296
0.19507603347301483
-0.05167718231678009
0.0637618899345398
0.08635517209768295
0.0044181812554597855
-0.05227416381239891
0.05378963053226471
0.03219535946846008
0.0984424576163292
-0.10436177253723145
0.13195110857486725
-0.07667645812034607
-0.023459499701857567
-0.01509117055684328
-0.08568423986434937
-0.10125033557415009
0.010139702819287777
-0.06038398668169975
0.16535510122776031
-0.09684979170560837
0.06371068954467773
-0.17727255821228027
0.0905466303229332
-0.012511336244642735
-0.040566734969615936
0.12832790613174438
-0.1013498455286026
0.04730437695980072
0.1616603434085846
0.18452754616737366
-0.06385435909032822
-0.011713940650224686
-0.09183299541473389
-0.14373786747455597
-0.008792441338300705
-0.03645146265625954
-0.10939127951860428
0.012626356445252895
0.02804318256676197
-0.2993426024913788
-0.09070227295160294
-0.05239231139421463
-0.1329132318496704
-0.04563380405306816
0.09090477973222733
-0.053409695625305176
0.09219910204410553
0.0897107869386673
-0.07647211104631424
0.11100403964519501
0.07725752145051956
-0.037800900638103485
0.01055471133440733
-0.08361361920833588
0.13629502058029175
-0.047369230538606644
0.20819547772407532
-0.18927128612995148
0.012137874029576778
0.08843088150024414
-0.02664482407271862
-0.08696155995130539
-0.0253840871155262
-0.03757276386022568
0.05153168737888336
-0.021250521764159203
-0.02960606850683689
-0.11582263559103012
0.04775530472397804
-0.1362875998020172
-0.1685631275177002
0.10732046514749527
-0.12362109869718552
-0.12461541593074799
-0.06540670245885849
-0.07812687754631042
-0.1797506958246231
-0.10289685428142548
0.0035145182628184557
-0.1013704463839531
0.16982413828372955
0.033195894211530685
0.07891291379928589
0.11730969697237015
0.07359732687473297
0.09698843210935593
0.11588459461927414
-0.20378437638282776
0.03359329327940941
0.11709844321012497
0.0027385626453906298
0.22080114483833313
0.048533663153648376
0.015720538794994354
-0.13268059492111206
0.06371277570724487
-0.035668373107910156
-0.06943914294242859
0.029840439558029175
0.09601236879825592
-0.18105773627758026
0.047480516135692596
0.12749770283699036
0.10442192852497101
-0.04946312680840492
0.04415808618068695
-0.16903433203697205
-0.1284274309873581
-0.15127165615558624
-0.12031931430101395
0.10818707942962646
-0.19961030781269073
-0.06920193135738373
0.07999023050069809
-0.17973291873931885
0.003036334877833724
-0.27311328053474426
-0.13362589478492737
-0.0765630453824997
0.014468397945165634
-0.07565716654062271
0.01870882138609886
0.1638527363538742
-0.018843069672584534
-0.15373022854328156
0.14058221876621246
0.0009105948265641928
0.17525047063827515
-0.14350180327892303
-0.07446932047605515
0.031006518751382828
0.056649867445230484
0.12800681591033936
0.20397944748401642
0.01193606574088335
-0.36777985095977783
0.031481917947530746
-0.2534247934818268
0.09019785374403
-0.15323539078235626
-0.30979862809181213
-0.06015612185001373
-0.000301985302940011
0.07116620242595673
-0.0006875181570649147
-0.08437260240316391
-0.11863014101982117
-0.17672975361347198
0.035654809325933456
-0.15255224704742432
-0.05513547360897064
0.12196388095617294
-0.11461438238620758
-0.046557094901800156
0.11135818809270859
0.1281266063451767
0.1759202480316162
0.20848926901817322
0.017300313338637352
0.10091709345579147
-0.1672128438949585
-0.12390230596065521
0.05379554629325867
-0.10195563733577728
-0.05231107771396637
0.08578112721443176
-0.08924710750579834
0.03182007744908333
-0.041429001837968826
-0.024764753878116608
-0.012115546502172947
0.256853848695755
-0.13418209552764893
-0.15836209058761597
-0.008909768424928188
0.009981691837310791
0.21912753582000732
0.16945987939834595
0.16997037827968597
0.11024767905473709
-0.1818227916955948
-0.1535210907459259
-0.07061729580163956
0.04706292971968651
-0.1323622316122055
-0.09877647459506989
0.013527876697480679
0.0856282114982605
-0.05165829882025719
0.1303044855594635
-0.02147333137691021
0.09162848442792892
0.22763319313526154
0.14333827793598175
0.034232355654239655
-0.10062394291162491
0.036189720034599304
0.19068752229213715
-0.09985825419425964
-0.11620792746543884
0.0614176020026207
0.19870515167713165
-0.1232864260673523
-0.04619969055056572
-0.023517288267612457
0.1860378086566925
0.09941191226243973
0.28713974356651306
-0.006674226373434067
-0.05552290007472038
-0.2810782194137573
0.23007887601852417
-0.09059354662895203
-0.12505574524402618
0.10423772782087326
-0.025101512670516968
0.1045624315738678
-0.06413301080465317
-0.13694648444652557
-0.21436144411563873
-0.29766035079956055
0.05500592663884163
-0.10485853254795074
0.06285612285137177
0.2885746657848358
-0.20399382710456848
0.06300879269838333
-0.1534583866596222
0.055699318647384644
0.10059498995542526
0.00768028711900115
-0.04660423472523689
-0.024224288761615753
0.05617604777216911
-0.12257928401231766
0.24153950810432434
-0.17914138734340668
0.11292585730552673
-0.13357184827327728
0.12916985154151917
-0.151803657412529
0.03852926939725876
-0.09995739907026291
-0.011203018948435783
0.0815507173538208
0.031902726739645004
-0.06610924005508423
0.10113032907247543
0.014126640744507313
-0.1011829674243927
-0.040389008820056915
-0.12202233821153641
-0.048051051795482635
-0.03970170021057129
-0.10208447277545929
-0.12258168309926987
-0.13486549258232117
0.1073402538895607
0.18786503374576569
0.017612019553780556
-0.14178894460201263
0.06008777767419815
0.05776382237672806
-0.04240836948156357
-0.1612178087234497
-0.08408302068710327
-0.19919529557228088
-0.1007014662027359
-0.1777915060520172
-0.03104986809194088
-0.01744168810546398
-0.07312364131212234
0.10991699993610382
0.15188799798488617
0.0761813223361969
-0.30729058384895325
-0.050802648067474365
-0.08294308930635452
-0.1387697458267212
-0.18468573689460754
0.04318985715508461
0.06797762960195541
-0.07437834143638611
-0.009195527993142605
-0.12973946332931519
0.041380833834409714
0.017366714775562286
-0.09198794513940811
0.059761952608823776
0.15012919902801514
-0.020924359560012817
-0.10783156007528305
-0.02326524630188942
0.0023750250693410635
-0.25493142008781433
0.16254757344722748
0.04937034472823143
-0.18541958928108215
-0.0788029357790947
0.03865141049027443
-0.1590442806482315
0.003024609060958028
0.14581738412380219
-0.1357947587966919
0.20112860202789307
0.16726361215114594
-0.04971315339207649
-0.12596489489078522
-0.021988002583384514
-0.10977340489625931
0.01531081460416317
-0.15449020266532898
-0.144953191280365
0.14419794082641602
0.21216793358325958
0.06323268264532089
0.09295160323381424
-0.015336628071963787
-0.044278763234615326
0.00598848657682538
0.19855400919914246
-0.0675278753042221
0.0021743986289948225
0.08167699724435806
0.054081618785858154
-0.1143803820014
-0.11091706156730652
-0.1301630139350891
-0.26110005378723145
-0.04305354878306389
0.04468260332942009
0.13496731221675873
-0.031375374644994736
-0.05110748112201691
0.0658472329378128
0.03304045647382736
-0.30713027715682983
0.044312816113233566
-0.14271092414855957
0.15713442862033844
0.22947585582733154
-0.07178804278373718
0.1263689249753952
-0.023119721561670303
0.014799407683312893
-0.2324257791042328
0.11701250076293945
-0.12002506852149963
-0.03264804556965828
0.17448531091213226
0.032155755907297134
0.15376217663288116
-0.04406341165304184
0.07251562178134918
0.12165291607379913
-0.09823781996965408
0.16714872419834137
0.017207397148013115
0.18727485835552216
-0.04143310338258743
-0.007844583131372929
-0.02365812100470066
-0.3601105511188507
0.02789650857448578
-0.16500499844551086
-0.14995750784873962
-0.060697734355926514
-0.007935648784041405
-0.029007039964199066
-0.10310249775648117
-0.08705342561006546
-0.0032587572932243347
0.0891173705458641
-0.1465127170085907
-0.19750510156154633
0.024966921657323837
0.13624189794063568
-0.17417210340499878
-0.13086768984794617
0.13633005321025848
0.15755657851696014
0.1353238821029663
0.04423442482948303
0.1054006963968277
0.20074701309204102
-0.04065687954425812
-0.006588078569620848
0.02845335192978382
0.006859182380139828
0.10476450622081757
0.16108371317386627
0.09281345456838608
0.1112934872508049
0.020737038925290108
-0.19852906465530396
-0.03508991375565529
0.07403408735990524
0.00646999292075634
-0.15970315039157867
-0.0919962152838707
0.05348176881670952
0.024891924113035202
-0.14982841908931732
0.2385045886039734
-0.12054893374443054
-0.01767639070749283
-0.1888430118560791
0.146592378616333
0.07439270615577698
-0.03892442211508751
0.13274075090885162
0.05952388420701027
0.016463790088891983
-0.11227559298276901
-0.14706957340240479
0.13842400908470154
-0.07524191588163376
-0.14466355741024017
0.0555548295378685
-0.08940237015485764
0.07366862148046494
0.09928011894226074
0.15844114124774933
-0.11694176495075226
-0.009932151064276695
0.06660234928131104
-0.03646845370531082
0.24185621738433838
0.007527234964072704
-0.29429352283477783
-0.044762756675481796
-0.15262745320796967
-0.25653505325317383
-0.06050122156739235
-0.029627637937664986
0.016091203317046165
-0.10262687504291534
-0.04325210675597191
0.10202300548553467
-0.10957543551921844
0.03782225772738457
0.05623723939061165
0.08075607568025589
0.01566166989505291
-0.11100023239850998
0.03198692575097084
-0.061159200966358185
0.028727756813168526
0.08840294182300568
0.062187310308218
-0.0735725536942482
0.08264385163784027
-0.01309538446366787
-0.050833459943532944
-0.012871104292571545
-0.05465318262577057
0.1807418018579483
-0.11009722203016281
0.053087569773197174
0.03788303583860397
-0.031393419951200485
-0.022837091237306595
-0.10816618800163269
0.03634319826960564
0.02162984013557434
-0.3211051821708679
0.09265704452991486
0.12859100103378296
0.0024291295558214188
-0.25505977869033813
-0.030011337250471115
-0.023759659379720688
-0.12000240385532379
0.1479477733373642
0.1494274139404297
-0.09696587175130844
-0.10156466066837311
0.15067298710346222
-0.025600042194128036
-0.018360283225774765
0.04565418139100075
-0.017879802733659744
0.08995041251182556
0.20550356805324554
0.03668103739619255
0.08300106227397919
0.012003911659121513
-0.2061643749475479
-0.13170327246189117
0.03076823242008686
-0.14932133257389069
-0.11802401393651962
0.06986089050769806
-0.24000690877437592
0.0617721751332283
-0.09328446537256241
-0.13047915697097778
0.08005368709564209
0.1633232831954956
-0.048070527613162994
-0.14448508620262146
-0.1870277225971222
-0.04772639647126198
-0.03657296299934387
-0.074003666639328
-0.10926941782236099
-0.1028084009885788
-0.06668876111507416
0.039332315325737
-0.048778921365737915
0.12907631695270538
0.11969165503978729
0.0758645236492157
0.02956392616033554
-0.11542238295078278
-0.05170365422964096
-0.14405661821365356
0.08573746681213379
0.14065448939800262
-0.05383908376097679
0.015568789094686508
-0.19331982731819153
-0.20306332409381866
-0.006920166313648224
-0.1678006798028946
-0.1331547498703003
-0.012325584888458252
0.07020028680562973
0.061151016503572464
-0.1555425077676773
0.09383340179920197
-0.06246720626950264
-0.04109535366296768
-0.09409395605325699
0.06620726734399796
0.11887630820274353
-0.11374759674072266
0.012583904899656773
0.007903823629021645
-0.019195327535271645
-0.08167801052331924
-0.1654304414987564
0.043938204646110535
0.02891184203326702
-0.14353403449058533
0.11388185620307922
-0.13183388113975525
-0.15355779230594635
-0.12846246361732483
0.09529229998588562
-0.08830292522907257
-0.08387873321771622
-0.1267651617527008
0.08522520214319229
0.08453129231929779
-0.07046402990818024
0.044267188757658005
0.044185057282447815
-0.11178770661354065
-0.02465035580098629
0.07569947838783264
-0.08301135897636414
-0.06686095148324966
0.15192750096321106
0.05904301255941391
0.06076538562774658
-0.043661195784807205
-0.16572533547878265
0.07128564268350601
-0.13678370416164398
-0.16718365252017975
-0.038491759449243546
-0.03534429892897606
0.03080809861421585
0.028224337846040726
-0.18293364346027374
-0.08534429222345352
0.06302918493747711
-0.050663817673921585
-0.10592633485794067
-0.028887448832392693
-0.05012953653931618
-0.005501284264028072
-0.15875065326690674
-0.029864629730582237
0.0025173218455165625
0.04181349650025368
-0.07986807823181152
0.03507360443472862
-0.13325302302837372
-0.1503058820962906
0.061152637004852295
-0.07304339110851288
-0.1171724796295166
0.07176246494054794
0.09378884732723236
-0.1679336279630661
-0.0002768188714981079
0.3105038106441498
-0.009158015251159668
0.0019725989550352097
0.0908278077840805
-0.09059616178274155
-0.05528465658426285
-0.11365295946598053
-0.08562199026346207
-0.016101082786917686
-0.12059273570775986
0.017682600766420364
-0.07043663412332535
-0.06712449342012405
0.04279746487736702
-0.14994896948337555
-0.19964131712913513
0.01864156872034073
-0.11290217190980911
0.008708393201231956
-0.007337611168622971
-0.10299525409936905
0.04334927350282669
-0.021796617656946182
-0.13850197196006775
-0.07584912329912186
-0.11451013386249542
-0.03472317382693291
-0.12403182685375214
-0.02642635628581047
0.06635891646146774
0.04470378905534744
-0.11985859274864197
-0.022285038605332375
-0.1292547881603241
-0.11153148114681244
-0.15331172943115234
-0.07214546948671341
-0.09452460706233978
-0.11947076767683029
-0.07729648053646088
-0.03988136723637581
-0.04802650958299637
-0.08126285672187805
-0.05590999871492386
-0.09169398993253708
0.1166161522269249
-0.1045040413737297
0.09803354740142822
0.08243273198604584
-0.08667127043008804
0.03252772241830826
0.05864882096648216
-0.1301054060459137
-0.09414186328649521
-0.018308063969016075
-0.15317755937576294
0.07228413224220276
-0.02146957255899906
-0.14005596935749054
0.011202622205018997
-0.21006961166858673
0.21496060490608215
0.1935790628194809
-0.08896759152412415
-0.37603428959846497
-0.041995275765657425
0.07875397801399231
-0.12567138671875
0.07492487877607346
-0.08635164052248001
-0.009976348839700222
-0.024017315357923508
0.11274155229330063
0.0010778404539451003
-0.01790686696767807
-0.05440384894609451
-0.24139519035816193
0.12589707970619202
-0.15216967463493347
-0.14479726552963257
-0.00990304071456194
-0.16394349932670593
0.07813936471939087
0.17962288856506348
-0.01680230349302292
-0.04557613655924797
0.0789412260055542
-0.233390673995018
-0.23956947028636932
0.24318695068359375
-0.256072074174881
0.029307449236512184
-0.10239351540803909
-0.03763899952173233
0.24291056394577026
0.1626625508069992
-0.07339436560869217
0.15978340804576874
0.06087691709399223
-0.1540406346321106
0.0024540009908378124
-0.13414031267166138
-0.14262618124485016
-0.014432968571782112
0.00161399703938514
0.10670308768749237
-0.11127641052007675
-0.0016147413989529014
-0.044671233743429184
-0.16071699559688568
0.26921597123146057
0.0023731549736112356
0.06436537206172943
0.2241729497909546
0.16832886636257172
0.325717955827713
-0.06194112449884415
-0.0482652485370636
-0.09594449400901794
0.09236295521259308
-0.1728048175573349
-0.24255616962909698
-0.0399349182844162
0.10208377987146378
0.1042030081152916
0.1645163595676422
-0.14828380942344666
0.04278404638171196
-0.003599935444071889
0.06852952390909195
0.06940528005361557
-0.12949904799461365
0.10897566378116608
-0.15739059448242188
0.014367221854627132
-0.1009141057729721
-0.1393078714609146
-0.12734144926071167
-0.2309732735157013
0.039248958230018616
0.016125408932566643
0.20799656212329865
0.16702352464199066
-0.016028806567192078
-0.15691521763801575
-0.07163486629724503
0.058790113776922226
-0.01543071772903204
0.09221701323986053
0.11219801753759384
-0.05978769436478615
0.0035550794564187527
-0.1788492351770401
0.08648881316184998
-0.1948518306016922
-0.011534927412867546
-0.27921125292778015
-0.020456453785300255
0.03614329546689987
0.016516920179128647
0.10982710868120193
-0.018478889018297195
0.23822352290153503
0.035315774381160736
-0.18256980180740356
0.0704873576760292
0.01777096465229988
-0.133347749710083
-0.04699087142944336
-0.2990800440311432
0.16613052785396576
-0.17088578641414642
-0.11134161055088043
-0.16185618937015533
0.005884206388145685
0.11038298904895782
-0.08889467269182205
0.08698178827762604
0.11867281794548035
-0.2785080373287201
0.10372131317853928
-0.06722144782543182
-0.015125728212296963
0.02695518545806408
-0.12053187191486359
0.016100816428661346
0.09323355555534363
0.06562094390392303
-0.1018851026892662
-0.16445501148700714
-0.003144301241263747
0.14909733831882477
-0.31197676062583923
-0.1434234082698822
0.21691235899925232
0.0060012382455170155
0.033848587423563004
-0.05608991160988808
0.06270427256822586
-0.09540475159883499
-0.1415870487689972
0.14121019840240479
-0.08585578948259354
-0.025031350553035736
0.18312053382396698
-0.349325954914093
0.13976101577281952
-0.09935245662927628
0.03914490342140198
-0.09737957268953323
0.07251895219087601
-0.1017593964934349
0.06566058844327927
0.031226608902215958
0.1263410598039627
-0.04352104663848877
-0.11538999527692795
0.1299075335264206
0.14346198737621307
0.06575343012809753
-0.044479697942733765
0.14337284862995148
-0.09479008615016937
0.0305281113833189
-0.041167762130498886
-0.025454577058553696
-0.006792051251977682
-0.10584691166877747
-0.2161240130662918
0.016657881438732147
-0.004804454278200865
-0.11389093101024628
-0.11996829509735107
0.06303248554468155
0.0007484914967790246
-0.12339982390403748
0.08976136147975922
-0.13949769735336304
0.07438885420560837
0.02709444984793663
-0.11644275486469269
0.17595425248146057
0.12364710867404938
0.0322021022439003
0.10509548336267471
-0.22100700438022614
0.20525658130645752
-0.10578900575637817
0.05315154790878296
-0.024659011512994766
-0.09366607666015625
0.0021940041333436966
0.15862888097763062
-0.1098731979727745
0.10451333969831467
-0.14191968739032745
-0.0310429148375988
-0.1739417314529419
0.15081357955932617
-0.09479279816150665
0.12493211776018143
-0.0552963986992836
-0.11269091069698334
0.07616792619228363
-0.07289590686559677
-0.15650363266468048
0.03803977370262146
-0.27927055954933167
0.1343420147895813
-0.07885126769542694
0.0125080905854702
0.32698556780815125
-0.17343927919864655
-0.10758960992097855
-0.013070864602923393
-0.06475073099136353
0.061980340629816055
0.15903045237064362
0.07699009031057358
-0.19363589584827423
0.14560922980308533
0.019747141748666763
0.30302029848098755
-0.042069241404533386
0.0302792489528656
-0.02861020155251026
0.12396303564310074
0.0016654983628541231
0.07580416649580002
0.10762099176645279
-0.06825098395347595
0.09805513918399811
0.028217876330018044
-0.09784939140081406
0.11107881367206573
0.28695544600486755
-0.3160383105278015
0.1004016101360321
-0.07174469530582428
-0.13794924318790436
-0.33961746096611023
-0.10460779070854187
0.12272053211927414
0.03528313338756561
-0.02060808055102825
-0.026920456439256668
0.014575170353055
0.04095807299017906
-0.03991656005382538
-0.08359242975711823
0.21214404702186584
-0.13839639723300934
-0.09562569111585617
-0.13896708190441132
-0.09054555743932724
-0.11695610731840134
-0.07220380753278732
0.19280758500099182
-0.00042447709711268544
-0.04571779444813728
0.10622785240411758
0.11086897552013397
-0.12492622435092926
-0.0342983677983284
0.0014292510459199548
-0.15239715576171875
-0.0585721917450428
-0.04749777913093567
0.1472274363040924
-0.06829109787940979
0.062383849173784256
0.054569702595472336
-0.10630767792463303
0.0752708837389946
0.1126452088356018
-0.060853879898786545
0.018544387072324753
-0.15679287910461426
-0.09027732163667679
-0.042761605232954025
-0.13752864301204681
0.0741748958826065
0.0557887889444828
0.05801616981625557
-0.1615162044763565
0.0011349928099662066
0.08539414405822754
-0.08182533830404282
0.11023705452680588
0.01643957383930683
0.04117788001894951
-0.08068016171455383
-0.07413434237241745
-0.1444481462240219
0.11966770142316818
-0.07977008819580078
-0.05083969607949257
0.1035614088177681
-0.10524365305900574
0.05327034741640091
0.06765507906675339
0.10314718633890152
-0.14502421021461487
-0.18626953661441803
0.2227843701839447
-0.007622659206390381
-0.05461353808641434
-0.06243371590971947
0.12693297863006592
-0.07323423773050308
-0.06220756471157074
0.011263935826718807
-0.1401510238647461
-0.1906219720840454
0.12088969349861145
0.04875481128692627
-0.0686737596988678
0.12827377021312714
-0.014285989105701447
0.0024772717151790857
-0.05568600818514824
-0.08055027574300766
0.01947452872991562
-0.17330795526504517
0.10802266746759415
0.06240025535225868
-0.04085734114050865
-0.15793481469154358
0.12238264083862305
0.008765235543251038
0.18122030794620514
0.045846499502658844
0.12245333194732666
-0.0160213690251112
0.047979485243558884
0.02586367540061474
0.17914149165153503
0.13691766560077667
0.012296593748033047
0.12102255970239639
-0.03584761545062065
0.06852541118860245
-0.13766701519489288
0.06128210201859474
0.18866848945617676
0.0032613263465464115
-0.058411628007888794
0.14930157363414764
0.0861584022641182
-0.11884205043315887
-0.1580004096031189
-0.40034449100494385
0.07206743955612183
0.03525222837924957
-0.16786029934883118
0.12215358018875122
0.06367728114128113
0.1367110162973404
0.004518518224358559
-0.0249035581946373
-0.2572318911552429
-0.09242754429578781
0.05658463388681412
-0.028188668191432953
-0.22542200982570648
-0.35393622517585754
-0.08613722771406174
0.07863213121891022
0.0028441401664167643
0.101966992020607
0.12496133148670197
-0.25203603506088257
-0.1265357881784439
-0.20955194532871246
-0.046915411949157715
-0.18963012099266052
0.038362860679626465
-0.09253717958927155
-0.24639564752578735
3.7042482290416956e-05
0.06099396198987961
-0.012728716246783733
-0.02235911600291729
-0.04227415472269058
0.004648600704967976
-0.02002696506679058
-0.26165971159935
-0.0024691869039088488
0.03601278364658356
0.033890869468450546
-0.04091611132025719
-0.038599517196416855
0.04039793089032173
0.14793096482753754
0.019163494929671288
0.0854777991771698
0.14864474534988403
-0.16074144840240479
-0.1579386591911316
0.012901237234473228
-0.09593229740858078
0.06489371508359909
-0.2127572000026703
-0.1207110583782196
0.15670332312583923
-0.0145290931686759
0.15911339223384857
0.061164598912000656
0.03172435984015465
0.007890327833592892
-0.05161043256521225
-0.14665667712688446
-0.1404750794172287
-0.03704410791397095
-0.039541445672512054
-0.08380480110645294
-0.039883092045784
-0.059626683592796326
-0.10817862302064896
0.16015855967998505
0.19244328141212463
0.1072964072227478
-0.06391452997922897
0.12361516803503036
0.14656990766525269
0.0010305006289854646
-0.11305595189332962
0.01403449010103941
-0.08201215416193008
0.01016151998192072
-0.02840503305196762
0.11921442300081253
-0.018050018697977066
-0.07899626344442368
0.08611316978931427
-0.08760502934455872
-0.21560625731945038
-0.26276761293411255
0.09464646130800247
0.03348858654499054
0.21453700959682465
0.11496143043041229
-0.05301804095506668
-0.029015908017754555
0.1392717957496643
-0.07233919203281403
-0.020720049738883972
-0.040637459605932236
0.02907632850110531
-0.18513748049736023
-0.09949733316898346
0.07816579937934875
-0.2778717577457428
-0.13875877857208252
-0.2269277572631836
-0.07360289990901947
-0.18230067193508148
0.08249040693044662
0.06470590829849243
0.0006795951630920172
-0.13716387748718262
0.11185170710086823
-0.031232057139277458
-0.24136681854724884
-0.0807138979434967
-0.17014719545841217
-0.14273332059383392
-0.20034076273441315
0.0368427038192749
0.1327822208404541
0.04861772060394287
-0.12664946913719177
-0.08961416780948639
-0.09125016629695892
-0.029127031564712524
-0.10870391875505447
-0.06984215974807739
-0.05452379211783409
0.019832657650113106
-0.06466665863990784
-0.00643528439104557
-0.09886398166418076
-0.2729312479496002
0.03194547817111015
-0.2396783083677292
0.3124043047428131
-0.16237527132034302
0.11165667325258255
-0.09154093265533447
0.09887281060218811
-0.13352245092391968
0.06904337555170059
-0.03329726681113243
-0.09004034101963043
-0.126288041472435
0.036933641880750656
0.05358235910534859
0.03197620064020157
0.09160776436328888
-0.015525279566645622
-0.0283992700278759
0.07542704790830612
0.15361672639846802
0.011393480934202671
-0.009238094091415405
-0.03735281899571419
-0.02359946258366108
-0.10994802415370941
-0.022332387045025826
0.13961263000965118
-0.1586562842130661
0.06964576989412308
0.08227425068616867
-0.08138354867696762
-0.10257631540298462
-0.16138070821762085
-0.11838873475790024
-0.17915166914463043
-0.08886587619781494
-0.13129973411560059
0.015394753776490688
-0.14574673771858215
-0.1333232820034027
-0.04551778733730316
0.0793537050485611
-0.02740522474050522
-0.16742798686027527
0.08086520433425903
-0.11769668012857437
-0.08965297788381577
0.04093942418694496
-0.1323135495185852
-0.020820869132876396
0.0478413961827755
-0.14659038186073303
-0.1587146818637848
-0.1317165493965149
0.02856176719069481
0.08523215353488922
-0.1141870990395546
-0.009241003543138504
0.09879248589277267
0.07537484914064407
0.0512227900326252
0.01125834509730339
-0.1679583042860031
-0.009856298565864563
0.07854577898979187
-0.09098636358976364
-0.14011134207248688
-0.14136524498462677
-0.12574131786823273
-0.14170607924461365
-0.1587739884853363
0.0737280324101448
-0.07468221336603165
-0.13864083588123322
0.10216217488050461
-0.2351336032152176
0.033218227326869965
-0.06004039943218231
0.04627765342593193
-0.09908456355333328
-0.012579578906297684
0.009032122790813446
0.13444355130195618
-0.07362160831689835
0.029111934825778008
0.034034471958875656
-0.12892144918441772
-0.06047428771853447
-0.007515577599406242
-0.11125949770212173
0.07422782480716705
-0.1646566092967987
0.061678048223257065
0.018432963639497757
-0.11073055863380432
-0.06848744302988052
-0.0030504027381539345
-0.14019258320331573
0.11020617932081223
0.053312286734580994
0.023284586146473885
-0.05872350186109543
0.13076700270175934
0.054851047694683075
-0.09472929686307907
-0.16266551613807678
-0.14846692979335785
-0.07016512751579285
-0.04325040802359581
-0.04183537885546684
0.10476187616586685
-0.062348321080207825
-0.09670093655586243
-0.0005809730500914156
-0.030852867290377617
-0.1061382070183754
-0.12660251557826996
-0.05468671768903732
0.07378510385751724
-0.13346146047115326
-0.14579184353351593
-0.00893237255513668
0.034889090806245804
0.1253722608089447
-0.053635358810424805
0.09677832573652267
-0.005533331539481878
0.029054729267954826
0.07697930186986923
0.0011577439727261662
-0.16387975215911865
0.0235274825245142
0.11832280457019806
-0.11334952712059021
-0.02417721599340439
-0.02982443757355213
0.007541573606431484
-0.05991003289818764
0.03562469407916069
0.0053457897156476974
0.06970825791358948
-0.08069302886724472
-0.015979541465640068
-0.1714414358139038
0.13384366035461426
-0.04517718404531479
-0.13166819512844086
0.11676865071058273
0.14996160566806793
0.0667058527469635
-0.05962209776043892
-0.04391596466302872
-0.041341383010149
-0.04744381457567215
-0.06889976561069489
0.12134940922260284
0.04874001070857048
0.12689392268657684
-0.10529898852109909
-0.13297104835510254
-0.05536125600337982
-0.028702696785330772
-0.1325245350599289
-0.06544138491153717
0.18007005751132965
-0.018846381455659866
-0.02643520012497902
-0.16037940979003906
0.08819092065095901
0.1078028753399849
0.13770486414432526
0.008769932202994823
-0.17915938794612885
0.15090154111385345
-0.12274786829948425
0.1067504957318306
0.18676583468914032
0.08367647230625153
0.0742143988609314
0.1622428297996521
-0.225101038813591
-0.10232046991586685
-0.04359499365091324
-0.15766355395317078
0.10489971190690994
-0.003951170481741428
-0.024991579353809357
0.08884022384881973
-0.1527405083179474
-0.08348926901817322
-0.18951766192913055
0.22904641926288605
-0.09719183295965195
0.08300737291574478
0.03769298270344734
0.0643724799156189
0.020833048969507217
0.16192997992038727
0.0411597341299057
0.010331101715564728
-0.18754269182682037
-0.023970315232872963
0.19851389527320862
-0.1574706882238388
-0.13026848435401917
-0.03515654057264328
0.03318726643919945
-0.1463022232055664
-0.16382665932178497
0.12274954468011856
-0.10634658485651016
-0.05214975029230118
0.05256916955113411
0.0004306678310967982
0.07596871256828308
0.134389728307724
0.16453933715820312
0.09918782114982605
0.09984268993139267
-0.04895145818591118
0.018076863139867783
0.16465753316879272
-0.12630455195903778
-0.008638644590973854
-0.1886610984802246
0.036502670496702194
-0.03740985691547394
0.15848802030086517
-0.03778860718011856
-0.015350096859037876
-0.2082882523536682
0.03691132366657257
-0.013249285519123077
0.13590401411056519
0.1243772804737091
-0.03712364286184311
0.0913708508014679
-0.0323195643723011
0.11492583155632019
-0.10866698622703552
-0.11030500382184982
-0.02456679753959179
-0.10849891602993011
-0.026308957487344742
0.20077496767044067
0.028499659150838852
-0.15161384642124176
0.0282998476177454
-0.1489669531583786
0.11219637840986252
0.03220517933368683
0.2172423005104065
-0.12640021741390228
0.10511653125286102
-0.15321074426174164
0.11521691083908081
-0.20720812678337097
-0.022738540545105934
0.08274798095226288
-0.2241237759590149
0.2215975970029831
0.029470287263393402
0.06659814715385437
-0.08441062271595001
0.18798157572746277
-0.061349596828222275
-0.08176472783088684
-0.1424613893032074
-0.003963942173868418
-0.2416268289089203
-0.07483148574829102
-0.02592954784631729
0.06208500266075134
-0.08728606253862381
-0.026058217510581017
0.1259865015745163
-0.20772725343704224
-0.1373165249824524
0.1528138369321823
-0.10516847670078278
0.07576850801706314
-0.18302300572395325
0.09520448744297028
0.16876201331615448
-0.06994553655385971
-0.03652830421924591
0.08710496127605438
0.059868961572647095
0.07947762310504913
-0.18235062062740326
-0.08204516768455505
-0.15535394847393036
-0.04582368955016136
0.09405819326639175
0.23857703804969788
0.1747947782278061
-0.1124783381819725
-0.07901729643344879
-0.15771223604679108
0.12359694391489029
0.05999629199504852
0.15047681331634521
0.0263472069054842
-0.06230861321091652
-0.060984376817941666
-0.07266835123300552
0.015253592282533646
-0.004539351910352707
-0.018259111791849136
0.054999347776174545
0.09580609947443008
0.053015679121017456
0.061278410255908966
0.08900757879018784
-0.20887935161590576
0.05881670489907265
-0.08563724905252457
0.09136340022087097
0.18875515460968018
0.027206921949982643
-0.21355193853378296
0.042609572410583496
0.011361963115632534
-0.0826733261346817
0.002481724601238966
-0.1109543964266777
0.03222615644335747
0.009411050006747246
0.13119415938854218
0.1773093193769455
0.03925733268260956
0.11752281337976456
0.18115785717964172
-0.04685324430465698
-0.0539993941783905
-0.029017411172389984
-0.07189373672008514
0.19727297127246857
-0.1551991105079651
-0.061184998601675034
-0.07505849748849869
-0.12686635553836823
-0.02761255018413067
0.048517633229494095
-0.10971331596374512
0.013998215086758137
0.11166171729564667
0.13913723826408386
-0.1260673701763153
-0.06919579207897186
-0.024181026965379715
-0.04146239534020424
-0.07457023113965988
0.17228993773460388
-0.06699211895465851
-0.025454634800553322
-0.08249639719724655
0.0740346610546112
-0.06369549036026001
0.3564888834953308
-0.0692363902926445
0.15380071103572845
0.09546027332544327
0.06946203112602234
0.20540940761566162
0.1969371736049652
-0.2848486006259918
-0.09389959275722504
-0.010227293707430363
-0.003700887318700552
0.2481750249862671
0.2313171625137329
-0.040330324321985245
0.19415691494941711
0.12053389847278595
-0.1085304245352745
-0.12400467693805695
0.16741544008255005
-0.13406503200531006
-0.13349629938602448
-0.03943069279193878
0.13494057953357697
-0.4057471752166748
-0.10292568057775497
-0.2865923345088959
-0.00617118738591671
0.051878660917282104
-0.03684953227639198
0.09552279859781265
-0.04169256612658501
0.13810263574123383
-0.016265271231532097
-0.16688436269760132
-0.14337322115898132
0.1105579137802124
0.043325815349817276
0.2813180387020111
-0.1491663008928299
-0.26190051436424255
0.12569963932037354
-0.05686160922050476
0.05340554192662239
0.0689581036567688
0.14449036121368408
-0.21009483933448792
0.12091708928346634
0.06190070882439613
-0.12161144614219666
-0.09382013231515884
-0.010202995501458645
-0.1407179832458496
-0.18779636919498444
-0.009502067230641842
0.04998992756009102
0.2812657058238983
0.09229359775781631
0.03264998644590378
-0.059422191232442856
-0.3335185945034027
-0.11401965469121933
-0.04589464142918587
0.08454187214374542
0.057621970772743225
0.013976814225316048
0.10561666637659073
-0.03469424694776535
-0.031284067779779434
0.023401709273457527
0.13409940898418427
-0.11561688035726547
-0.05500637739896774
-0.01731819100677967
-0.10810539126396179
-0.0952715277671814
0.17492879927158356
-0.23707285523414612
0.18094497919082642
-0.0011245586210861802
-0.24346600472927094
-0.006674149539321661
-0.01576491817831993
-0.10754156857728958
0.10498961061239243
-0.027719229459762573
-0.16052456200122833
0.13667304813861847
-0.054701510816812515
-0.01759761944413185
-0.1550748646259308
0.22004565596580505
-0.002312758471816778
-0.02170816995203495
0.03872387856245041
0.027638165280222893
-0.17541630566120148
0.06939531862735748
0.059509240090847015
0.010730063542723656
0.012181422673165798
-0.17104803025722504
0.20380201935768127
0.08683980256319046
-0.0971408262848854
-0.12659136950969696
-0.02968403324484825
-0.07617472857236862
-0.12968847155570984
0.042056623846292496
-0.1320538967847824
-0.2017548382282257
-0.11443067342042923
-0.10501443594694138
-0.05357678234577179
0.06572572141885757
0.2393951714038849
-0.01866058260202408
-0.1004849523305893
0.09511570632457733
0.0949203297495842
0.044312071055173874
0.02665531635284424
0.062189407646656036
-0.07394503057003021
-0.04329773783683777
0.0966668576002121
-0.3225383460521698
-0.4357382357120514
-0.13605214655399323
-0.08754453808069229
-0.2605800926685333
0.24064889550209045
0.11159897595643997
0.04720292240381241
-0.0577048696577549
0.01605094037950039
0.04771356284618378
-0.000534909195266664
-0.16516928374767303
-0.3163008689880371
-0.130986750125885
-0.11162362992763519
-0.24857908487319946
-0.026653200387954712
0.15779489278793335
-0.3087144196033478
-0.0637834370136261
-0.2167731076478958
-0.07145263999700546
-0.0397014245390892
-0.12999849021434784
-0.11300304532051086
0.086086206138134
0.01273336447775364
-0.08746764808893204
-0.010694697499275208
0.057806357741355896
0.095520980656147
-0.2646503448486328
0.26140427589416504
0.07519156485795975
-0.06036698445677757
0.03320031985640526
-0.002811148762702942
-0.281781941652298
-0.07785609364509583
-0.17573672533035278
0.15080668032169342
-0.14507757127285004
-0.018110601231455803
-0.07965939491987228
-0.11575892567634583
0.24875785410404205
0.08736377209424973
0.01787247322499752
-0.0047007654793560505
-0.13465677201747894
-0.11946818232536316
0.08652649819850922
-0.10681682080030441
0.04921194165945053
-0.16032490134239197
0.01991184614598751
0.11679466813802719
-0.0010000066831707954
0.025263067334890366
-0.030834192410111427
-0.1426411271095276
-0.18910007178783417
0.06368210911750793
-0.05763023719191551
0.08688770234584808
0.08608143031597137
-0.1691519170999527
0.2329169511795044
-0.1766768991947174
-0.0032373107969760895
-0.1463138610124588
0.14432011544704437
-0.04770403727889061
-0.09550902992486954
0.04369833320379257
-0.02707216516137123
-0.11255285888910294
-0.14708754420280457
-0.03154858201742172
-0.07115533947944641
-0.04218001663684845
-0.14756716787815094
-0.14494003355503082
-0.07391444593667984
-0.05855855345726013
0.033725086599588394
0.035081539303064346
0.04470917209982872
-0.11146131157875061
0.03831199184060097
0.07611099630594254
-0.19310380518436432
0.027926627546548843
-0.1526241898536682
0.044617824256420135
0.006906358990818262
-0.06408274173736572
-0.06626191735267639
0.04219771921634674
0.06097159534692764
-0.20870982110500336
0.05680565536022186
-0.18064360320568085
-0.2096034735441208
-0.029062757268548012
0.08235549181699753
-0.03665044903755188
0.08684620261192322
-0.08613438159227371
-0.006879907567054033
-0.08215929567813873
-0.14051060378551483
-0.04897473007440567
-0.0017613578820601106
-0.020261870697140694
0.11944086849689484
0.06600339710712433
-0.12014306336641312
0.08168907463550568
-0.19076597690582275
0.050341952592134476
-0.10432568937540054
0.04635408893227577
-0.0710800290107727
-0.03678606450557709
-0.168563574552536
-0.19675034284591675
0.11077939718961716
0.00997630413621664
-0.04359937086701393
-0.1393047571182251
-0.12276811897754669
-0.055977631360292435
-0.05378381162881851
-0.07235419750213623
-0.14718113839626312
0.004589330870658159
-0.01921948790550232
-0.14686687290668488
-0.08933159708976746
-0.029263608157634735
-0.11759096384048462
-0.19163648784160614
-0.16868619620800018
-0.009095710702240467
-0.06706011295318604
0.0641685277223587
-0.11661340296268463
0.0366022102534771
-0.10836121439933777
0.0690767765045166
-0.008767339400947094
0.16875217854976654
-0.07504954189062119
-0.15676720440387726
-0.011752001941204071
-0.15706507861614227
-0.21729837357997894
-0.05861634388566017
-0.09440428018569946
-0.0019138487987220287
-0.05830761790275574
0.01799231953918934
-0.050641730427742004
-0.09620314836502075
-0.040039144456386566
-0.01645064912736416
-0.14053240418434143
-0.18667906522750854
-0.1142386943101883
0.0524202361702919
-0.07073184102773666
0.05297621712088585
0.017615610733628273
0.03301667049527168
-0.018390219658613205
-0.06987626850605011
-0.10352922230958939
0.012720199301838875
0.15373747050762177
-0.10812817513942719
0.17679502069950104
0.08033664524555206
0.20025309920310974
-0.00399173004552722
-0.20110653340816498
0.07581136375665665
0.08915161341428757
0.062081366777420044
-0.0812627375125885
-0.07603687793016434
0.026238445192575455
0.05887840315699577
-0.07139046490192413
-0.10495971143245697
0.2610059380531311
0.20129111409187317
0.21774329245090485
0.07062602788209915
-0.028050847351551056
-0.23722179234027863
0.12189725041389465
-0.012037684209644794
0.03139175847172737
-0.1597939282655716
0.0003475251724012196
-0.10767456889152527
-0.037441376596689224
0.008386506699025631
0.09834138303995132
-0.08523806184530258
0.03528684750199318
-0.06994267553091049
0.1472993940114975
0.04571634158492088
0.03725815564393997
0.0010562259703874588
0.11499521136283875
-0.08192899078130722
0.08723394572734833
-0.053258124738931656
-0.22039809823036194
-0.1207285076379776
0.12948988378047943
-0.1881808340549469
-0.09663397073745728
-0.06430863589048386
0.17975099384784698
-0.14858846366405487
0.21850243210792542
0.04226868227124214
-0.08798946440219879
0.06584285944700241
-0.031885888427495956
-0.1328401267528534
0.041654910892248154
-0.058983102440834045
-0.08175038546323776
0.04400269314646721
0.1180865690112114
-0.0980459675192833
-0.042493000626564026
0.09939173609018326
-0.10715299844741821
-0.024653539061546326
0.15091030299663544
0.16957032680511475
-0.008180448785424232
-0.2197086066007614
-0.321620911359787
0.08565235137939453
0.11684472858905792
-0.04319530725479126
-0.09033152461051941
-0.21076463162899017
-0.08628663420677185
0.1379932165145874
-0.17509131133556366
-0.034319568425416946
-0.15825867652893066
0.09397220611572266
0.03120937943458557
0.010541037656366825
-0.06526526808738708
0.21909986436367035
0.1609729826450348
-0.17292748391628265
-0.02469361014664173
0.06919541209936142
0.14176306128501892
0.15918728709220886
0.006652194540947676
0.07991958409547806
-0.21835222840309143
0.27891647815704346
0.11829612404108047
-0.14452560245990753
-0.09009405225515366
0.08389359712600708
0.11629858613014221
0.03517615422606468
-0.0009247637935914099
0.1742876023054123
-0.10480127483606339
0.14478810131549835
-0.15900814533233643
0.09332729130983353
-0.22351762652397156
-0.07141473144292831
0.13863444328308105
-0.10804423689842224
-0.00511131202802062
-0.12751910090446472
-0.1240687370300293
-0.05563097447156906
0.028453171253204346
-0.06815721839666367
0.15750980377197266
-0.35835084319114685
0.016291659325361252
-0.05506119504570961
0.036353759467601776
-0.031106136739253998
0.052941497415304184
0.18612952530384064
0.07012926787137985
-0.2025086134672165
0.029180476441979408
0.07884205132722855
-0.2032703161239624
0.23122859001159668
-0.1145736426115036
-0.03188270702958107
-0.0735679641366005
-0.15936046838760376
0.0019494369626045227
-0.1364826112985611
-0.04658517614006996
0.04477432370185852
-0.0021308823488652706
-0.005771983880549669
0.0649385154247284
0.039413340389728546
0.061364658176898956
0.029999401420354843
-0.005445937160402536
0.017280496656894684
-0.020904026925563812
-0.1358000636100769
-0.048714328557252884
0.09861885011196136
-0.10784406960010529
0.08216545730829239
-0.1822480708360672
-0.1392398625612259
-0.10411868989467621
0.10853244364261627
-0.03358980268239975
-0.031009769067168236
-0.031483061611652374
-0.03658339008688927
0.0360475555062294
-0.08584815263748169
-0.12073221057653427
-0.019354110583662987
0.003998246043920517
0.04941263049840927
-0.14094994962215424
-0.135114848613739
-0.1610632687807083
-0.17666314542293549
0.0608065202832222
-0.0728936716914177
-0.13032352924346924
-0.09148751199245453
0.025499792769551277
-0.06452390551567078
0.0730070248246193
-0.09816154837608337
0.017913784831762314
-0.0807749480009079
0.08268328756093979
-0.13475067913532257
0.11009425669908524
-0.13939225673675537
0.07464735209941864
-0.059583306312561035
-0.11625011265277863
-0.07046172022819519
-0.21660853922367096
-0.1503721922636032
0.0792970210313797
-0.07400817424058914
-0.04702359810471535
0.07106852531433105
-0.07549473643302917
0.11340730637311935
-0.09649419784545898
-0.09948718547821045
-0.15662777423858643
0.06605961918830872
-0.19035081565380096
-0.1968824416399002
-0.09472920000553131
-0.12187905609607697
-0.20131948590278625
0.10067837685346603
-0.15724913775920868
0.0639653280377388
0.14460335671901703
-0.063663549721241
0.08698834478855133
-0.03779721260070801
0.06030638515949249
-0.18912088871002197
0.09690139442682266
-0.18369704484939575
-0.006154611706733704
-0.010918055661022663
-0.15771596133708954
-0.00954707432538271
0.057063814252614975
0.0547921359539032
-0.061245422810316086
0.03389798477292061
-0.15193715691566467
-0.07048102468252182
0.10235536098480225
-0.043477900326251984
-0.19059887528419495
0.16375714540481567
0.018750997260212898
-0.17967624962329865
0.04444185644388199
-0.06616940349340439
-0.05113353580236435
-0.01570640504360199
-0.1437036246061325
-0.0023150804918259382
-0.056438934057950974
0.024601692333817482
0.04245935007929802
0.09250612556934357
-0.01847510226070881
-0.04142302647233009
-0.09460927546024323
0.10076745599508286
-0.02842060849070549
0.010325867682695389
0.13520383834838867
-0.10576510429382324
-0.013854826800525188
0.039452873170375824
-0.059774499386548996
-0.15657877922058105
-0.12647366523742676
-0.15423926711082458
-0.09989021718502045
-0.18696217238903046
0.05514964461326599
0.16657912731170654
0.01057122927159071
-0.027808012440800667
-0.013410673476755619
0.032942913472652435
-0.1281488537788391
-0.03974500671029091
0.08221681416034698
0.1614551544189453
0.1302855759859085
0.12336218357086182
0.005299132317304611
0.056466422975063324
-0.21339008212089539
-0.05707903951406479
-0.1159556657075882
-0.045535873621702194
0.002992420457303524
-0.19685840606689453
0.07766954600811005
-0.1563444286584854
-0.11271483451128006
-0.1742325872182846
-0.09868675470352173
0.05580313876271248
-0.06405013054609299
-0.05847621336579323
-0.013480808585882187
0.09610435366630554
0.10245507955551147
-0.06269959360361099
-0.19609661400318146
0.07702624797821045
0.062086690217256546
-0.10686735063791275
0.025597788393497467
-0.13309118151664734
0.05345010757446289
0.07194607704877853
0.03526913374662399
0.0015840157866477966
-0.09973017871379852
0.0006506507052108645
0.06233769655227661
-0.06284472346305847
-0.1659044623374939
-0.08874297887086868
0.12139478325843811
-0.1808849275112152
-0.042510416358709335
-0.022879304364323616
-0.13708649575710297
-0.03734979405999184
0.1914229393005371
0.044331252574920654
-0.1640300750732422
-0.034870464354753494
0.046878792345523834
0.04378898814320564
-0.16322295367717743
-0.15780912339687347
-0.07314447313547134
0.041655201464891434
0.07117243856191635
-0.04428466036915779
0.09073249995708466
-0.14391714334487915
0.014984207227826118
-0.11147239804267883
0.027257798239588737
-0.0882992297410965
0.06853612512350082
0.0592506118118763
0.08144065737724304
-0.08506608009338379
-0.09694398939609528
-0.001261657802388072
-0.004797993693500757
0.2186792641878128
-0.06069843843579292
0.045303281396627426
0.0007195614743977785
-0.1883752942085266
-0.11759845167398453
-0.07910346239805222
-0.1531965136528015
0.07263623923063278
-0.16812878847122192
-0.15238435566425323
0.08230269700288773
-0.14206117391586304
-0.07960096001625061
0.18744488060474396
0.05569473281502724
-0.13583043217658997
0.07725322246551514
0.13055358827114105
0.0008622243767604232
-0.017252285033464432
-0.11363262683153152
0.062001314014196396
-0.07502790540456772
-0.04167546331882477
-0.15033765137195587
0.12869511544704437
-6.508232036139816e-05
0.04927677661180496
-0.19016213715076447
-0.13029056787490845
-0.10310573130846024
-0.05567051097750664
-0.19381478428840637
0.058247506618499756
-0.10861197113990784
-0.1103699579834938
0.13351300358772278
-0.024938231334090233
0.12133976072072983
-0.010424420237541199
0.08835013210773468
-0.14842113852500916
0.006338862236589193
-0.07296863198280334
0.030261723324656487
0.05346591770648956
0.07868988066911697
0.12785010039806366
0.11104656755924225
-0.06540475785732269
0.09775695949792862
-0.11159512400627136
-0.058787982910871506
-0.015344402752816677
0.06524829566478729
0.07296335697174072
-0.0037026589270681143
-0.14661270380020142
0.09290748089551926
-0.04656602069735527
0.027318501845002174
0.020434435456991196
-0.10463738441467285
0.0031202444806694984
-0.14630772173404694
-0.06882836669683456
0.07319426536560059
-0.11372155696153641
-0.017238423228263855
0.03554174676537514
0.04791616275906563
0.09694360941648483
-0.06772606819868088
-0.12907159328460693
-0.05849122256040573
-0.06910403817892075
0.08860623836517334
-0.02498946152627468
0.059807438403367996
0.04059872031211853
-0.13144554197788239
-0.0013810856034979224
0.06475778669118881
0.07297763228416443
0.041095029562711716
-0.04347526282072067
0.10754799097776413
0.07592912018299103
-0.0137755386531353
-0.24101275205612183
0.03432440012693405
0.08363376557826996
-0.11650840938091278
-0.10448740422725677
-0.060369350016117096
-0.013704665005207062
0.10288205742835999
-0.07851426303386688
-0.03719669580459595
0.029146676883101463
0.029363619163632393
0.09227093309164047
0.07728498429059982
0.07580240815877914
0.03334594517946243
0.09548931568861008
-0.01628844067454338
0.07669419795274734
0.06659337133169174
-0.17526862025260925
0.1187959760427475
0.005931345745921135
-0.08173870295286179
-0.08088638633489609
0.07335542142391205
-0.10833673924207687
0.06832653284072876
-0.039161428809165955
-0.04861962050199509
-0.0570751391351223
-0.01898953504860401
0.1708822250366211
-0.11548120528459549
-0.08442694693803787
-0.11931943893432617
-0.17830738425254822
-0.10276231169700623
-0.036474455147981644
-0.04574556648731232
-0.19213174283504486
-0.05811350792646408
-0.009174062870442867
0.06822223961353302
0.04852782189846039
0.05603809654712677
-0.12844140827655792
-0.03232859820127487
-0.17198842763900757
0.1492556929588318
0.138682559132576
0.14986306428909302
0.057396963238716125
-0.106458380818367
-0.06678011268377304
-0.1355651170015335
-0.04293900355696678
0.08855703473091125
-0.08503872156143188
-0.01613888517022133
0.16666777431964874
0.09098055213689804
-0.12964612245559692
-0.016497112810611725
-0.25211209058761597
0.07290272414684296
-0.04246073588728905
-0.2784160077571869
0.017962180078029633
-0.030819280073046684
-0.0022090731654316187
-0.06835690140724182
0.0637444257736206
-0.25548332929611206
-0.12326034903526306
0.02753499336540699
-0.008666075766086578
0.08795098960399628
0.048413053154945374
0.05023694410920143
-0.06941649317741394
-0.027893327176570892
-0.185245543718338
0.001360356924124062
-0.0550527349114418
0.05960322916507721
-0.016588013619184494
-0.038146745413541794
-0.08056549727916718
-0.10462957620620728
0.11299122869968414
0.012009741738438606
-0.16088955104351044
-0.13018733263015747
0.01688382215797901
-0.20387513935565948
0.07652254402637482
0.14699925482273102
-0.051186222583055496
-0.0595652274787426
-0.12910185754299164
-0.1950996369123459
0.0006472566165030003
-0.0984034314751625
-0.08165545761585236
0.02288108505308628
0.007337814196944237
-0.026405805721879005
-0.06155838444828987
-0.05099762976169586
-0.04207523912191391
-0.08345261961221695
-0.2608974277973175
-0.041757456958293915
-0.13798055052757263
0.012209626846015453
-0.15182793140411377
0.07939048856496811
-0.08001476526260376
0.09475956112146378
-0.008237574249505997
-0.16893653571605682
-0.019265463575720787
0.09214817732572556
0.0687042698264122
0.043029751628637314
-0.13910479843616486
-0.10356304049491882
-0.10317930579185486
0.0835799127817154
0.07974421232938766
-0.0713573545217514
-0.2611280083656311
0.033581946045160294
-0.022232303395867348
-0.08189275115728378
-0.031808529049158096
-0.007942497730255127
-0.0458923764526844
0.02588552050292492
0.02737526036798954
-0.07309772074222565
-0.0480971559882164
0.042549017816782
-0.14320236444473267
0.026691753417253494
-0.062078531831502914
-0.03289446607232094
0.05889475718140602
0.02979598194360733
0.13115116953849792
-0.08699069917201996
-0.17167727649211884
-0.07884033024311066
-0.044884540140628815
-0.24203048646450043
-0.18034124374389648
-0.08853127807378769
-0.08294360339641571
-0.05755675956606865
0.12828651070594788
-0.20327268540859222
-0.2647596597671509
-0.010666454210877419
-0.12479735910892487
-0.02467554621398449
-0.17846807837486267
0.060104865580797195
-9.753314225235954e-05
-0.06165875867009163
0.03691745549440384
0.1211039125919342
0.05423988774418831
-0.14687468111515045
0.0003307288861833513
0.029895460233092308
0.18947431445121765
-0.2769714593887329
-0.07649451494216919
0.043607745319604874
-0.16482828557491302
-0.0637800469994545
-0.09204409271478653
0.07339899241924286
0.021603720262646675
-0.14899134635925293
-0.14876042306423187
-0.12922416627407074
-0.016800761222839355
0.05043498054146767
-0.2605634927749634
-0.15015345811843872
0.08344089984893799
0.02736840583384037
0.08907461911439896
-0.22599641978740692
0.008912216871976852
-0.08506310731172562
0.02834087237715721
-0.09978591650724411
-0.07373866438865662
0.02552521415054798
-0.11868704110383987
-0.03250585496425629
-0.017606042325496674
-0.16389942169189453
-0.09330131858587265
0.06684453040361404
-0.06419316679239273
0.10173005610704422
-0.05250278487801552
0.17671214044094086
-0.04081201180815697
-0.03174576163291931
0.03792131692171097
-0.09472742676734924
-0.12433964014053345
-0.008109799586236477
-0.10590752959251404
-0.10717497766017914
0.08984078466892242
0.047125887125730515
0.05847811698913574
0.1459856629371643
0.10734360665082932
0.00021752840257249773
-0.1062360554933548
-0.2239852398633957
-0.16190163791179657
0.003403470851480961
0.14784567058086395
0.1466812789440155
-0.15913040935993195
0.0767330452799797
-0.11921478807926178
0.041620880365371704
-0.12521226704120636
-0.03444942831993103
0.13327719271183014
-0.15615664422512054
-0.11529659479856491
0.08173318952322006
0.1462000161409378
-0.1338011920452118
-0.09878705441951752
-0.06899576634168625
0.044751230627298355
-0.11286191642284393
0.00942905806005001
-0.020087581127882004
0.1383303850889206
0.15483950078487396
0.10801824927330017
-0.09406857192516327
-0.07077514380216599
0.02750001847743988
-0.1141660287976265
-0.15145759284496307
0.0035054972395300865
0.001101178233511746
0.16852396726608276
-0.005585885606706142
-0.05684896931052208
-0.1066545620560646
-0.06462667882442474
-0.038338802754879
-0.07329826802015305
0.010393808595836163
-0.21013011038303375
0.017521878704428673
-0.13670632243156433
-0.006739161442965269
-0.3663433790206909
-0.08740175515413284
0.12344193458557129
-0.14851056039333344
-0.06494726985692978
-0.17182421684265137
-0.21895331144332886
-0.06866192817687988
-0.029876230284571648
-0.13468661904335022
0.07051809132099152
0.11603701114654541
0.02953207679092884
0.03707104176282883
0.1530245989561081
-0.01834246888756752
0.09012589603662491
0.06866545975208282
-0.2498803585767746
-0.09101881831884384
-0.07710272073745728
0.02242768183350563
0.19656731188297272
-0.19488829374313354
-0.1270490139722824
-0.26929226517677307
0.2939634621143341
0.1411917358636856
0.06751677393913269
0.07396411150693893
-0.05481436476111412
-0.03489966318011284
-0.030595676973462105
-0.011727972887456417
-0.014814666472375393
-0.18986597657203674
-0.07252699881792068
-0.14001156389713287
-0.06317944079637527
0.1731712818145752
0.04404737055301666
0.008539209142327309
-0.07861196249723434
0.0341460220515728
0.028171472251415253
-0.0654216781258583
0.008614834398031235
-0.21801400184631348
0.17148806154727936
-0.24336731433868408
0.19927451014518738
-0.23209919035434723
-0.23756267130374908
0.0637870505452156
-0.07651195675134659
0.08473249524831772
-0.21437829732894897
-0.06353934109210968
-0.053784072399139404
-0.05655882507562637
0.03544851765036583
-0.06419744342565536
-0.09532515704631805
0.16039927303791046
-0.08045664429664612
0.11404171586036682
0.02826455608010292
-0.08807799965143204
-0.14432121813297272
-0.040161095559597015
0.1402031034231186
0.13025860488414764
-0.1507345587015152
-0.08226142823696136
0.08106506615877151
-0.04915950447320938
0.08186154812574387
0.013784334994852543
0.0057843150570988655
0.0975944995880127
-0.04065857455134392
-0.08026689291000366
-0.06798063218593597
0.13915656507015228
0.05506064370274544
-0.16663193702697754
0.19229871034622192
-0.05859997868537903
-0.17747391760349274
-0.09436413645744324
0.11498130857944489
-0.015747319906949997
0.11998877674341202
-0.09361875057220459
-0.04865306615829468
0.10741348564624786
-0.21398766338825226
-0.04865586385130882
-0.08185707777738571
-0.11762845516204834
-0.19014900922775269
-0.18090197443962097
0.2061740905046463
-0.18068988621234894
-0.2096342146396637
-0.12318399548530579
-0.11771117150783539
0.02708497829735279
-0.11149284988641739
0.041162848472595215
-0.02304268442094326
-0.049827028065919876
0.16126848757266998
-0.042870406061410904
-0.055790115147829056
-0.41066092252731323
0.019254349172115326
-0.014905838295817375
-0.0037827088963240385
-0.03577372804284096
-0.17130708694458008
0.04974495619535446
-0.04428379610180855
0.1811208575963974
-0.054671332240104675
-0.24159745872020721
-0.01920117624104023
-0.0636349692940712
0.12600956857204437
0.10680966079235077
0.014803987927734852
0.044278524816036224
0.2295336276292801
-0.15292340517044067
0.1811451017856598
-0.21749064326286316
0.13096944987773895
-0.1133747398853302
0.21901975572109222
0.24892517924308777
0.027971507981419563
-0.2298085242509842
0.012567871250212193
0.10607122629880905
0.0007857420132495463
0.09638576209545135
-0.07636105269193649
0.21924713253974915
0.07502547651529312
-0.03722187876701355
-0.003144624875858426
-0.09226404130458832
0.1608411818742752
-0.03278585523366928
0.17932219803333282
-0.2909461557865143
-0.06885094940662384
0.012475801631808281
-0.07381455600261688
0.05919383093714714
-0.07950040698051453
-0.21935757994651794
-0.06205487996339798
-0.11371616274118423
-0.08391113579273224
-0.14770445227622986
0.053907860070466995
-0.2280300110578537
0.03554703667759895
-0.030585963279008865
0.19406354427337646
0.11478972434997559
-0.03372427076101303
0.11352167278528214
-0.1360654979944229
-0.08632811158895493
0.2514098286628723
-0.007113076746463776
0.0652320384979248
-0.3742527961730957
-0.010259225964546204
0.18423040211200714
-0.062061410397291183
-0.13418139517307281
-0.0186881422996521
0.11172135919332504
0.06295644491910934
-0.1099526435136795
-0.08871816098690033
0.10289774090051651
-0.028779789805412292
0.039527297019958496
-0.13342241942882538
-0.051383644342422485
0.09993857145309448
0.059250786900520325
0.052675481885671616
0.04629874229431152
-0.013557370752096176
0.14031457901000977
-0.17455457150936127
0.12035208940505981
-0.026626871898770332
-0.021383939310908318
0.10886044055223465
-0.15971794724464417
0.02520189993083477
-0.013782576657831669
0.2275853008031845
-0.044489916414022446
0.08743928372859955
-0.029030214995145798
-0.07431066036224365
0.02231462486088276
0.06352891027927399
-0.12718354165554047
0.06659046560525894
-0.1422923058271408
0.008666078560054302
0.09551016986370087
-0.06710109859704971
0.21079546213150024
0.08558441698551178
0.15521259605884552
-0.12110928446054459
0.1134578138589859
-0.26800301671028137
0.08266989141702652
0.05768508091568947
-0.07798242568969727
-0.02619241550564766
-0.022367948666214943
0.04050580784678459
0.03866695985198021
-0.2418573647737503
-0.10533121228218079
-0.06416395306587219
0.13450807332992554
-0.17172889411449432
0.06259949505329132
-0.030575226992368698
-0.06461873650550842
-0.05331678315997124
-0.09542587399482727
0.03640841320157051
-0.03952254727482796
-0.19872832298278809
-0.002561001107096672
0.149496927857399
-0.04768655076622963
0.1253681629896164
-0.017672516405582428
0.07307062298059464
-0.209238663315773
-0.16276849806308746
-0.1174408346414566
0.07711495459079742
0.1191103532910347
0.03941837325692177
-0.0031786097679287195
-0.052604034543037415
0.16211853921413422
-0.2254527062177658
-0.030586611479520798
0.10350184142589569
-0.0817328467965126
0.17307060956954956
0.03622863069176674
-0.10975980758666992
0.09483625739812851
-0.04625527933239937
-0.006700002588331699
-0.16576078534126282
-0.10250474512577057
-0.15015126764774323
-0.10027007013559341
-0.07623527944087982
0.09617185592651367
0.08063576370477676
0.08891066908836365
-0.06439613550901413
0.16992779076099396
0.09390775114297867
-0.001573862973600626
-0.27557843923568726
0.08062252402305603
0.13939909636974335
-0.04343046993017197
-0.03065396659076214
0.07545574754476547
-0.12523096799850464
-0.2278352677822113
-0.0912637785077095
-0.04273402690887451
0.11908911913633347
0.17202889919281006
-0.026591995730996132
-0.11026933789253235
-0.16668713092803955
-0.19602961838245392
0.09981860220432281
0.06125043332576752
-0.10124573856592178
-0.10926941782236099
0.052116964012384415
-0.10768989473581314
-0.04980747401714325
0.0267165694385767
-0.1254766881465912
-0.14627386629581451
0.04316730052232742
-0.2783193588256836
-0.019013922661542892
0.01671200804412365
-0.015516379848122597
-0.17549477517604828
0.004824311938136816
-0.03313087299466133
0.04877310246229172
0.10815862566232681
-0.27797213196754456
0.10637971013784409
-0.05102987959980965
-0.04041294753551483
0.08038734644651413
0.06024869903922081
0.04913977161049843
0.0067209829576313496
0.16951321065425873
0.06018970534205437
-0.06313169747591019
-0.15976972877979279
0.04036521539092064
-0.034669455140829086
-0.11628285050392151
0.09644191712141037
-0.23082993924617767
0.11259946972131729
0.0739075094461441
0.05462558940052986
0.0007283453014679253
0.037207942456007004
-0.1744481474161148
-0.053357142955064774
0.10722877085208893
-0.06633170694112778
-0.040331918746232986
0.058958906680345535
0.08622641861438751
0.058933671563863754
0.05557490140199661
0.09705071151256561
0.0377965122461319
-0.057423315942287445
0.025940582156181335
0.1462661325931549
-0.15648721158504486
-0.17400327324867249
-0.16315168142318726
-0.09674693644046783
0.2223118543624878
-0.14348594844341278
-0.11924020200967789
-0.03974076360464096
-0.35392633080482483
0.07459226250648499
-0.04108502343297005
0.005969502963125706
-0.1663593053817749
0.036131370812654495
-0.014634329825639725
0.017226051539182663
0.03023696504533291
-0.36543095111846924
0.006033378187566996
0.0822257325053215
-0.2308395504951477
0.040948495268821716
-0.19435130059719086
-0.0015562010230496526
-0.2058454006910324
-0.04352172091603279
-0.08350364118814468
0.05550083890557289
-0.17338526248931885
-0.13660524785518646
-0.1908527910709381
-0.16883601248264313
0.05810074880719185
-0.05479669198393822
-0.060348086059093475
-0.13830631971359253
0.08150986582040787
-0.037600889801979065
0.15820786356925964
0.025335824117064476
-0.1755276322364807
0.004119104705750942
0.15774986147880554
-0.012368744239211082
-0.16243170201778412
0.033808816224336624
0.03622032701969147
0.10114466398954391
0.05174602195620537
-0.045554157346487045
-0.18163049221038818
-0.1256292164325714
-0.018121235072612762
-0.1463797688484192
0.16807596385478973
0.06928415596485138
0.23680010437965393
-0.038092754781246185
-0.052222009748220444
-0.0643317848443985
0.18139472603797913
0.10031479597091675
0.07690353691577911
-0.06536366045475006
-0.09754864871501923
0.02113153040409088
0.015278049744665623
-0.008016077801585197
-0.1838044673204422
-0.021386565640568733
-0.09419940412044525
0.08087635040283203
-0.19132080674171448
-0.05319783464074135
-0.22871917486190796
-0.14137662947177887
-0.09538836032152176
-0.07606462389230728
0.23998497426509857
-0.14352764189243317
-0.05950916185975075
-0.21688967943191528
0.03668750077486038
-0.007762637455016375
-0.27132171392440796
-0.06133326515555382
-0.14227807521820068
-0.12725305557250977
-0.008538927882909775
-0.2352147102355957
-0.09027071297168732
-0.0776912122964859
-0.07826075702905655
0.1657370775938034
-0.2639225721359253
0.13429881632328033
0.03444918617606163
-0.1397494226694107
-0.021338898688554764
-0.0984576940536499
-0.002542715985327959
-0.051107898354530334
0.060567889362573624
0.03947614133358002
-0.06934363394975662
-0.08973238617181778
-0.04394282028079033
-0.10726528614759445
0.0528402179479599
-0.033059440553188324
0.03518601134419441
-0.04354793578386307
0.08505966514348984
-0.17480607330799103
0.04270869120955467
-0.032873790711164474
-0.0931677520275116
-0.006626231130212545
0.005228855647146702
0.21585817635059357
-0.20574064552783966
-0.10532844066619873
0.06943920999765396
-0.01784052513539791
-0.04801204428076744
-0.12576493620872498
-0.077699214220047
0.039523106068372726
-0.0846913754940033
0.11212729662656784
0.10736121982336044
0.13145406544208527
0.08536770939826965
0.08372951298952103
0.09678108990192413
0.06546767801046371
-0.11023448407649994
0.19070298969745636
0.06218067929148674
0.09021236002445221
0.1321570873260498
-0.07269727438688278
-0.029489194974303246
0.03243550658226013
-0.0843716710805893
-0.08615398406982422
0.3077407479286194
0.05238007754087448
0.06601423770189285
-0.05072249472141266
-0.11031223088502884
0.22446440160274506
0.12603019177913666
0.06554950773715973
0.1709752231836319
-0.023319803178310394
-0.05224549397826195
0.08119485527276993
0.03580806776881218
0.06953030824661255
-0.1254846602678299
-0.08510137349367142
0.05821261554956436
-0.10678122937679291
-0.12620539963245392
-0.009900622069835663
-0.05533817037940025
-0.11394231021404266
-0.011802413500845432
0.07546146214008331
-0.025570159777998924
0.08729185163974762
0.18783561885356903
-0.15915146470069885
0.20602281391620636
0.023932747542858124
-0.011030278168618679
-0.10018052160739899
-0.006135392468422651
-0.14112026989459991
-0.014085361734032631
0.14141276478767395
0.04153978079557419
-0.11476406455039978
-0.02225675620138645
-0.03695821762084961
0.23619937896728516
0.19463449716567993
-0.09761258214712143
-0.025302691385149956
-0.005423372145742178
0.029158245772123337
0.025649556890130043
0.09140631556510925
-0.14808084070682526
-0.07236064970493317
-0.059192828834056854
-0.04155949503183365
-0.20988237857818604
0.16816698014736176
-0.11277596652507782
-0.031747400760650635
0.10799645632505417
-0.1078438013792038
0.16155172884464264
0.06479669362306595
-0.08198851346969604
-0.06357960402965546
0.21948003768920898
0.08501343429088593
0.19711963832378387
0.05341022089123726
0.011680969037115574
0.12852917611598969
0.09131724387407303
-0.002333207754418254
-0.05012614279985428
0.18131470680236816
0.12894698977470398
0.24507924914360046
0.0925804004073143
-0.1676221489906311
-0.01812591403722763
0.17658120393753052
-0.023930778726935387
0.1552075743675232
-0.10264864563941956
-0.12752696871757507
-0.14186613261699677
0.0020776346791535616
0.07365409284830093
0.1133253276348114
0.1312573105096817
-0.002014509402215481
-0.10668232291936874
0.08412240445613861
0.07684527337551117
0.02399771474301815
0.20006611943244934
0.07842473685741425
0.09894687682390213
0.043876487761735916
0.2016388177871704
0.18875537812709808
0.10529587417840958
0.08105851709842682
-0.024116646498441696
0.07070226222276688
0.05723172053694725
0.11517400294542313
0.09294557571411133
0.10220837593078613
0.15785250067710876
0.03160826489329338
0.06373969465494156
0.07792600244283676
0.06857076287269592
0.16863590478897095
0.11056771874427795
0.15841609239578247
-0.09045916795730591
0.11610695719718933
-0.5799857974052429
-0.17920520901679993
0.045879390090703964
0.01557734701782465
0.07745923101902008
0.021366462111473083
-0.04156559333205223
0.18173529207706451
0.1339784562587738
-0.1326034814119339
0.05278254672884941
-0.22224527597427368
0.012714860029518604
-0.08491706103086472
-0.13259321451187134
-0.006404415238648653
-0.14010830223560333
-0.1504516750574112
-0.028883257880806923
-0.17732319235801697
-0.37403637170791626
0.1196591705083847
-0.0004387599474284798
0.174343541264534
-0.11149489879608154
0.04079219698905945
0.07237507402896881
0.022082176059484482
-0.1260177195072174
-0.09528273344039917
0.17713293433189392
-0.15706224739551544
-0.1445496529340744
0.04936430603265762
-0.033510722219944
-0.13406935334205627
0.01672712154686451
-0.15470457077026367
-0.11270389705896378
-0.086646668612957
-0.08094319701194763
0.053053393959999084
0.07445931434631348
0.07321163266897202
0.15828059613704681
0.16525110602378845
-0.04491919279098511
0.02938230335712433
-0.007591086905449629
-0.06977467983961105
0.1795995831489563
-0.05089196935296059
0.00735050393268466
0.08669526129961014
-0.08960405737161636
-0.09136068820953369
-0.17685449123382568
-0.052718739956617355
-0.05171789601445198
0.07498691231012344
-0.09560024738311768
0.15765085816383362
-0.4175047278404236
0.14416725933551788
-0.13318213820457458
0.20215009152889252
0.07308898121118546
0.13032075762748718
-0.03612218052148819
-0.008946878835558891
-0.01684235781431198
0.004293509293347597
0.04615704342722893
-0.15105219185352325
0.11923687905073166
0.048453621566295624
-0.01918051578104496
-0.03868147358298302
0.11797165870666504
0.09752346575260162
-0.09884663671255112
0.15809094905853271
0.0043354155495762825
0.08671946078538895
-0.22631724178791046
-0.14485467970371246
0.017428625375032425
0.016756804659962654
0.09120766073465347
0.1021106168627739
0.0024110309313982725
-0.09823538362979889
0.14981745183467865
0.15471406280994415
0.21664321422576904
-0.14410844445228577
0.020942866802215576
-0.02016015537083149
0.09621965885162354
0.12552505731582642
0.41610392928123474
-0.10581426322460175
0.12657402455806732
0.02348795160651207
0.19145435094833374
-0.18291382491588593
0.17219699919223785
-0.043348148465156555
0.16845524311065674
0.10974656790494919
-0.14838257431983948
-0.025181740522384644
0.04184471815824509
-0.016483493149280548
-0.26117226481437683
0.17262530326843262
-0.11939398944377899
-0.15205544233322144
0.04289817065000534
-0.10774589329957962
0.06538328528404236
0.011499053798615932
0.13545510172843933
0.17214961349964142
-0.10425355285406113
-0.03853863850235939
-0.3026053011417389
-0.032561179250478745
-0.11734357476234436
0.3672535717487335
-0.16573934257030487
-0.1319109946489334
0.15489289164543152
-0.2900392711162567
0.009355374611914158
-0.2564668357372284
-0.09977316111326218
-0.10794131457805634
0.14793001115322113
0.1965995877981186
0.14851944148540497
0.01613282412290573
0.1136641651391983
0.21588602662086487
-0.14593428373336792
0.039715565741062164
-0.13851229846477509
0.23195502161979675
-0.06752157211303711
0.25049588084220886
-0.09498365968465805
-0.11327124387025833
0.15261800587177277
-0.18032050132751465
-0.06412769854068756
-0.14762286841869354
0.028906360268592834
-0.21797682344913483
-0.1433809995651245
0.027768123894929886
0.06734070181846619
-0.11915294826030731
-0.007554704323410988
-0.17893174290657043
-0.103925921022892
-0.08803880214691162
0.11943791806697845
-0.11451364308595657
0.2828578054904938
0.0695229172706604
0.16959351301193237
-0.03006346896290779
-0.0676005631685257
-0.2234228253364563
-0.18743732571601868
-0.16281753778457642
0.027433916926383972
-0.10883238166570663
0.1317211240530014
-0.10929440706968307
-0.03085567243397236
0.36238837242126465
0.21669623255729675
0.16061155498027802
-0.09696055203676224
-0.20466645061969757
-0.010312306694686413
-0.030124112963676453
-0.09289910644292831
-0.18297509849071503
0.07962766289710999
0.2772175967693329
-0.10511375218629837
0.05806680768728256
0.13540923595428467
0.08055172115564346
-0.15625523030757904
0.13599109649658203
0.13865597546100616
0.14399707317352295
0.12076760083436966
-0.026296567171812057
0.19020234048366547
0.034890200942754745
-0.07417258620262146
-0.06022518873214722
0.09929776936769485
0.1935233771800995
-0.04883721470832825
0.05324617773294449
0.15777212381362915
0.07264788448810577
-0.21389926970005035
0.17630715668201447
-0.13464175164699554
-0.2618561089038849
0.02626488171517849
0.023652639240026474
0.09242425113916397
-0.025090323761105537
0.014335272833704948
0.050826143473386765
0.07900971174240112
0.10226360708475113
0.17917530238628387
-0.020942945033311844
